

Microchip MPLAB XC8 Assembler V2.45 build 20230818022343 
                                                                                               Tue Sep 24 22:53:36 2024

Microchip MPLAB XC8 C Compiler v2.45 (Free license) build 20230818022343 Og1 
     1                           	processor	18F46K20
     2                           	fnconf	rparam,??,?,0
     3                           	pagewidth 120
     4                           	opt	flic
     5                           	psect	smallconst,global,reloc=2,class=SMALLCONST,delta=1,noexec
     6                           	psect	nvCOMRAM,global,class=COMRAM,space=1,delta=1,lowdata,noexec
     7                           	psect	nvBANK0,global,class=BANK0,space=1,delta=1,lowdata,noexec
     8                           	psect	cinit,global,reloc=2,class=CODE,delta=1
     9                           	psect	bssCOMRAM,global,class=COMRAM,space=1,delta=1,lowdata,noexec
    10                           	psect	bssBANK0,global,class=BANK0,space=1,delta=1,lowdata,noexec
    11                           	psect	cstackBANK0,global,class=BANK0,space=1,delta=1,lowdata,noexec
    12                           	psect	cstackCOMRAM,global,class=COMRAM,space=1,delta=1,lowdata,noexec
    13                           	psect	text0,global,reloc=2,class=CODE,delta=1
    14                           	psect	text1,global,reloc=2,class=CODE,delta=1
    15                           	psect	text2,global,reloc=2,class=CODE,delta=1
    16                           	psect	text3,global,reloc=2,class=CODE,delta=1
    17                           	psect	text4,global,reloc=2,class=CODE,delta=1
    18                           	psect	text5,global,reloc=2,class=CODE,delta=1
    19                           	psect	text6,global,reloc=2,class=CODE,delta=1
    20                           	psect	text7,global,reloc=2,class=CODE,delta=1
    21                           	psect	text8,global,reloc=2,class=CODE,delta=1
    22                           	psect	text9,global,reloc=2,class=CODE,delta=1
    23                           	psect	text10,global,reloc=2,class=CODE,delta=1
    24                           	psect	text11,global,reloc=2,class=CODE,delta=1
    25                           	psect	text12,global,reloc=2,class=CODE,delta=1
    26                           	psect	text13,global,reloc=2,class=CODE,delta=1
    27                           	psect	text14,global,reloc=2,class=CODE,delta=1
    28                           	psect	text15,global,reloc=2,class=CODE,delta=1
    29                           	psect	text16,global,reloc=2,class=CODE,delta=1
    30                           	psect	text17,global,reloc=2,class=CODE,delta=1
    31                           	psect	text18,global,reloc=2,class=CODE,delta=1
    32                           	psect	text19,global,reloc=2,class=CODE,delta=1,inline
    33                           	psect	text20,global,reloc=2,class=CODE,delta=1,inline
    34                           	psect	text21,global,reloc=2,class=CODE,delta=1
    35                           	psect	text22,global,reloc=2,class=CODE,delta=1
    36                           	psect	text23,global,reloc=2,class=CODE,delta=1,inline
    37                           	psect	text24,global,reloc=2,class=CODE,delta=1
    38                           	psect	text25,global,reloc=2,class=CODE,delta=1,inline
    39                           	psect	text26,global,reloc=2,class=CODE,delta=1,inline
    40                           	psect	text27,global,reloc=2,class=CODE,delta=1,inline
    41                           	psect	intcode,global,reloc=2,class=CODE,delta=1
    42                           	psect	text29,global,reloc=2,class=CODE,delta=1
    43                           	psect	text30,global,reloc=2,class=CODE,delta=1,inline
    44                           	psect	text31,global,reloc=2,class=CODE,delta=1,inline
    45                           	psect	text32,global,reloc=2,class=CODE,delta=1
    46                           	psect	text33,global,reloc=2,class=CODE,delta=1
    47                           	psect	text34,global,reloc=2,class=CODE,delta=1
    48                           	psect	text35,global,reloc=2,class=CODE,delta=1
    49                           	psect	text36,global,reloc=2,class=CODE,delta=1
    50                           	psect	text37,global,reloc=2,class=CODE,delta=1
    51                           	psect	text38,global,reloc=2,class=CODE,delta=1
    52                           	psect	text39,global,reloc=2,class=CODE,delta=1
    53                           	psect	text40,global,reloc=2,class=CODE,delta=1
    54                           	psect	text41,global,reloc=2,class=CODE,delta=1
    55                           	psect	text42,global,reloc=2,class=CODE,delta=1
    56                           	psect	text43,global,reloc=2,class=CODE,delta=1
    57                           	psect	text44,global,reloc=2,class=CODE,delta=1
    58                           	psect	text45,global,reloc=2,class=CODE,delta=1
    59                           	psect	text46,global,reloc=2,class=CODE,delta=1
    60                           	psect	text47,global,reloc=2,class=CODE,delta=1
    61                           	psect	text48,global,reloc=2,class=CODE,delta=1,inline
    62                           	psect	text49,global,reloc=2,class=CODE,delta=1,inline
    63                           	psect	text50,global,reloc=2,class=CODE,delta=1,inline
    64                           	psect	text51,global,reloc=2,class=CODE,delta=1,inline
    65                           	psect	text52,global,reloc=2,class=CODE,delta=1,inline
    66                           	psect	text53,global,reloc=2,class=CODE,delta=1,inline
    67                           	psect	text54,global,reloc=2,class=CODE,delta=1,inline
    68                           	psect	text55,global,reloc=2,class=CODE,delta=1
    69                           	psect	text56,global,reloc=2,class=CODE,delta=1
    70                           	psect	text57,global,reloc=2,class=CODE,delta=1
    71                           	psect	text58,global,reloc=2,class=CODE,delta=1
    72                           	psect	text59,global,reloc=2,class=CODE,delta=1
    73                           	psect	text60,global,reloc=2,class=CODE,delta=1
    74                           	psect	text61,global,reloc=2,class=CODE,delta=1
    75                           	psect	text62,global,reloc=2,class=CODE,delta=1
    76                           	psect	text63,global,reloc=2,class=CODE,delta=1
    77                           	psect	text64,global,reloc=2,class=CODE,delta=1
    78                           	psect	text65,global,reloc=2,class=CODE,delta=1,inline
    79                           	psect	text66,global,reloc=2,class=CODE,delta=1,inline
    80                           	psect	intsave_regs,global,class=BIGRAM,space=1,delta=1,noexec
    81                           	psect	text67,global,reloc=2,class=CODE,delta=1,inline
    82                           	psect	rparam,global,class=COMRAM,space=1,delta=1,noexec
    83                           	psect	temp,global,ovrld,common,class=COMRAM,space=1,delta=1
    84                           	psect	config,global,abs,ovrld,class=CONFIG,space=4,delta=1,noexec
    85   000000                     
    86                           ; Generated 21/07/2023 GMT
    87                           ; 
    88                           ; Copyright © 2023, Microchip Technology Inc. and its subsidiaries ("Microchip")
    89                           ; All rights reserved.
    90                           ; 
    91                           ; This software is developed by Microchip Technology Inc. and its subsidiaries ("Microch
      +                          ip").
    92                           ; 
    93                           ; Redistribution and use in source and binary forms, with or without modification, are
    94                           ; permitted provided that the following conditions are met:
    95                           ; 
    96                           ;     1. Redistributions of source code must retain the above copyright notice, this lis
      +                          t of
    97                           ;        conditions and the following disclaimer.
    98                           ; 
    99                           ;     2. Redistributions in binary form must reproduce the above copyright notice, this 
      +                          list
   100                           ;        of conditions and the following disclaimer in the documentation and/or other
   101                           ;        materials provided with the distribution. Publication is not required when
   102                           ;        this file is used in an embedded application.
   103                           ; 
   104                           ;     3. Microchip's name may not be used to endorse or promote products derived from th
      +                          is
   105                           ;        software without specific prior written permission.
   106                           ; 
   107                           ; THIS SOFTWARE IS PROVIDED BY MICROCHIP "AS IS" AND ANY EXPRESS OR IMPLIED WARRANTIES,
   108                           ; INCLUDING, BUT NOT LIMITED TO, THE IMPLIED WARRANTIES OF MERCHANTABILITY AND FITNESS F
      +                          OR
   109                           ; PURPOSE ARE DISCLAIMED.  IN NO EVENT SHALL MICROCHIP BE LIABLE FOR ANY DIRECT, INDIREC
      +                          T,
   110                           ; INCIDENTAL, SPECIAL, EXEMPLARY, OR CONSEQUENTIAL DAMAGES (INCLUDING BUT NOT LIMITED TO
   111                           ; PROCUREMENT OF SUBSTITUTE GOODS OR SERVICES; LOSS OF USE, DATA OR PROFITS; OR BUSINESS
   112                           ; INTERRUPTION) HOWSOEVER CAUSED AND ON ANY THEORY OF LIABILITY, WHETHER IN CONTRACT, ST
      +                          RICT
   113                           ; LIABILITY, OR TORT (INCLUDING NEGLIGENCE OR OTHERWISE) ARISING IN ANY WAY OUT OF THE U
      +                          SE OF
   114                           ; THIS SOFTWARE, EVEN IF ADVISED OF THE POSSIBILITY OF SUCH DAMAGE.
   115                           ; 
   116                           ; 
   117                           ; Code-generator required, PIC18F46K20 Definitions
   118                           ; 
   119                           ; SFR Addresses
   120   000000                     
   121 ;; Function _EUSART_DefaultFramingErrorHandler is unused but had its address taken
   122   000000                     
   123 ;; Function _EUSART_DefaultOverrunErrorHandler is unused but had its address taken
   124   000000                     
   125 ;; Function _EUSART_DefaultErrorHandler is unused but had its address taken
   126   000000                     
   127                           	psect	smallconst
   128   001000                     __psmallconst:
   129                           	callstack 0
   130   001000  00                 	db	0
   131   001001                     _i2c_fsmStateTable:
   132                           	callstack 0
   133   001001  D2                 	db	low _I2C_DO_IDLE
   134   001002  18                 	db	high _I2C_DO_IDLE
   135   001003  72                 	db	low _I2C_DO_SEND_ADR_READ
   136   001004  18                 	db	high _I2C_DO_SEND_ADR_READ
   137   001005  80                 	db	low _I2C_DO_SEND_ADR_WRITE
   138   001006  18                 	db	high _I2C_DO_SEND_ADR_WRITE
   139   001007  2A                 	db	low _I2C_DO_TX
   140   001008  10                 	db	high _I2C_DO_TX
   141   001009  E8                 	db	low _I2C_DO_RX
   142   00100A  10                 	db	high _I2C_DO_RX
   143   00100B  C8                 	db	low _I2C_DO_RCEN
   144   00100C  18                 	db	high _I2C_DO_RCEN
   145   00100D  AC                 	db	low _I2C_DO_TX_EMPTY
   146   00100E  12                 	db	high _I2C_DO_TX_EMPTY
   147   00100F  14                 	db	low _I2C_DO_SEND_RESTART_READ
   148   001010  19                 	db	high _I2C_DO_SEND_RESTART_READ
   149   001011  0C                 	db	low _I2C_DO_SEND_RESTART_WRITE
   150   001012  19                 	db	high _I2C_DO_SEND_RESTART_WRITE
   151   001013  04                 	db	low _I2C_DO_SEND_RESTART
   152   001014  19                 	db	high _I2C_DO_SEND_RESTART
   153   001015  FC                 	db	low _I2C_DO_SEND_STOP
   154   001016  18                 	db	high _I2C_DO_SEND_STOP
   155   001017  F4                 	db	low _I2C_DO_RX_ACK
   156   001018  18                 	db	high _I2C_DO_RX_ACK
   157   001019  EC                 	db	low _I2C_DO_RX_NACK_STOP
   158   00101A  18                 	db	high _I2C_DO_RX_NACK_STOP
   159   00101B  E4                 	db	low _I2C_DO_RX_NACK_RESTART
   160   00101C  18                 	db	high _I2C_DO_RX_NACK_RESTART
   161   00101D  BE                 	db	low _I2C_DO_RESET
   162   00101E  18                 	db	high _I2C_DO_RESET
   163   00101F  D0                 	db	low _I2C_DO_ADDRESS_NACK
   164   001020  14                 	db	high _I2C_DO_ADDRESS_NACK
   165   001021                     __end_of_i2c_fsmStateTable:
   166                           	callstack 0
   167   000000                     _TXREG	set	4013
   168   000000                     _RCREG	set	4014
   169   000000                     _SPBRG	set	4015
   170   000000                     _TXSTA	set	4012
   171   000000                     _TRISD	set	3989
   172   000000                     _TRISC	set	3988
   173   000000                     _TRISB	set	3987
   174   000000                     _LATC	set	3979
   175   000000                     _LATB	set	3978
   176   001021  44                 	db	68	;'D'
   177   001022  61                 	db	97	;'a'
   178   001023  74                 	db	116	;'t'
   179   001024  65                 	db	101	;'e'
   180   001025  20                 	db	32
   181   001026  3A                 	db	58	;':'
   182   001027  20                 	db	32
   183   001028  00                 	db	0
   184   001029  00                 	db	0	; dummy byte at the end
   185   000000                     
   186                           	psect	nvCOMRAM
   187   000049                     __pnvCOMRAM:
   188                           	callstack 0
   189   000049                     _EUSART_OverrunErrorHandler:
   190                           	callstack 0
   191   000049                     	ds	2
   192   00004B                     _EUSART_FramingErrorHandler:
   193                           	callstack 0
   194   00004B                     	ds	2
   195   00004D                     _RecTemp:
   196                           	callstack 0
   197   00004D                     	ds	1
   198                           
   199                           	psect	nvBANK0
   200   000082                     __pnvBANK0:
   201                           	callstack 0
   202   000082                     _EUSART_ErrorHandler:
   203                           	callstack 0
   204   000082                     	ds	2
   205   000000                     _RCSTAbits	set	4011
   206   000000                     _TXSTAbits	set	4012
   207   000000                     _SSPSTATbits	set	4039
   208   000000                     _SSPCON2bits	set	4037
   209   000000                     _SSPCON1bits	set	4038
   210   000000                     _WPUB	set	3964
   211   000000                     _ANSEL	set	3966
   212   000000                     _LATA	set	3977
   213   000000                     _LATD	set	3980
   214   000000                     _LATE	set	3981
   215   000000                     _OSCTUNE	set	3995
   216   000000                     _PIE1bits	set	3997
   217   000000                     _PIR2bits	set	4001
   218   000000                     _SSPCON2	set	4037
   219   000000                     _SSPCON1	set	4038
   220   000000                     _SSPSTAT	set	4039
   221   000000                     _RCONbits	set	4048
   222   000000                     _SSPBUF	set	4041
   223   000000                     _SSPADD	set	4040
   224   000000                     _RCSTA	set	4011
   225   000000                     _BAUDCON	set	4024
   226   000000                     _PIE2bits	set	4000
   227   000000                     _PIR1bits	set	3998
   228   000000                     _OSCCON	set	4051
   229   000000                     _INTCONbits	set	4082
   230   000000                     _INTCON2bits	set	4081
   231   000000                     _TRISA	set	3986
   232   000000                     _TRISE	set	3990
   233   000000                     _ANSELH	set	3967
   234   000000                     _SPBRGH	set	4016
   235                           
   236                           ; #config settings
   237                           
   238                           	psect	cinit
   239   00174C                     __pcinit:
   240                           	callstack 0
   241   00174C                     start_initialization:
   242                           	callstack 0
   243   00174C                     __initialization:
   244                           	callstack 0
   245                           
   246                           ; Clear objects allocated to BANK0 (18 bytes)
   247   00174C  EE00  F060         	lfsr	0,__pbssBANK0
   248   001750  0E12               	movlw	18
   249   001752                     clear_0:
   250   001752  6AEE               	clrf	postinc0,c
   251   001754  06E8               	decf	wreg,f,c
   252   001756  E1FD               	bnz	clear_0
   253                           
   254                           ; Clear objects allocated to COMRAM (45 bytes)
   255   001758  EE00  F001         	lfsr	0,__pbssCOMRAM
   256   00175C  0E2D               	movlw	45
   257   00175E                     clear_1:
   258   00175E  6AEE               	clrf	postinc0,c
   259   001760  06E8               	decf	wreg,f,c
   260   001762  E1FD               	bnz	clear_1
   261   001764                     end_of_initialization:
   262                           	callstack 0
   263   001764                     __end_of__initialization:
   264                           	callstack 0
   265   001764  904E               	bcf	int$flags,0,c	;clear compiler interrupt flag (level 1)
   266   001766  924E               	bcf	int$flags,1,c	;clear compiler interrupt flag (level 2)
   267   001768  0100               	movlb	0
   268   00176A  EFFF  F00A         	goto	_main	;jump to C main() function
   269                           
   270                           	psect	bssCOMRAM
   271   000001                     __pbssCOMRAM:
   272                           	callstack 0
   273   000001                     _I2C_Status:
   274                           	callstack 0
   275   000001                     	ds	36
   276   000025                     _RealTimeClockDS1307:
   277                           	callstack 0
   278   000025                     	ds	6
   279   00002B                     _MSSP_InterruptHandler:
   280                           	callstack 0
   281   00002B                     	ds	2
   282   00002D                     _eusartRxLastError:
   283                           	callstack 0
   284   00002D                     	ds	1
   285                           
   286                           	psect	bssBANK0
   287   000060                     __pbssBANK0:
   288                           	callstack 0
   289   000060                     _RealTimeClockDS1307_Pack:
   290                           	callstack 0
   291   000060                     	ds	18
   292                           
   293                           	psect	cstackBANK0
   294   000072                     __pcstackBANK0:
   295                           	callstack 0
   296   000072                     I2C_Close@returnValue:
   297                           	callstack 0
   298   000072                     I2C_MasterOperation@read:
   299                           	callstack 0
   300   000072                     I2C_SetBuffer@buffer:
   301                           	callstack 0
   302   000072                     I2C_SetInterruptHandler@InterruptHandler:
   303                           	callstack 0
   304   000072                     I2C_SetCallback@cb:
   305                           	callstack 0
   306   000072                     EUSART_SetFramingErrorHandler@interruptHandler:
   307                           	callstack 0
   308   000072                     EUSART_SetOverrunErrorHandler@interruptHandler:
   309                           	callstack 0
   310   000072                     EUSART_SetErrorHandler@interruptHandler:
   311                           	callstack 0
   312                           
   313                           ; 2 bytes @ 0x0
   314   000072                     	ds	1
   315   000073                     I2C_MasterOperation@returnValue:
   316                           	callstack 0
   317                           
   318                           ; 1 bytes @ 0x1
   319   000073                     	ds	1
   320   000074                     I2C_Open@address:
   321                           	callstack 0
   322   000074                     I2C_SetBuffer@bufferSize:
   323                           	callstack 0
   324   000074                     I2C_SetCallback@ptr:
   325                           	callstack 0
   326                           
   327                           ; 2 bytes @ 0x2
   328   000074                     	ds	1
   329   000075                     I2C_Open@returnValue:
   330                           	callstack 0
   331                           
   332                           ; 1 bytes @ 0x3
   333   000075                     	ds	1
   334   000076                     I2C_SetCallback@idx:
   335                           	callstack 0
   336                           
   337                           ; 1 bytes @ 0x4
   338   000076                     	ds	1
   339   000077                     I2C_SetDataCompleteCallback@cb:
   340                           	callstack 0
   341   000077                     I2C_SetAddressNackCallback@cb:
   342                           	callstack 0
   343                           
   344                           ; 2 bytes @ 0x5
   345   000077                     	ds	2
   346   000079                     I2C_SetDataCompleteCallback@ptr:
   347                           	callstack 0
   348   000079                     I2C_SetAddressNackCallback@ptr:
   349                           	callstack 0
   350                           
   351                           ; 2 bytes @ 0x7
   352   000079                     	ds	2
   353   00007B                     I2C_Read1ByteRegister@reg:
   354                           	callstack 0
   355   00007B                     I2C_Write1ByteRegister@reg:
   356                           	callstack 0
   357                           
   358                           ; 1 bytes @ 0x9
   359   00007B                     	ds	1
   360   00007C                     I2C_Read1ByteRegister@address:
   361                           	callstack 0
   362   00007C                     I2C_Write1ByteRegister@data:
   363                           	callstack 0
   364                           
   365                           ; 1 bytes @ 0xA
   366   00007C                     	ds	1
   367   00007D                     I2C_Read1ByteRegister@returnValue:
   368                           	callstack 0
   369   00007D                     I2C_Write1ByteRegister@address:
   370                           	callstack 0
   371                           
   372                           ; 1 bytes @ 0xB
   373   00007D                     	ds	1
   374   00007E                     TempSensor_TC74_Read_Temp@TC74_Address:
   375                           	callstack 0
   376                           
   377                           ; 1 bytes @ 0xC
   378   00007E                     	ds	1
   379   00007F                     TempSensor_TC74_Read_Temp@TC74_TempValue:
   380                           	callstack 0
   381                           
   382                           ; 1 bytes @ 0xD
   383   00007F                     	ds	1
   384   000080                     ??_main:
   385                           
   386                           ; 1 bytes @ 0xE
   387   000080                     	ds	2
   388                           
   389                           	psect	cstackCOMRAM
   390   00002E                     __pcstackCOMRAM:
   391                           	callstack 0
   392   00002E                     I2C_MasterSendTxData@data:
   393                           	callstack 0
   394   00002E                     i2I2C_SetBuffer@buffer:
   395                           	callstack 0
   396   00002E                     i2I2C_SetCallback@cb:
   397                           	callstack 0
   398                           
   399                           ; 2 bytes @ 0x0
   400   00002E                     	ds	1
   401   00002F                     
   402                           ; 1 bytes @ 0x1
   403   00002F                     	ds	1
   404   000030                     i2I2C_SetBuffer@bufferSize:
   405                           	callstack 0
   406   000030                     i2I2C_SetCallback@ptr:
   407                           	callstack 0
   408                           
   409                           ; 2 bytes @ 0x2
   410   000030                     	ds	2
   411   000032                     i2I2C_SetCallback@idx:
   412                           	callstack 0
   413                           
   414                           ; 1 bytes @ 0x4
   415   000032                     	ds	1
   416   000033                     i2I2C_SetDataCompleteCallback@cb:
   417                           	callstack 0
   418                           
   419                           ; 2 bytes @ 0x5
   420   000033                     	ds	2
   421   000035                     i2I2C_SetDataCompleteCallback@ptr:
   422                           	callstack 0
   423                           
   424                           ; 2 bytes @ 0x7
   425   000035                     	ds	2
   426   000037                     rd1RegCompleteHandler@ptr:
   427                           	callstack 0
   428   000037                     rd2RegCompleteHandler@ptr:
   429                           	callstack 0
   430   000037                     wr1RegCompleteHandler@ptr:
   431                           	callstack 0
   432   000037                     wr2RegCompleteHandler@ptr:
   433                           	callstack 0
   434   000037                     rdBlkRegCompleteHandler@ptr:
   435                           	callstack 0
   436   000037                     I2C_CallbackReturnReset@funPtr:
   437                           	callstack 0
   438                           
   439                           ; 2 bytes @ 0x9
   440   000037                     	ds	2
   441   000039                     ??_rdBlkRegCompleteHandler:
   442   000039                     
   443                           ; 1 bytes @ 0xB
   444   000039                     	ds	1
   445   00003A                     ??_I2C_DO_TX:
   446   00003A                     ??_I2C_DO_RX:
   447   00003A                     ??_I2C_DO_TX_EMPTY:
   448   00003A                     ??_I2C_DO_ADDRESS_NACK:
   449                           
   450                           ; 1 bytes @ 0xC
   451   00003A                     	ds	2
   452   00003C                     ??_I2C_MasterFsm:
   453                           
   454                           ; 1 bytes @ 0xE
   455   00003C                     	ds	3
   456   00003F                     ??_INTERRUPT_InterruptManager:
   457                           
   458                           ; 1 bytes @ 0x11
   459   00003F                     	ds	10
   460                           
   461 ;;
   462 ;;Main: autosize = 0, tempsize = 2, incstack = 0, save=0
   463 ;;
   464 ;; *************** function _main *****************
   465 ;; Defined at:
   466 ;;		line 56 in file "main.c"
   467 ;; Parameters:    Size  Location     Type
   468 ;;		None
   469 ;; Auto vars:     Size  Location     Type
   470 ;;		None
   471 ;; Return value:  Size  Location     Type
   472 ;;                  1    wreg      void 
   473 ;; Registers used:
   474 ;;		wreg, fsr2l, fsr2h, status,2, status,0, prodl, prodh, cstack
   475 ;; Tracked objects:
   476 ;;		On entry : 0/0
   477 ;;		On exit  : 0/0
   478 ;;		Unchanged: 0/0
   479 ;; Data sizes:     COMRAM   BANK0   BANK1   BANK2   BANK3   BANK4   BANK5   BANK6   BANK7   BANK8   BANK9  BANK10  BANK1
      +1  BANK12  BANK13  BANK14  BANK15
   480 ;;      Params:         0       0       0       0       0       0       0       0       0       0       0       0       
      +0       0       0       0       0
   481 ;;      Locals:         0       0       0       0       0       0       0       0       0       0       0       0       
      +0       0       0       0       0
   482 ;;      Temps:          0       2       0       0       0       0       0       0       0       0       0       0       
      +0       0       0       0       0
   483 ;;      Totals:         0       2       0       0       0       0       0       0       0       0       0       0       
      +0       0       0       0       0
   484 ;;Total ram usage:        2 bytes
   485 ;; Hardware stack levels required when called: 12
   486 ;; This function calls:
   487 ;;		_I2C_Write1ByteRegister
   488 ;;		_SYSTEM_Initialize
   489 ;;		_TempSensor_TC74_Read_Temp
   490 ;; This function is called by:
   491 ;;		Startup code after reset
   492 ;; This function uses a non-reentrant model
   493 ;;
   494                           
   495                           	psect	text0
   496   0015FE                     __ptext0:
   497                           	callstack 0
   498   0015FE                     _main:
   499                           	callstack 19
   500   0015FE                     
   501                           ;main.c: 59:     SYSTEM_Initialize();
   502   0015FE  EC1A  F00C         	call	_SYSTEM_Initialize	;wreg free
   503   001602                     
   504                           ;main.c: 66:     (INTCONbits.GIE = 1);
   505   001602  8EF2               	bsf	242,7,c	;volatile
   506   001604                     
   507                           ;main.c: 72:     (INTCONbits.PEIE = 1);
   508   001604  8CF2               	bsf	242,6,c	;volatile
   509   001606                     l3228:
   510                           
   511                           ;main.c: 78:     {;main.c: 80:         RecTemp = TempSensor_TC74_Read_Temp(0x9E);
   512   001606  0E9E               	movlw	158
   513   001608  ECEA  F00B         	call	_TempSensor_TC74_Read_Temp
   514   00160C  6E4D               	movwf	_RecTemp^0,c
   515   00160E                     
   516                           ;main.c: 81:         I2C_Write1ByteRegister(0x70, 0x00, RecTemp);
   517   00160E  0E00               	movlw	0
   518   001610  0100               	movlb	0	; () banked
   519   001612  6F7B               	movwf	I2C_Write1ByteRegister@reg& (0+255),b
   520   001614  C04D  F07C         	movff	_RecTemp,I2C_Write1ByteRegister@data
   521   001618  0E70               	movlw	112
   522   00161A  EC93  F009         	call	_I2C_Write1ByteRegister
   523   00161E                     
   524                           ;main.c: 82:         _delay((unsigned long)((100)*(16000000/4000.0)));
   525   00161E  0E03               	movlw	3
   526   001620  0100               	movlb	0	; () banked
   527   001622  6F81               	movwf	(??_main+1)& (0+255),b
   528   001624  0E08               	movlw	8
   529   001626  6F80               	movwf	??_main& (0+255),b
   530   001628  0E77               	movlw	119
   531   00162A                     u1337:
   532   00162A  2EE8               	decfsz	wreg,f,c
   533   00162C  D7FE               	bra	u1337
   534   00162E  2F80               	decfsz	??_main& (0+255),f,b
   535   001630  D7FC               	bra	u1337
   536   001632  2F81               	decfsz	(??_main+1)& (0+255),f,b
   537   001634  D7FA               	bra	u1337
   538   001636  EF03  F00B         	goto	l3228
   539   00163A  EF62  F000         	goto	start
   540   00163E                     __end_of_main:
   541                           	callstack 0
   542                           
   543 ;; *************** function _TempSensor_TC74_Read_Temp *****************
   544 ;; Defined at:
   545 ;;		line 10 in file "AECUL_Modules/TemSensor_TC74/TemSensor_TC74.c"
   546 ;; Parameters:    Size  Location     Type
   547 ;;  TC74_Address    1    wreg     unsigned char 
   548 ;; Auto vars:     Size  Location     Type
   549 ;;  TC74_Address    1   12[BANK0 ] unsigned char 
   550 ;;  TC74_TempVal    1   13[BANK0 ] unsigned char 
   551 ;; Return value:  Size  Location     Type
   552 ;;                  1    wreg      unsigned char 
   553 ;; Registers used:
   554 ;;		wreg, fsr2l, fsr2h, status,2, status,0, prodl, prodh, cstack
   555 ;; Tracked objects:
   556 ;;		On entry : 0/0
   557 ;;		On exit  : 0/0
   558 ;;		Unchanged: 0/0
   559 ;; Data sizes:     COMRAM   BANK0   BANK1   BANK2   BANK3   BANK4   BANK5   BANK6   BANK7   BANK8   BANK9  BANK10  BANK1
      +1  BANK12  BANK13  BANK14  BANK15
   560 ;;      Params:         0       0       0       0       0       0       0       0       0       0       0       0       
      +0       0       0       0       0
   561 ;;      Locals:         0       2       0       0       0       0       0       0       0       0       0       0       
      +0       0       0       0       0
   562 ;;      Temps:          0       0       0       0       0       0       0       0       0       0       0       0       
      +0       0       0       0       0
   563 ;;      Totals:         0       2       0       0       0       0       0       0       0       0       0       0       
      +0       0       0       0       0
   564 ;;Total ram usage:        2 bytes
   565 ;; Hardware stack levels used: 1
   566 ;; Hardware stack levels required when called: 11
   567 ;; This function calls:
   568 ;;		_I2C_Read1ByteRegister
   569 ;; This function is called by:
   570 ;;		_main
   571 ;; This function uses a non-reentrant model
   572 ;;
   573                           
   574                           	psect	text1
   575   0017D4                     __ptext1:
   576                           	callstack 0
   577   0017D4                     _TempSensor_TC74_Read_Temp:
   578                           	callstack 19
   579                           
   580                           ;incstack = 0
   581                           ;TempSensor_TC74_Read_Temp@TC74_Address stored from wreg
   582   0017D4  0100               	movlb	0	; () banked
   583   0017D6  6F7E               	movwf	TempSensor_TC74_Read_Temp@TC74_Address& (0+255),b
   584   0017D8                     
   585                           ;AECUL_Modules/TemSensor_TC74/TemSensor_TC74.c: 12:     TC74_TempValue = I2C_Read1ByteRe
      +                          gister(TC74_Address, 0x00);
   586   0017D8  0E00               	movlw	0
   587   0017DA  0100               	movlb	0	; () banked
   588   0017DC  6F7B               	movwf	I2C_Read1ByteRegister@reg& (0+255),b
   589   0017DE  517E               	movf	TempSensor_TC74_Read_Temp@TC74_Address& (0+255),w,b
   590   0017E0  EC17  F009         	call	_I2C_Read1ByteRegister
   591   0017E4  0100               	movlb	0	; () banked
   592   0017E6  6F7F               	movwf	TempSensor_TC74_Read_Temp@TC74_TempValue& (0+255),b
   593   0017E8                     
   594                           ; BSR set to: 0
   595                           ;AECUL_Modules/TemSensor_TC74/TemSensor_TC74.c: 14:     return TC74_TempValue;
   596   0017E8  517F               	movf	TempSensor_TC74_Read_Temp@TC74_TempValue& (0+255),w,b
   597   0017EA                     
   598                           ; BSR set to: 0
   599   0017EA  0012               	return		;funcret
   600   0017EC                     __end_of_TempSensor_TC74_Read_Temp:
   601                           	callstack 0
   602                           
   603 ;; *************** function _I2C_Read1ByteRegister *****************
   604 ;; Defined at:
   605 ;;		line 63 in file "mcc_generated_files/examples/i2c_master_example.c"
   606 ;; Parameters:    Size  Location     Type
   607 ;;  address         1    wreg     unsigned char 
   608 ;;  reg             1    9[BANK0 ] unsigned char 
   609 ;; Auto vars:     Size  Location     Type
   610 ;;  address         1   10[BANK0 ] unsigned char 
   611 ;;  returnValue     1   11[BANK0 ] unsigned char 
   612 ;; Return value:  Size  Location     Type
   613 ;;                  1    wreg      unsigned char 
   614 ;; Registers used:
   615 ;;		wreg, fsr2l, fsr2h, status,2, status,0, prodl, prodh, cstack
   616 ;; Tracked objects:
   617 ;;		On entry : 0/0
   618 ;;		On exit  : 0/0
   619 ;;		Unchanged: 0/0
   620 ;; Data sizes:     COMRAM   BANK0   BANK1   BANK2   BANK3   BANK4   BANK5   BANK6   BANK7   BANK8   BANK9  BANK10  BANK1
      +1  BANK12  BANK13  BANK14  BANK15
   621 ;;      Params:         0       1       0       0       0       0       0       0       0       0       0       0       
      +0       0       0       0       0
   622 ;;      Locals:         0       2       0       0       0       0       0       0       0       0       0       0       
      +0       0       0       0       0
   623 ;;      Temps:          0       0       0       0       0       0       0       0       0       0       0       0       
      +0       0       0       0       0
   624 ;;      Totals:         0       3       0       0       0       0       0       0       0       0       0       0       
      +0       0       0       0       0
   625 ;;Total ram usage:        3 bytes
   626 ;; Hardware stack levels used: 1
   627 ;; Hardware stack levels required when called: 10
   628 ;; This function calls:
   629 ;;		_I2C_Close
   630 ;;		_I2C_MasterWrite
   631 ;;		_I2C_Open
   632 ;;		_I2C_SetAddressNackCallback
   633 ;;		_I2C_SetBuffer
   634 ;;		_I2C_SetDataCompleteCallback
   635 ;; This function is called by:
   636 ;;		_TempSensor_TC74_Read_Temp
   637 ;;		_EEPROM_24C02C_Read_Byte
   638 ;;		_RealTimeClockDS1307_Get_Date_Time
   639 ;; This function uses a non-reentrant model
   640 ;;
   641                           
   642                           	psect	text2
   643   00122E                     __ptext2:
   644                           	callstack 0
   645   00122E                     _I2C_Read1ByteRegister:
   646                           	callstack 19
   647                           
   648                           ; BSR set to: 0
   649                           ;incstack = 0
   650                           ;I2C_Read1ByteRegister@address stored from wreg
   651   00122E  0100               	movlb	0	; () banked
   652   001230  6F7C               	movwf	I2C_Read1ByteRegister@address& (0+255),b
   653   001232                     
   654                           ;mcc_generated_files/examples/i2c_master_example.c: 63: uint8_t I2C_Read1ByteRegister(i2
      +                          c_address_t address, uint8_t reg);mcc_generated_files/examples/i2c_master_example.c: 64:
      +                           {;mcc_generated_files/examples/i2c_master_example.c: 65:     uint8_t returnValue = 0x00
      +                          ;
   655   001232  0E00               	movlw	0
   656   001234  0100               	movlb	0	; () banked
   657   001236  6F7D               	movwf	I2C_Read1ByteRegister@returnValue& (0+255),b
   658   001238                     l3004:
   659   001238  0100               	movlb	0	; () banked
   660   00123A  517C               	movf	I2C_Read1ByteRegister@address& (0+255),w,b
   661   00123C  ECC6  F008         	call	_I2C_Open
   662   001240  0900               	iorlw	0
   663   001242  B4D8               	btfsc	status,2,c
   664   001244  EF26  F009         	goto	u1081
   665   001248  EF28  F009         	goto	u1080
   666   00124C                     u1081:
   667   00124C  EF1C  F009         	goto	l3004
   668   001250                     u1080:
   669   001250                     
   670                           ;mcc_generated_files/examples/i2c_master_example.c: 68:     I2C_SetDataCompleteCallback(
      +                          rd1RegCompleteHandler,&returnValue);
   671   001250  0EF4               	movlw	low _rd1RegCompleteHandler
   672   001252  0100               	movlb	0	; () banked
   673   001254  6F77               	movwf	I2C_SetDataCompleteCallback@cb& (0+255),b
   674   001256  0E16               	movlw	high _rd1RegCompleteHandler
   675   001258  6F78               	movwf	(I2C_SetDataCompleteCallback@cb+1)& (0+255),b
   676   00125A  0E7D               	movlw	low I2C_Read1ByteRegister@returnValue
   677   00125C  6F79               	movwf	I2C_SetDataCompleteCallback@ptr& (0+255),b
   678   00125E  6B7A               	clrf	(I2C_SetDataCompleteCallback@ptr+1)& (0+255),b
   679   001260  ECF6  F00B         	call	_I2C_SetDataCompleteCallback	;wreg free
   680   001264                     
   681                           ;mcc_generated_files/examples/i2c_master_example.c: 69:     I2C_SetBuffer(&reg,1);
   682   001264  0E7B               	movlw	low I2C_Read1ByteRegister@reg
   683   001266  0100               	movlb	0	; () banked
   684   001268  6F72               	movwf	I2C_SetBuffer@buffer& (0+255),b
   685   00126A  6B73               	clrf	(I2C_SetBuffer@buffer+1)& (0+255),b
   686   00126C  0E00               	movlw	0
   687   00126E  6F75               	movwf	(I2C_SetBuffer@bufferSize+1)& (0+255),b
   688   001270  0E01               	movlw	1
   689   001272  6F74               	movwf	I2C_SetBuffer@bufferSize& (0+255),b
   690   001274  ECB7  F00B         	call	_I2C_SetBuffer	;wreg free
   691   001278                     
   692                           ;mcc_generated_files/examples/i2c_master_example.c: 70:     I2C_SetAddressNackCallback((
      +                          (void*)0),((void*)0));
   693   001278  0E00               	movlw	0
   694   00127A  0100               	movlb	0	; () banked
   695   00127C  6F77               	movwf	I2C_SetAddressNackCallback@cb& (0+255),b
   696   00127E  0E00               	movlw	0
   697   001280  6F78               	movwf	(I2C_SetAddressNackCallback@cb+1)& (0+255),b
   698   001282  0E00               	movlw	0
   699   001284  6F79               	movwf	I2C_SetAddressNackCallback@ptr& (0+255),b
   700   001286  0E00               	movlw	0
   701   001288  6F7A               	movwf	(I2C_SetAddressNackCallback@ptr+1)& (0+255),b
   702   00128A  EC02  F00C         	call	_I2C_SetAddressNackCallback	;wreg free
   703   00128E                     
   704                           ;mcc_generated_files/examples/i2c_master_example.c: 71:     I2C_MasterWrite();
   705   00128E  EC6E  F00C         	call	_I2C_MasterWrite	;wreg free
   706   001292                     l3014:
   707   001292  EC37  F00B         	call	_I2C_Close	;wreg free
   708   001296  06E8               	decf	wreg,f,c
   709   001298  B4D8               	btfsc	status,2,c
   710   00129A  EF51  F009         	goto	u1091
   711   00129E  EF53  F009         	goto	u1090
   712   0012A2                     u1091:
   713   0012A2  EF49  F009         	goto	l3014
   714   0012A6                     u1090:
   715   0012A6                     
   716                           ;mcc_generated_files/examples/i2c_master_example.c: 74:     return returnValue;
   717   0012A6  0100               	movlb	0	; () banked
   718   0012A8  517D               	movf	I2C_Read1ByteRegister@returnValue& (0+255),w,b
   719   0012AA                     
   720                           ; BSR set to: 0
   721   0012AA  0012               	return		;funcret
   722   0012AC                     __end_of_I2C_Read1ByteRegister:
   723                           	callstack 0
   724                           
   725 ;; *************** function _SYSTEM_Initialize *****************
   726 ;; Defined at:
   727 ;;		line 50 in file "mcc_generated_files/mcc.c"
   728 ;; Parameters:    Size  Location     Type
   729 ;;		None
   730 ;; Auto vars:     Size  Location     Type
   731 ;;		None
   732 ;; Return value:  Size  Location     Type
   733 ;;                  1    wreg      void 
   734 ;; Registers used:
   735 ;;		wreg, status,2, status,0, cstack
   736 ;; Tracked objects:
   737 ;;		On entry : 0/0
   738 ;;		On exit  : 0/0
   739 ;;		Unchanged: 0/0
   740 ;; Data sizes:     COMRAM   BANK0   BANK1   BANK2   BANK3   BANK4   BANK5   BANK6   BANK7   BANK8   BANK9  BANK10  BANK1
      +1  BANK12  BANK13  BANK14  BANK15
   741 ;;      Params:         0       0       0       0       0       0       0       0       0       0       0       0       
      +0       0       0       0       0
   742 ;;      Locals:         0       0       0       0       0       0       0       0       0       0       0       0       
      +0       0       0       0       0
   743 ;;      Temps:          0       0       0       0       0       0       0       0       0       0       0       0       
      +0       0       0       0       0
   744 ;;      Totals:         0       0       0       0       0       0       0       0       0       0       0       0       
      +0       0       0       0       0
   745 ;;Total ram usage:        0 bytes
   746 ;; Hardware stack levels used: 1
   747 ;; Hardware stack levels required when called: 9
   748 ;; This function calls:
   749 ;;		_EUSART_Initialize
   750 ;;		_I2C_Initialize
   751 ;;		_INTERRUPT_Initialize
   752 ;;		_OSCILLATOR_Initialize
   753 ;;		_PIN_MANAGER_Initialize
   754 ;; This function is called by:
   755 ;;		_main
   756 ;; This function uses a non-reentrant model
   757 ;;
   758                           
   759                           	psect	text3
   760   001834                     __ptext3:
   761                           	callstack 0
   762   001834                     _SYSTEM_Initialize:
   763                           	callstack 21
   764   001834                     
   765                           ;mcc_generated_files/mcc.c: 53:     INTERRUPT_Initialize();
   766   001834  EC9B  F00C         	call	_INTERRUPT_Initialize	;wreg free
   767   001838                     
   768                           ;mcc_generated_files/mcc.c: 54:     I2C_Initialize();
   769   001838  EC25  F00C         	call	_I2C_Initialize	;wreg free
   770   00183C                     
   771                           ;mcc_generated_files/mcc.c: 55:     PIN_MANAGER_Initialize();
   772   00183C  EC1F  F00B         	call	_PIN_MANAGER_Initialize	;wreg free
   773   001840                     
   774                           ;mcc_generated_files/mcc.c: 56:     OSCILLATOR_Initialize();
   775   001840  EC46  F00C         	call	_OSCILLATOR_Initialize	;wreg free
   776   001844                     
   777                           ;mcc_generated_files/mcc.c: 57:     EUSART_Initialize();
   778   001844  EC9A  F00A         	call	_EUSART_Initialize	;wreg free
   779   001848  0012               	return		;funcret
   780   00184A                     __end_of_SYSTEM_Initialize:
   781                           	callstack 0
   782                           
   783 ;; *************** function _PIN_MANAGER_Initialize *****************
   784 ;; Defined at:
   785 ;;		line 55 in file "mcc_generated_files/pin_manager.c"
   786 ;; Parameters:    Size  Location     Type
   787 ;;		None
   788 ;; Auto vars:     Size  Location     Type
   789 ;;		None
   790 ;; Return value:  Size  Location     Type
   791 ;;                  1    wreg      void 
   792 ;; Registers used:
   793 ;;		wreg, status,2
   794 ;; Tracked objects:
   795 ;;		On entry : 0/0
   796 ;;		On exit  : 0/0
   797 ;;		Unchanged: 0/0
   798 ;; Data sizes:     COMRAM   BANK0   BANK1   BANK2   BANK3   BANK4   BANK5   BANK6   BANK7   BANK8   BANK9  BANK10  BANK1
      +1  BANK12  BANK13  BANK14  BANK15
   799 ;;      Params:         0       0       0       0       0       0       0       0       0       0       0       0       
      +0       0       0       0       0
   800 ;;      Locals:         0       0       0       0       0       0       0       0       0       0       0       0       
      +0       0       0       0       0
   801 ;;      Temps:          0       0       0       0       0       0       0       0       0       0       0       0       
      +0       0       0       0       0
   802 ;;      Totals:         0       0       0       0       0       0       0       0       0       0       0       0       
      +0       0       0       0       0
   803 ;;Total ram usage:        0 bytes
   804 ;; Hardware stack levels used: 1
   805 ;; Hardware stack levels required when called: 7
   806 ;; This function calls:
   807 ;;		Nothing
   808 ;; This function is called by:
   809 ;;		_SYSTEM_Initialize
   810 ;; This function uses a non-reentrant model
   811 ;;
   812                           
   813                           	psect	text4
   814   00163E                     __ptext4:
   815                           	callstack 0
   816   00163E                     _PIN_MANAGER_Initialize:
   817                           	callstack 22
   818   00163E                     
   819                           ;mcc_generated_files/pin_manager.c: 60:     LATE = 0x00;
   820   00163E  0E00               	movlw	0
   821   001640  6E8D               	movwf	141,c	;volatile
   822                           
   823                           ;mcc_generated_files/pin_manager.c: 61:     LATD = 0x00;
   824   001642  0E00               	movlw	0
   825   001644  6E8C               	movwf	140,c	;volatile
   826                           
   827                           ;mcc_generated_files/pin_manager.c: 62:     LATA = 0x00;
   828   001646  0E00               	movlw	0
   829   001648  6E89               	movwf	137,c	;volatile
   830                           
   831                           ;mcc_generated_files/pin_manager.c: 63:     LATB = 0x00;
   832   00164A  0E00               	movlw	0
   833   00164C  6E8A               	movwf	138,c	;volatile
   834                           
   835                           ;mcc_generated_files/pin_manager.c: 64:     LATC = 0x00;
   836   00164E  0E00               	movlw	0
   837   001650  6E8B               	movwf	139,c	;volatile
   838                           
   839                           ;mcc_generated_files/pin_manager.c: 69:     TRISE = 0x07;
   840   001652  0E07               	movlw	7
   841   001654  6E96               	movwf	150,c	;volatile
   842   001656                     
   843                           ;mcc_generated_files/pin_manager.c: 70:     TRISA = 0xFF;
   844   001656  6892               	setf	146,c	;volatile
   845   001658                     
   846                           ;mcc_generated_files/pin_manager.c: 71:     TRISB = 0xFF;
   847   001658  6893               	setf	147,c	;volatile
   848                           
   849                           ;mcc_generated_files/pin_manager.c: 72:     TRISC = 0xBC;
   850   00165A  0EBC               	movlw	188
   851   00165C  6E94               	movwf	148,c	;volatile
   852   00165E                     
   853                           ;mcc_generated_files/pin_manager.c: 73:     TRISD = 0xFF;
   854   00165E  6895               	setf	149,c	;volatile
   855   001660                     
   856                           ;mcc_generated_files/pin_manager.c: 78:     ANSEL = 0xFF;
   857   001660  687E               	setf	126,c	;volatile
   858                           
   859                           ;mcc_generated_files/pin_manager.c: 79:     ANSELH = 0x1F;
   860   001662  0E1F               	movlw	31
   861   001664  6E7F               	movwf	127,c	;volatile
   862                           
   863                           ;mcc_generated_files/pin_manager.c: 84:     WPUB = 0x00;
   864   001666  0E00               	movlw	0
   865   001668  6E7C               	movwf	124,c	;volatile
   866   00166A                     
   867                           ;mcc_generated_files/pin_manager.c: 85:     INTCON2bits.nRBPU = 1;
   868   00166A  8EF1               	bsf	241,7,c	;volatile
   869   00166C  0012               	return		;funcret
   870   00166E                     __end_of_PIN_MANAGER_Initialize:
   871                           	callstack 0
   872                           
   873 ;; *************** function _OSCILLATOR_Initialize *****************
   874 ;; Defined at:
   875 ;;		line 60 in file "mcc_generated_files/mcc.c"
   876 ;; Parameters:    Size  Location     Type
   877 ;;		None
   878 ;; Auto vars:     Size  Location     Type
   879 ;;		None
   880 ;; Return value:  Size  Location     Type
   881 ;;                  1    wreg      void 
   882 ;; Registers used:
   883 ;;		wreg, status,2
   884 ;; Tracked objects:
   885 ;;		On entry : 0/0
   886 ;;		On exit  : 0/0
   887 ;;		Unchanged: 0/0
   888 ;; Data sizes:     COMRAM   BANK0   BANK1   BANK2   BANK3   BANK4   BANK5   BANK6   BANK7   BANK8   BANK9  BANK10  BANK1
      +1  BANK12  BANK13  BANK14  BANK15
   889 ;;      Params:         0       0       0       0       0       0       0       0       0       0       0       0       
      +0       0       0       0       0
   890 ;;      Locals:         0       0       0       0       0       0       0       0       0       0       0       0       
      +0       0       0       0       0
   891 ;;      Temps:          0       0       0       0       0       0       0       0       0       0       0       0       
      +0       0       0       0       0
   892 ;;      Totals:         0       0       0       0       0       0       0       0       0       0       0       0       
      +0       0       0       0       0
   893 ;;Total ram usage:        0 bytes
   894 ;; Hardware stack levels used: 1
   895 ;; Hardware stack levels required when called: 7
   896 ;; This function calls:
   897 ;;		Nothing
   898 ;; This function is called by:
   899 ;;		_SYSTEM_Initialize
   900 ;; This function uses a non-reentrant model
   901 ;;
   902                           
   903                           	psect	text5
   904   00188C                     __ptext5:
   905                           	callstack 0
   906   00188C                     _OSCILLATOR_Initialize:
   907                           	callstack 22
   908   00188C                     
   909                           ;mcc_generated_files/mcc.c: 63:     OSCCON = 0x30;
   910   00188C  0E30               	movlw	48
   911   00188E  6ED3               	movwf	211,c	;volatile
   912                           
   913                           ;mcc_generated_files/mcc.c: 65:     OSCTUNE = 0x00;
   914   001890  0E00               	movlw	0
   915   001892  6E9B               	movwf	155,c	;volatile
   916   001894  0012               	return		;funcret
   917   001896                     __end_of_OSCILLATOR_Initialize:
   918                           	callstack 0
   919                           
   920 ;; *************** function _INTERRUPT_Initialize *****************
   921 ;; Defined at:
   922 ;;		line 52 in file "mcc_generated_files/interrupt_manager.c"
   923 ;; Parameters:    Size  Location     Type
   924 ;;		None
   925 ;; Auto vars:     Size  Location     Type
   926 ;;		None
   927 ;; Return value:  Size  Location     Type
   928 ;;                  1    wreg      void 
   929 ;; Registers used:
   930 ;;		None
   931 ;; Tracked objects:
   932 ;;		On entry : 0/0
   933 ;;		On exit  : 0/0
   934 ;;		Unchanged: 0/0
   935 ;; Data sizes:     COMRAM   BANK0   BANK1   BANK2   BANK3   BANK4   BANK5   BANK6   BANK7   BANK8   BANK9  BANK10  BANK1
      +1  BANK12  BANK13  BANK14  BANK15
   936 ;;      Params:         0       0       0       0       0       0       0       0       0       0       0       0       
      +0       0       0       0       0
   937 ;;      Locals:         0       0       0       0       0       0       0       0       0       0       0       0       
      +0       0       0       0       0
   938 ;;      Temps:          0       0       0       0       0       0       0       0       0       0       0       0       
      +0       0       0       0       0
   939 ;;      Totals:         0       0       0       0       0       0       0       0       0       0       0       0       
      +0       0       0       0       0
   940 ;;Total ram usage:        0 bytes
   941 ;; Hardware stack levels used: 1
   942 ;; Hardware stack levels required when called: 7
   943 ;; This function calls:
   944 ;;		Nothing
   945 ;; This function is called by:
   946 ;;		_SYSTEM_Initialize
   947 ;; This function uses a non-reentrant model
   948 ;;
   949                           
   950                           	psect	text6
   951   001936                     __ptext6:
   952                           	callstack 0
   953   001936                     _INTERRUPT_Initialize:
   954                           	callstack 22
   955   001936                     
   956                           ;mcc_generated_files/interrupt_manager.c: 55:     RCONbits.IPEN = 0;
   957   001936  9ED0               	bcf	208,7,c	;volatile
   958   001938  0012               	return		;funcret
   959   00193A                     __end_of_INTERRUPT_Initialize:
   960                           	callstack 0
   961                           
   962 ;; *************** function _I2C_Initialize *****************
   963 ;; Defined at:
   964 ;;		line 167 in file "mcc_generated_files/i2c_master.c"
   965 ;; Parameters:    Size  Location     Type
   966 ;;		None
   967 ;; Auto vars:     Size  Location     Type
   968 ;;		None
   969 ;; Return value:  Size  Location     Type
   970 ;;                  1    wreg      void 
   971 ;; Registers used:
   972 ;;		wreg, status,2
   973 ;; Tracked objects:
   974 ;;		On entry : 0/0
   975 ;;		On exit  : 0/0
   976 ;;		Unchanged: 0/0
   977 ;; Data sizes:     COMRAM   BANK0   BANK1   BANK2   BANK3   BANK4   BANK5   BANK6   BANK7   BANK8   BANK9  BANK10  BANK1
      +1  BANK12  BANK13  BANK14  BANK15
   978 ;;      Params:         0       0       0       0       0       0       0       0       0       0       0       0       
      +0       0       0       0       0
   979 ;;      Locals:         0       0       0       0       0       0       0       0       0       0       0       0       
      +0       0       0       0       0
   980 ;;      Temps:          0       0       0       0       0       0       0       0       0       0       0       0       
      +0       0       0       0       0
   981 ;;      Totals:         0       0       0       0       0       0       0       0       0       0       0       0       
      +0       0       0       0       0
   982 ;;Total ram usage:        0 bytes
   983 ;; Hardware stack levels used: 1
   984 ;; Hardware stack levels required when called: 7
   985 ;; This function calls:
   986 ;;		Nothing
   987 ;; This function is called by:
   988 ;;		_SYSTEM_Initialize
   989 ;; This function uses a non-reentrant model
   990 ;;
   991                           
   992                           	psect	text7
   993   00184A                     __ptext7:
   994                           	callstack 0
   995   00184A                     _I2C_Initialize:
   996                           	callstack 22
   997   00184A                     
   998                           ;mcc_generated_files/i2c_master.c: 169:     SSPSTAT = 0x80;
   999   00184A  0E80               	movlw	128
  1000   00184C  6EC7               	movwf	199,c	;volatile
  1001                           
  1002                           ;mcc_generated_files/i2c_master.c: 170:     SSPCON1 = 0x08;
  1003   00184E  0E08               	movlw	8
  1004   001850  6EC6               	movwf	198,c	;volatile
  1005                           
  1006                           ;mcc_generated_files/i2c_master.c: 171:     SSPCON2 = 0x00;
  1007   001852  0E00               	movlw	0
  1008   001854  6EC5               	movwf	197,c	;volatile
  1009                           
  1010                           ;mcc_generated_files/i2c_master.c: 172:     SSPADD = 0x27;
  1011   001856  0E27               	movlw	39
  1012   001858  6EC8               	movwf	200,c	;volatile
  1013   00185A                     
  1014                           ;mcc_generated_files/i2c_master.c: 173:     SSPCON1bits.SSPEN = 0;
  1015   00185A  9AC6               	bcf	198,5,c	;volatile
  1016   00185C  0012               	return		;funcret
  1017   00185E                     __end_of_I2C_Initialize:
  1018                           	callstack 0
  1019                           
  1020 ;; *************** function _EUSART_Initialize *****************
  1021 ;; Defined at:
  1022 ;;		line 66 in file "mcc_generated_files/eusart.c"
  1023 ;; Parameters:    Size  Location     Type
  1024 ;;		None
  1025 ;; Auto vars:     Size  Location     Type
  1026 ;;		None
  1027 ;; Return value:  Size  Location     Type
  1028 ;;                  1    wreg      void 
  1029 ;; Registers used:
  1030 ;;		wreg, status,2, status,0, cstack
  1031 ;; Tracked objects:
  1032 ;;		On entry : 0/0
  1033 ;;		On exit  : 0/0
  1034 ;;		Unchanged: 0/0
  1035 ;; Data sizes:     COMRAM   BANK0   BANK1   BANK2   BANK3   BANK4   BANK5   BANK6   BANK7   BANK8   BANK9  BANK10  BANK1
      +1  BANK12  BANK13  BANK14  BANK15
  1036 ;;      Params:         0       0       0       0       0       0       0       0       0       0       0       0       
      +0       0       0       0       0
  1037 ;;      Locals:         0       0       0       0       0       0       0       0       0       0       0       0       
      +0       0       0       0       0
  1038 ;;      Temps:          0       0       0       0       0       0       0       0       0       0       0       0       
      +0       0       0       0       0
  1039 ;;      Totals:         0       0       0       0       0       0       0       0       0       0       0       0       
      +0       0       0       0       0
  1040 ;;Total ram usage:        0 bytes
  1041 ;; Hardware stack levels used: 1
  1042 ;; Hardware stack levels required when called: 8
  1043 ;; This function calls:
  1044 ;;		_EUSART_SetErrorHandler
  1045 ;;		_EUSART_SetFramingErrorHandler
  1046 ;;		_EUSART_SetOverrunErrorHandler
  1047 ;; This function is called by:
  1048 ;;		_SYSTEM_Initialize
  1049 ;; This function uses a non-reentrant model
  1050 ;;
  1051                           
  1052                           	psect	text8
  1053   001534                     __ptext8:
  1054                           	callstack 0
  1055   001534                     _EUSART_Initialize:
  1056                           	callstack 21
  1057   001534                     
  1058                           ;mcc_generated_files/eusart.c: 71:     BAUDCON = 0x08;
  1059   001534  0E08               	movlw	8
  1060   001536  6EB8               	movwf	184,c	;volatile
  1061                           
  1062                           ;mcc_generated_files/eusart.c: 74:     RCSTA = 0x90;
  1063   001538  0E90               	movlw	144
  1064   00153A  6EAB               	movwf	171,c	;volatile
  1065                           
  1066                           ;mcc_generated_files/eusart.c: 77:     TXSTA = 0x24;
  1067   00153C  0E24               	movlw	36
  1068   00153E  6EAC               	movwf	172,c	;volatile
  1069                           
  1070                           ;mcc_generated_files/eusart.c: 80:     SPBRG = 0xA0;
  1071   001540  0EA0               	movlw	160
  1072   001542  6EAF               	movwf	175,c	;volatile
  1073                           
  1074                           ;mcc_generated_files/eusart.c: 83:     SPBRGH = 0x01;
  1075   001544  0E01               	movlw	1
  1076   001546  6EB0               	movwf	176,c	;volatile
  1077   001548                     
  1078                           ;mcc_generated_files/eusart.c: 86:     EUSART_SetFramingErrorHandler(EUSART_DefaultFrami
      +                          ngErrorHandler);
  1079   001548  0E00               	movlw	0
  1080   00154A  0100               	movlb	0	; () banked
  1081   00154C  6F72               	movwf	EUSART_SetFramingErrorHandler@interruptHandler& (0+255),b
  1082   00154E  0E00               	movlw	0
  1083   001550  6F73               	movwf	(EUSART_SetFramingErrorHandler@interruptHandler+1)& (0+255),b
  1084   001552  EC50  F00C         	call	_EUSART_SetFramingErrorHandler	;wreg free
  1085   001556                     
  1086                           ;mcc_generated_files/eusart.c: 87:     EUSART_SetOverrunErrorHandler(EUSART_DefaultOverr
      +                          unErrorHandler);
  1087   001556  0E00               	movlw	0
  1088   001558  0100               	movlb	0	; () banked
  1089   00155A  6F72               	movwf	EUSART_SetOverrunErrorHandler@interruptHandler& (0+255),b
  1090   00155C  0E00               	movlw	0
  1091   00155E  6F73               	movwf	(EUSART_SetOverrunErrorHandler@interruptHandler+1)& (0+255),b
  1092   001560  EC4B  F00C         	call	_EUSART_SetOverrunErrorHandler	;wreg free
  1093   001564                     
  1094                           ;mcc_generated_files/eusart.c: 88:     EUSART_SetErrorHandler(EUSART_DefaultErrorHandler
      +                          );
  1095   001564  0E00               	movlw	0
  1096   001566  0100               	movlb	0	; () banked
  1097   001568  6F72               	movwf	EUSART_SetErrorHandler@interruptHandler& (0+255),b
  1098   00156A  0E00               	movlw	0
  1099   00156C  6F73               	movwf	(EUSART_SetErrorHandler@interruptHandler+1)& (0+255),b
  1100   00156E  EC55  F00C         	call	_EUSART_SetErrorHandler	;wreg free
  1101   001572                     
  1102                           ;mcc_generated_files/eusart.c: 90:     eusartRxLastError.status = 0;
  1103   001572  0E00               	movlw	0
  1104   001574  6E2D               	movwf	_eusartRxLastError^0,c	;volatile
  1105   001576  0012               	return		;funcret
  1106   001578                     __end_of_EUSART_Initialize:
  1107                           	callstack 0
  1108                           
  1109 ;; *************** function _EUSART_SetOverrunErrorHandler *****************
  1110 ;; Defined at:
  1111 ;;		line 161 in file "mcc_generated_files/eusart.c"
  1112 ;; Parameters:    Size  Location     Type
  1113 ;;  interruptHan    2    0[BANK0 ] PTR FTN()void 
  1114 ;;		 -> EUSART_DefaultOverrunErrorHandler(1), 
  1115 ;; Auto vars:     Size  Location     Type
  1116 ;;		None
  1117 ;; Return value:  Size  Location     Type
  1118 ;;                  1    wreg      void 
  1119 ;; Registers used:
  1120 ;;		wreg, status,2, status,0
  1121 ;; Tracked objects:
  1122 ;;		On entry : 0/0
  1123 ;;		On exit  : 0/0
  1124 ;;		Unchanged: 0/0
  1125 ;; Data sizes:     COMRAM   BANK0   BANK1   BANK2   BANK3   BANK4   BANK5   BANK6   BANK7   BANK8   BANK9  BANK10  BANK1
      +1  BANK12  BANK13  BANK14  BANK15
  1126 ;;      Params:         0       2       0       0       0       0       0       0       0       0       0       0       
      +0       0       0       0       0
  1127 ;;      Locals:         0       0       0       0       0       0       0       0       0       0       0       0       
      +0       0       0       0       0
  1128 ;;      Temps:          0       0       0       0       0       0       0       0       0       0       0       0       
      +0       0       0       0       0
  1129 ;;      Totals:         0       2       0       0       0       0       0       0       0       0       0       0       
      +0       0       0       0       0
  1130 ;;Total ram usage:        2 bytes
  1131 ;; Hardware stack levels used: 1
  1132 ;; Hardware stack levels required when called: 7
  1133 ;; This function calls:
  1134 ;;		Nothing
  1135 ;; This function is called by:
  1136 ;;		_EUSART_Initialize
  1137 ;; This function uses a non-reentrant model
  1138 ;;
  1139                           
  1140                           	psect	text9
  1141   001896                     __ptext9:
  1142                           	callstack 0
  1143   001896                     _EUSART_SetOverrunErrorHandler:
  1144                           	callstack 21
  1145   001896                     
  1146                           ;mcc_generated_files/eusart.c: 162:     EUSART_OverrunErrorHandler = interruptHandler;
  1147   001896  C072  F049         	movff	EUSART_SetOverrunErrorHandler@interruptHandler,_EUSART_OverrunErrorHandler
  1148   00189A  C073  F04A         	movff	EUSART_SetOverrunErrorHandler@interruptHandler+1,_EUSART_OverrunErrorHandler+1
  1149   00189E  0012               	return		;funcret
  1150   0018A0                     __end_of_EUSART_SetOverrunErrorHandler:
  1151                           	callstack 0
  1152                           
  1153 ;; *************** function _EUSART_SetFramingErrorHandler *****************
  1154 ;; Defined at:
  1155 ;;		line 157 in file "mcc_generated_files/eusart.c"
  1156 ;; Parameters:    Size  Location     Type
  1157 ;;  interruptHan    2    0[BANK0 ] PTR FTN()void 
  1158 ;;		 -> EUSART_DefaultFramingErrorHandler(1), 
  1159 ;; Auto vars:     Size  Location     Type
  1160 ;;		None
  1161 ;; Return value:  Size  Location     Type
  1162 ;;                  1    wreg      void 
  1163 ;; Registers used:
  1164 ;;		wreg, status,2, status,0
  1165 ;; Tracked objects:
  1166 ;;		On entry : 0/0
  1167 ;;		On exit  : 0/0
  1168 ;;		Unchanged: 0/0
  1169 ;; Data sizes:     COMRAM   BANK0   BANK1   BANK2   BANK3   BANK4   BANK5   BANK6   BANK7   BANK8   BANK9  BANK10  BANK1
      +1  BANK12  BANK13  BANK14  BANK15
  1170 ;;      Params:         0       2       0       0       0       0       0       0       0       0       0       0       
      +0       0       0       0       0
  1171 ;;      Locals:         0       0       0       0       0       0       0       0       0       0       0       0       
      +0       0       0       0       0
  1172 ;;      Temps:          0       0       0       0       0       0       0       0       0       0       0       0       
      +0       0       0       0       0
  1173 ;;      Totals:         0       2       0       0       0       0       0       0       0       0       0       0       
      +0       0       0       0       0
  1174 ;;Total ram usage:        2 bytes
  1175 ;; Hardware stack levels used: 1
  1176 ;; Hardware stack levels required when called: 7
  1177 ;; This function calls:
  1178 ;;		Nothing
  1179 ;; This function is called by:
  1180 ;;		_EUSART_Initialize
  1181 ;; This function uses a non-reentrant model
  1182 ;;
  1183                           
  1184                           	psect	text10
  1185   0018A0                     __ptext10:
  1186                           	callstack 0
  1187   0018A0                     _EUSART_SetFramingErrorHandler:
  1188                           	callstack 21
  1189   0018A0                     
  1190                           ;mcc_generated_files/eusart.c: 158:     EUSART_FramingErrorHandler = interruptHandler;
  1191   0018A0  C072  F04B         	movff	EUSART_SetFramingErrorHandler@interruptHandler,_EUSART_FramingErrorHandler
  1192   0018A4  C073  F04C         	movff	EUSART_SetFramingErrorHandler@interruptHandler+1,_EUSART_FramingErrorHandler+1
  1193   0018A8  0012               	return		;funcret
  1194   0018AA                     __end_of_EUSART_SetFramingErrorHandler:
  1195                           	callstack 0
  1196                           
  1197 ;; *************** function _EUSART_SetErrorHandler *****************
  1198 ;; Defined at:
  1199 ;;		line 165 in file "mcc_generated_files/eusart.c"
  1200 ;; Parameters:    Size  Location     Type
  1201 ;;  interruptHan    2    0[BANK0 ] PTR FTN()void 
  1202 ;;		 -> EUSART_DefaultErrorHandler(1), 
  1203 ;; Auto vars:     Size  Location     Type
  1204 ;;		None
  1205 ;; Return value:  Size  Location     Type
  1206 ;;                  1    wreg      void 
  1207 ;; Registers used:
  1208 ;;		wreg, status,2, status,0
  1209 ;; Tracked objects:
  1210 ;;		On entry : 0/0
  1211 ;;		On exit  : 0/0
  1212 ;;		Unchanged: 0/0
  1213 ;; Data sizes:     COMRAM   BANK0   BANK1   BANK2   BANK3   BANK4   BANK5   BANK6   BANK7   BANK8   BANK9  BANK10  BANK1
      +1  BANK12  BANK13  BANK14  BANK15
  1214 ;;      Params:         0       2       0       0       0       0       0       0       0       0       0       0       
      +0       0       0       0       0
  1215 ;;      Locals:         0       0       0       0       0       0       0       0       0       0       0       0       
      +0       0       0       0       0
  1216 ;;      Temps:          0       0       0       0       0       0       0       0       0       0       0       0       
      +0       0       0       0       0
  1217 ;;      Totals:         0       2       0       0       0       0       0       0       0       0       0       0       
      +0       0       0       0       0
  1218 ;;Total ram usage:        2 bytes
  1219 ;; Hardware stack levels used: 1
  1220 ;; Hardware stack levels required when called: 7
  1221 ;; This function calls:
  1222 ;;		Nothing
  1223 ;; This function is called by:
  1224 ;;		_EUSART_Initialize
  1225 ;; This function uses a non-reentrant model
  1226 ;;
  1227                           
  1228                           	psect	text11
  1229   0018AA                     __ptext11:
  1230                           	callstack 0
  1231   0018AA                     _EUSART_SetErrorHandler:
  1232                           	callstack 21
  1233   0018AA                     
  1234                           ;mcc_generated_files/eusart.c: 166:     EUSART_ErrorHandler = interruptHandler;
  1235   0018AA  C072  F082         	movff	EUSART_SetErrorHandler@interruptHandler,_EUSART_ErrorHandler
  1236   0018AE  C073  F083         	movff	EUSART_SetErrorHandler@interruptHandler+1,_EUSART_ErrorHandler+1
  1237   0018B2  0012               	return		;funcret
  1238   0018B4                     __end_of_EUSART_SetErrorHandler:
  1239                           	callstack 0
  1240                           
  1241 ;; *************** function _I2C_Write1ByteRegister *****************
  1242 ;; Defined at:
  1243 ;;		line 91 in file "mcc_generated_files/examples/i2c_master_example.c"
  1244 ;; Parameters:    Size  Location     Type
  1245 ;;  address         1    wreg     unsigned char 
  1246 ;;  reg             1    9[BANK0 ] unsigned char 
  1247 ;;  data            1   10[BANK0 ] unsigned char 
  1248 ;; Auto vars:     Size  Location     Type
  1249 ;;  address         1   11[BANK0 ] unsigned char 
  1250 ;; Return value:  Size  Location     Type
  1251 ;;                  1    wreg      void 
  1252 ;; Registers used:
  1253 ;;		wreg, fsr2l, fsr2h, status,2, status,0, prodl, prodh, cstack
  1254 ;; Tracked objects:
  1255 ;;		On entry : 0/0
  1256 ;;		On exit  : 0/0
  1257 ;;		Unchanged: 0/0
  1258 ;; Data sizes:     COMRAM   BANK0   BANK1   BANK2   BANK3   BANK4   BANK5   BANK6   BANK7   BANK8   BANK9  BANK10  BANK1
      +1  BANK12  BANK13  BANK14  BANK15
  1259 ;;      Params:         0       2       0       0       0       0       0       0       0       0       0       0       
      +0       0       0       0       0
  1260 ;;      Locals:         0       1       0       0       0       0       0       0       0       0       0       0       
      +0       0       0       0       0
  1261 ;;      Temps:          0       0       0       0       0       0       0       0       0       0       0       0       
      +0       0       0       0       0
  1262 ;;      Totals:         0       3       0       0       0       0       0       0       0       0       0       0       
      +0       0       0       0       0
  1263 ;;Total ram usage:        3 bytes
  1264 ;; Hardware stack levels used: 1
  1265 ;; Hardware stack levels required when called: 10
  1266 ;; This function calls:
  1267 ;;		_I2C_Close
  1268 ;;		_I2C_MasterWrite
  1269 ;;		_I2C_Open
  1270 ;;		_I2C_SetAddressNackCallback
  1271 ;;		_I2C_SetBuffer
  1272 ;;		_I2C_SetDataCompleteCallback
  1273 ;; This function is called by:
  1274 ;;		_main
  1275 ;;		_EEPROM_24C02C_Write_Byte
  1276 ;; This function uses a non-reentrant model
  1277 ;;
  1278                           
  1279                           	psect	text12
  1280   001326                     __ptext12:
  1281                           	callstack 0
  1282   001326                     _I2C_Write1ByteRegister:
  1283                           	callstack 20
  1284                           
  1285                           ;incstack = 0
  1286                           ;I2C_Write1ByteRegister@address stored from wreg
  1287   001326  0100               	movlb	0	; () banked
  1288   001328  6F7D               	movwf	I2C_Write1ByteRegister@address& (0+255),b
  1289   00132A                     l3062:
  1290   00132A  0100               	movlb	0	; () banked
  1291   00132C  517D               	movf	I2C_Write1ByteRegister@address& (0+255),w,b
  1292   00132E  ECC6  F008         	call	_I2C_Open
  1293   001332  0900               	iorlw	0
  1294   001334  B4D8               	btfsc	status,2,c
  1295   001336  EF9F  F009         	goto	u1131
  1296   00133A  EFA1  F009         	goto	u1130
  1297   00133E                     u1131:
  1298   00133E  EF95  F009         	goto	l3062
  1299   001342                     u1130:
  1300   001342                     
  1301                           ;mcc_generated_files/examples/i2c_master_example.c: 94:     I2C_SetDataCompleteCallback(
      +                          wr1RegCompleteHandler,&data);
  1302   001342  0E9C               	movlw	low _wr1RegCompleteHandler
  1303   001344  0100               	movlb	0	; () banked
  1304   001346  6F77               	movwf	I2C_SetDataCompleteCallback@cb& (0+255),b
  1305   001348  0E16               	movlw	high _wr1RegCompleteHandler
  1306   00134A  6F78               	movwf	(I2C_SetDataCompleteCallback@cb+1)& (0+255),b
  1307   00134C  0E7C               	movlw	low I2C_Write1ByteRegister@data
  1308   00134E  6F79               	movwf	I2C_SetDataCompleteCallback@ptr& (0+255),b
  1309   001350  6B7A               	clrf	(I2C_SetDataCompleteCallback@ptr+1)& (0+255),b
  1310   001352  ECF6  F00B         	call	_I2C_SetDataCompleteCallback	;wreg free
  1311   001356                     
  1312                           ;mcc_generated_files/examples/i2c_master_example.c: 95:     I2C_SetBuffer(&reg,1);
  1313   001356  0E7B               	movlw	low I2C_Write1ByteRegister@reg
  1314   001358  0100               	movlb	0	; () banked
  1315   00135A  6F72               	movwf	I2C_SetBuffer@buffer& (0+255),b
  1316   00135C  6B73               	clrf	(I2C_SetBuffer@buffer+1)& (0+255),b
  1317   00135E  0E00               	movlw	0
  1318   001360  6F75               	movwf	(I2C_SetBuffer@bufferSize+1)& (0+255),b
  1319   001362  0E01               	movlw	1
  1320   001364  6F74               	movwf	I2C_SetBuffer@bufferSize& (0+255),b
  1321   001366  ECB7  F00B         	call	_I2C_SetBuffer	;wreg free
  1322   00136A                     
  1323                           ;mcc_generated_files/examples/i2c_master_example.c: 96:     I2C_SetAddressNackCallback((
      +                          (void*)0),((void*)0));
  1324   00136A  0E00               	movlw	0
  1325   00136C  0100               	movlb	0	; () banked
  1326   00136E  6F77               	movwf	I2C_SetAddressNackCallback@cb& (0+255),b
  1327   001370  0E00               	movlw	0
  1328   001372  6F78               	movwf	(I2C_SetAddressNackCallback@cb+1)& (0+255),b
  1329   001374  0E00               	movlw	0
  1330   001376  6F79               	movwf	I2C_SetAddressNackCallback@ptr& (0+255),b
  1331   001378  0E00               	movlw	0
  1332   00137A  6F7A               	movwf	(I2C_SetAddressNackCallback@ptr+1)& (0+255),b
  1333   00137C  EC02  F00C         	call	_I2C_SetAddressNackCallback	;wreg free
  1334   001380                     
  1335                           ;mcc_generated_files/examples/i2c_master_example.c: 97:     I2C_MasterWrite();
  1336   001380  EC6E  F00C         	call	_I2C_MasterWrite	;wreg free
  1337   001384                     l3072:
  1338   001384  EC37  F00B         	call	_I2C_Close	;wreg free
  1339   001388  06E8               	decf	wreg,f,c
  1340   00138A  B4D8               	btfsc	status,2,c
  1341   00138C  EFCA  F009         	goto	u1141
  1342   001390  EFCC  F009         	goto	u1140
  1343   001394                     u1141:
  1344   001394  EFC2  F009         	goto	l3072
  1345   001398                     u1140:
  1346   001398  0012               	return		;funcret
  1347   00139A                     __end_of_I2C_Write1ByteRegister:
  1348                           	callstack 0
  1349                           
  1350 ;; *************** function _I2C_SetDataCompleteCallback *****************
  1351 ;; Defined at:
  1352 ;;		line 274 in file "mcc_generated_files/i2c_master.c"
  1353 ;; Parameters:    Size  Location     Type
  1354 ;;  cb              2    5[BANK0 ] PTR FTN(PTR void ,)enum 
  1355 ;;		 -> NULL(1), rdBlkRegCompleteHandler(1), wr2RegCompleteHandler(1), wr1RegCompleteHandler(1), 
  1356 ;;		 -> rd2RegCompleteHandler(1), rd1RegCompleteHandler(1), 
  1357 ;;  ptr             2    7[BANK0 ] PTR void 
  1358 ;;		 -> I2C_ReadDataBlock@bufferBlock(4), I2C_Write2ByteRegister@data(2), I2C_Write1ByteRegister@data(1), I2C_Read2ByteR
      +egister@returnValue(2), 
  1359 ;;		 -> NULL(0), I2C_Read1ByteRegister@returnValue(1), 
  1360 ;; Auto vars:     Size  Location     Type
  1361 ;;		None
  1362 ;; Return value:  Size  Location     Type
  1363 ;;                  1    wreg      void 
  1364 ;; Registers used:
  1365 ;;		wreg, fsr2l, fsr2h, status,2, status,0, prodl, prodh, cstack
  1366 ;; Tracked objects:
  1367 ;;		On entry : 0/0
  1368 ;;		On exit  : 0/0
  1369 ;;		Unchanged: 0/0
  1370 ;; Data sizes:     COMRAM   BANK0   BANK1   BANK2   BANK3   BANK4   BANK5   BANK6   BANK7   BANK8   BANK9  BANK10  BANK1
      +1  BANK12  BANK13  BANK14  BANK15
  1371 ;;      Params:         0       4       0       0       0       0       0       0       0       0       0       0       
      +0       0       0       0       0
  1372 ;;      Locals:         0       0       0       0       0       0       0       0       0       0       0       0       
      +0       0       0       0       0
  1373 ;;      Temps:          0       0       0       0       0       0       0       0       0       0       0       0       
      +0       0       0       0       0
  1374 ;;      Totals:         0       4       0       0       0       0       0       0       0       0       0       0       
      +0       0       0       0       0
  1375 ;;Total ram usage:        4 bytes
  1376 ;; Hardware stack levels used: 1
  1377 ;; Hardware stack levels required when called: 8
  1378 ;; This function calls:
  1379 ;;		_I2C_SetCallback
  1380 ;; This function is called by:
  1381 ;;		_I2C_Read1ByteRegister
  1382 ;;		_I2C_Write1ByteRegister
  1383 ;;		_I2C_Read2ByteRegister
  1384 ;;		_I2C_Write2ByteRegister
  1385 ;;		_I2C_ReadDataBlock
  1386 ;; This function uses a non-reentrant model
  1387 ;;
  1388                           
  1389                           	psect	text13
  1390   0017EC                     __ptext13:
  1391                           	callstack 0
  1392   0017EC                     _I2C_SetDataCompleteCallback:
  1393                           	callstack 20
  1394   0017EC                     
  1395                           ;mcc_generated_files/i2c_master.c: 274: void I2C_SetDataCompleteCallback(i2c_callback_t 
      +                          cb, void *ptr);mcc_generated_files/i2c_master.c: 275: {;mcc_generated_files/i2c_master.c
      +                          : 276:     I2C_SetCallback(I2C_DATA_COMPLETE, cb, ptr);
  1396   0017EC  C077  F072         	movff	I2C_SetDataCompleteCallback@cb,I2C_SetCallback@cb
  1397   0017F0  C078  F073         	movff	I2C_SetDataCompleteCallback@cb+1,I2C_SetCallback@cb+1
  1398   0017F4  C079  F074         	movff	I2C_SetDataCompleteCallback@ptr,I2C_SetCallback@ptr
  1399   0017F8  C07A  F075         	movff	I2C_SetDataCompleteCallback@ptr+1,I2C_SetCallback@ptr+1
  1400   0017FC  0E00               	movlw	0
  1401   0017FE  ECCD  F009         	call	_I2C_SetCallback
  1402   001802  0012               	return		;funcret
  1403   001804                     __end_of_I2C_SetDataCompleteCallback:
  1404                           	callstack 0
  1405                           
  1406 ;; *************** function _I2C_SetBuffer *****************
  1407 ;; Defined at:
  1408 ;;		line 264 in file "mcc_generated_files/i2c_master.c"
  1409 ;; Parameters:    Size  Location     Type
  1410 ;;  buffer          2    0[BANK0 ] PTR void 
  1411 ;;		 -> I2C_ReadDataBlock@reg(1), I2C_ReadDataBlock@bufferBlock(4), I2C_Write2ByteRegister@reg(1), I2C_Write2ByteRegiste
      +r@data(2), 
  1412 ;;		 -> I2C_Write1ByteRegister@reg(1), I2C_Write1ByteRegister@data(1), I2C_Read2ByteRegister@reg(1), I2C_Read2ByteRegist
      +er@returnValue(2), 
  1413 ;;		 -> NULL(0), I2C_Read1ByteRegister@reg(1), I2C_Read1ByteRegister@returnValue(1), 
  1414 ;;  bufferSize      2    2[BANK0 ] unsigned int 
  1415 ;; Auto vars:     Size  Location     Type
  1416 ;;		None
  1417 ;; Return value:  Size  Location     Type
  1418 ;;                  1    wreg      void 
  1419 ;; Registers used:
  1420 ;;		wreg, status,2, status,0
  1421 ;; Tracked objects:
  1422 ;;		On entry : 0/0
  1423 ;;		On exit  : 0/0
  1424 ;;		Unchanged: 0/0
  1425 ;; Data sizes:     COMRAM   BANK0   BANK1   BANK2   BANK3   BANK4   BANK5   BANK6   BANK7   BANK8   BANK9  BANK10  BANK1
      +1  BANK12  BANK13  BANK14  BANK15
  1426 ;;      Params:         0       4       0       0       0       0       0       0       0       0       0       0       
      +0       0       0       0       0
  1427 ;;      Locals:         0       0       0       0       0       0       0       0       0       0       0       0       
      +0       0       0       0       0
  1428 ;;      Temps:          0       0       0       0       0       0       0       0       0       0       0       0       
      +0       0       0       0       0
  1429 ;;      Totals:         0       4       0       0       0       0       0       0       0       0       0       0       
      +0       0       0       0       0
  1430 ;;Total ram usage:        4 bytes
  1431 ;; Hardware stack levels used: 1
  1432 ;; Hardware stack levels required when called: 7
  1433 ;; This function calls:
  1434 ;;		Nothing
  1435 ;; This function is called by:
  1436 ;;		_I2C_Read1ByteRegister
  1437 ;;		_I2C_Write1ByteRegister
  1438 ;;		_I2C_Read2ByteRegister
  1439 ;;		_I2C_Write2ByteRegister
  1440 ;;		_I2C_WriteNBytes
  1441 ;;		_I2C_ReadNBytes
  1442 ;;		_I2C_ReadDataBlock
  1443 ;; This function uses a non-reentrant model
  1444 ;;
  1445                           
  1446                           	psect	text14
  1447   00176E                     __ptext14:
  1448                           	callstack 0
  1449   00176E                     _I2C_SetBuffer:
  1450                           	callstack 21
  1451   00176E                     
  1452                           ;mcc_generated_files/i2c_master.c: 264: void I2C_SetBuffer(void *buffer, size_t bufferSi
      +                          ze);mcc_generated_files/i2c_master.c: 265: {;mcc_generated_files/i2c_master.c: 266:     
      +                          if(I2C_Status.bufferFree)
  1453   00176E  A624               	btfss	(_I2C_Status+35)^0,3,c
  1454   001770  EFBC  F00B         	goto	u991
  1455   001774  EFBE  F00B         	goto	u990
  1456   001778                     u991:
  1457   001778  EFC7  F00B         	goto	l283
  1458   00177C                     u990:
  1459   00177C                     
  1460                           ;mcc_generated_files/i2c_master.c: 267:     {;mcc_generated_files/i2c_master.c: 268:    
      +                               I2C_Status.data_ptr = buffer;
  1461   00177C  C072  F01E         	movff	I2C_SetBuffer@buffer,_I2C_Status+29
  1462   001780  C073  F01F         	movff	I2C_SetBuffer@buffer+1,_I2C_Status+30
  1463   001784                     
  1464                           ;mcc_generated_files/i2c_master.c: 269:         I2C_Status.data_length = bufferSize;
  1465   001784  C074  F020         	movff	I2C_SetBuffer@bufferSize,_I2C_Status+31
  1466   001788  C075  F021         	movff	I2C_SetBuffer@bufferSize+1,_I2C_Status+32
  1467   00178C                     
  1468                           ;mcc_generated_files/i2c_master.c: 270:         I2C_Status.bufferFree = 0;
  1469   00178C  9624               	bcf	(_I2C_Status+35)^0,3,c
  1470   00178E                     l283:
  1471   00178E  0012               	return		;funcret
  1472   001790                     __end_of_I2C_SetBuffer:
  1473                           	callstack 0
  1474                           
  1475 ;; *************** function _I2C_SetAddressNackCallback *****************
  1476 ;; Defined at:
  1477 ;;		line 284 in file "mcc_generated_files/i2c_master.c"
  1478 ;; Parameters:    Size  Location     Type
  1479 ;;  cb              2    5[BANK0 ] PTR FTN(PTR void ,)enum 
  1480 ;;		 -> NULL(1), 
  1481 ;;  ptr             2    7[BANK0 ] PTR void 
  1482 ;;		 -> NULL(0), 
  1483 ;; Auto vars:     Size  Location     Type
  1484 ;;		None
  1485 ;; Return value:  Size  Location     Type
  1486 ;;                  1    wreg      void 
  1487 ;; Registers used:
  1488 ;;		wreg, fsr2l, fsr2h, status,2, status,0, prodl, prodh, cstack
  1489 ;; Tracked objects:
  1490 ;;		On entry : 0/0
  1491 ;;		On exit  : 0/0
  1492 ;;		Unchanged: 0/0
  1493 ;; Data sizes:     COMRAM   BANK0   BANK1   BANK2   BANK3   BANK4   BANK5   BANK6   BANK7   BANK8   BANK9  BANK10  BANK1
      +1  BANK12  BANK13  BANK14  BANK15
  1494 ;;      Params:         0       4       0       0       0       0       0       0       0       0       0       0       
      +0       0       0       0       0
  1495 ;;      Locals:         0       0       0       0       0       0       0       0       0       0       0       0       
      +0       0       0       0       0
  1496 ;;      Temps:          0       0       0       0       0       0       0       0       0       0       0       0       
      +0       0       0       0       0
  1497 ;;      Totals:         0       4       0       0       0       0       0       0       0       0       0       0       
      +0       0       0       0       0
  1498 ;;Total ram usage:        4 bytes
  1499 ;; Hardware stack levels used: 1
  1500 ;; Hardware stack levels required when called: 8
  1501 ;; This function calls:
  1502 ;;		_I2C_SetCallback
  1503 ;; This function is called by:
  1504 ;;		_I2C_Read1ByteRegister
  1505 ;;		_I2C_Write1ByteRegister
  1506 ;;		_I2C_Read2ByteRegister
  1507 ;;		_I2C_Write2ByteRegister
  1508 ;;		_I2C_WriteNBytes
  1509 ;;		_I2C_ReadDataBlock
  1510 ;; This function uses a non-reentrant model
  1511 ;;
  1512                           
  1513                           	psect	text15
  1514   001804                     __ptext15:
  1515                           	callstack 0
  1516   001804                     _I2C_SetAddressNackCallback:
  1517                           	callstack 20
  1518   001804                     
  1519                           ;mcc_generated_files/i2c_master.c: 284: void I2C_SetAddressNackCallback(i2c_callback_t c
      +                          b, void *ptr);mcc_generated_files/i2c_master.c: 285: {;mcc_generated_files/i2c_master.c:
      +                           286:     I2C_SetCallback(I2C_ADDR_NACK, cb, ptr);
  1520   001804  C077  F072         	movff	I2C_SetAddressNackCallback@cb,I2C_SetCallback@cb
  1521   001808  C078  F073         	movff	I2C_SetAddressNackCallback@cb+1,I2C_SetCallback@cb+1
  1522   00180C  C079  F074         	movff	I2C_SetAddressNackCallback@ptr,I2C_SetCallback@ptr
  1523   001810  C07A  F075         	movff	I2C_SetAddressNackCallback@ptr+1,I2C_SetCallback@ptr+1
  1524   001814  0E02               	movlw	2
  1525   001816  ECCD  F009         	call	_I2C_SetCallback
  1526   00181A  0012               	return		;funcret
  1527   00181C                     __end_of_I2C_SetAddressNackCallback:
  1528                           	callstack 0
  1529                           
  1530 ;; *************** function _I2C_SetCallback *****************
  1531 ;; Defined at:
  1532 ;;		line 304 in file "mcc_generated_files/i2c_master.c"
  1533 ;; Parameters:    Size  Location     Type
  1534 ;;  idx             1    wreg     enum E3152
  1535 ;;  cb              2    0[BANK0 ] PTR FTN(PTR void ,)enum 
  1536 ;;		 -> NULL(1), rdBlkRegCompleteHandler(1), wr2RegCompleteHandler(1), wr1RegCompleteHandler(1), 
  1537 ;;		 -> rd2RegCompleteHandler(1), rd1RegCompleteHandler(1), 
  1538 ;;  ptr             2    2[BANK0 ] PTR void 
  1539 ;;		 -> I2C_ReadDataBlock@bufferBlock(4), I2C_Write2ByteRegister@data(2), I2C_Write1ByteRegister@data(1), I2C_Read2ByteR
      +egister@returnValue(2), 
  1540 ;;		 -> NULL(0), I2C_Read1ByteRegister@returnValue(1), 
  1541 ;; Auto vars:     Size  Location     Type
  1542 ;;  idx             1    4[BANK0 ] enum E3152
  1543 ;; Return value:  Size  Location     Type
  1544 ;;                  1    wreg      void 
  1545 ;; Registers used:
  1546 ;;		wreg, fsr2l, fsr2h, status,2, status,0, prodl, prodh
  1547 ;; Tracked objects:
  1548 ;;		On entry : 0/0
  1549 ;;		On exit  : 0/0
  1550 ;;		Unchanged: 0/0
  1551 ;; Data sizes:     COMRAM   BANK0   BANK1   BANK2   BANK3   BANK4   BANK5   BANK6   BANK7   BANK8   BANK9  BANK10  BANK1
      +1  BANK12  BANK13  BANK14  BANK15
  1552 ;;      Params:         0       4       0       0       0       0       0       0       0       0       0       0       
      +0       0       0       0       0
  1553 ;;      Locals:         0       1       0       0       0       0       0       0       0       0       0       0       
      +0       0       0       0       0
  1554 ;;      Temps:          0       0       0       0       0       0       0       0       0       0       0       0       
      +0       0       0       0       0
  1555 ;;      Totals:         0       5       0       0       0       0       0       0       0       0       0       0       
      +0       0       0       0       0
  1556 ;;Total ram usage:        5 bytes
  1557 ;; Hardware stack levels used: 1
  1558 ;; Hardware stack levels required when called: 7
  1559 ;; This function calls:
  1560 ;;		Nothing
  1561 ;; This function is called by:
  1562 ;;		_I2C_SetDataCompleteCallback
  1563 ;;		_I2C_SetAddressNackCallback
  1564 ;;		_I2C_SetWriteCollisionCallback
  1565 ;;		_I2C_SetDataNackCallback
  1566 ;;		_I2C_SetTimeoutCallback
  1567 ;; This function uses a non-reentrant model
  1568 ;;
  1569                           
  1570                           	psect	text16
  1571   00139A                     __ptext16:
  1572                           	callstack 0
  1573   00139A                     _I2C_SetCallback:
  1574                           	callstack 20
  1575                           
  1576                           ;incstack = 0
  1577                           ;I2C_SetCallback@idx stored from wreg
  1578   00139A  0100               	movlb	0	; () banked
  1579   00139C  6F76               	movwf	I2C_SetCallback@idx& (0+255),b
  1580   00139E                     
  1581                           ;mcc_generated_files/i2c_master.c: 304: static void I2C_SetCallback(i2c_callbackIndex_t 
      +                          idx, i2c_callback_t cb, void *ptr);mcc_generated_files/i2c_master.c: 305: {;mcc_generate
      +                          d_files/i2c_master.c: 306:     if(cb)
  1582   00139E  0100               	movlb	0	; () banked
  1583   0013A0  5172               	movf	I2C_SetCallback@cb& (0+255),w,b
  1584   0013A2  1173               	iorwf	(I2C_SetCallback@cb+1)& (0+255),w,b
  1585   0013A4  B4D8               	btfsc	status,2,c
  1586   0013A6  EFD7  F009         	goto	u961
  1587   0013AA  EFD9  F009         	goto	u960
  1588   0013AE                     u961:
  1589   0013AE  EFEF  F009         	goto	l2726
  1590   0013B2                     u960:
  1591   0013B2                     
  1592                           ; BSR set to: 0
  1593                           ;mcc_generated_files/i2c_master.c: 307:     {;mcc_generated_files/i2c_master.c: 308:    
      +                               I2C_Status.callbackTable[idx] = cb;
  1594   0013B2  5176               	movf	I2C_SetCallback@idx& (0+255),w,b
  1595   0013B4  0D02               	mullw	2
  1596   0013B6  50F3               	movf	243,w,c
  1597   0013B8  0F01               	addlw	low _I2C_Status
  1598   0013BA  6ED9               	movwf	fsr2l,c
  1599   0013BC  6ADA               	clrf	fsr2h,c
  1600   0013BE  C072  FFDE         	movff	I2C_SetCallback@cb,postinc2
  1601   0013C2  C073  FFDD         	movff	I2C_SetCallback@cb+1,postdec2
  1602                           
  1603                           ;mcc_generated_files/i2c_master.c: 309:         I2C_Status.callbackPayload[idx] = ptr;
  1604   0013C6  5176               	movf	I2C_SetCallback@idx& (0+255),w,b
  1605   0013C8  0D02               	mullw	2
  1606   0013CA  50F3               	movf	243,w,c
  1607   0013CC  0F0D               	addlw	low (_I2C_Status+12)
  1608   0013CE  6ED9               	movwf	fsr2l,c
  1609   0013D0  6ADA               	clrf	fsr2h,c
  1610   0013D2  C074  FFDE         	movff	I2C_SetCallback@ptr,postinc2
  1611   0013D6  C075  FFDD         	movff	I2C_SetCallback@ptr+1,postdec2
  1612                           
  1613                           ;mcc_generated_files/i2c_master.c: 310:     }
  1614   0013DA  EF01  F00A         	goto	l306
  1615   0013DE                     l2726:
  1616                           
  1617                           ; BSR set to: 0
  1618                           ;mcc_generated_files/i2c_master.c: 312:     {;mcc_generated_files/i2c_master.c: 313:    
      +                               I2C_Status.callbackTable[idx] = I2C_CallbackReturnStop;
  1619   0013DE  5176               	movf	I2C_SetCallback@idx& (0+255),w,b
  1620   0013E0  0D02               	mullw	2
  1621   0013E2  50F3               	movf	243,w,c
  1622   0013E4  0F01               	addlw	low _I2C_Status
  1623   0013E6  6ED9               	movwf	fsr2l,c
  1624   0013E8  6ADA               	clrf	fsr2h,c
  1625   0013EA  0E62               	movlw	low _I2C_CallbackReturnStop
  1626   0013EC  6EDE               	movwf	postinc2,c
  1627   0013EE  0E19               	movlw	high _I2C_CallbackReturnStop
  1628   0013F0  6EDD               	movwf	postdec2,c
  1629                           
  1630                           ;mcc_generated_files/i2c_master.c: 314:         I2C_Status.callbackPayload[idx] = ((void
      +                          *)0);
  1631   0013F2  5176               	movf	I2C_SetCallback@idx& (0+255),w,b
  1632   0013F4  0D02               	mullw	2
  1633   0013F6  50F3               	movf	243,w,c
  1634   0013F8  0F0D               	addlw	low (_I2C_Status+12)
  1635   0013FA  6ED9               	movwf	fsr2l,c
  1636   0013FC  6ADA               	clrf	fsr2h,c
  1637   0013FE  6ADE               	clrf	postinc2,c
  1638   001400  6ADD               	clrf	postdec2,c
  1639   001402                     l306:
  1640                           
  1641                           ; BSR set to: 0
  1642   001402  0012               	return		;funcret
  1643   001404                     __end_of_I2C_SetCallback:
  1644                           	callstack 0
  1645                           
  1646 ;; *************** function _I2C_Open *****************
  1647 ;; Defined at:
  1648 ;;		line 176 in file "mcc_generated_files/i2c_master.c"
  1649 ;; Parameters:    Size  Location     Type
  1650 ;;  address         1    wreg     unsigned char 
  1651 ;; Auto vars:     Size  Location     Type
  1652 ;;  address         1    2[BANK0 ] unsigned char 
  1653 ;;  returnValue     1    3[BANK0 ] enum E358
  1654 ;; Return value:  Size  Location     Type
  1655 ;;                  1    wreg      enum E358
  1656 ;; Registers used:
  1657 ;;		wreg, status,2, status,0, cstack
  1658 ;; Tracked objects:
  1659 ;;		On entry : 0/0
  1660 ;;		On exit  : 0/0
  1661 ;;		Unchanged: 0/0
  1662 ;; Data sizes:     COMRAM   BANK0   BANK1   BANK2   BANK3   BANK4   BANK5   BANK6   BANK7   BANK8   BANK9  BANK10  BANK1
      +1  BANK12  BANK13  BANK14  BANK15
  1663 ;;      Params:         0       0       0       0       0       0       0       0       0       0       0       0       
      +0       0       0       0       0
  1664 ;;      Locals:         0       2       0       0       0       0       0       0       0       0       0       0       
      +0       0       0       0       0
  1665 ;;      Temps:          0       0       0       0       0       0       0       0       0       0       0       0       
      +0       0       0       0       0
  1666 ;;      Totals:         0       2       0       0       0       0       0       0       0       0       0       0       
      +0       0       0       0       0
  1667 ;;Total ram usage:        2 bytes
  1668 ;; Hardware stack levels used: 1
  1669 ;; Hardware stack levels required when called: 8
  1670 ;; This function calls:
  1671 ;;		_I2C_MasterClearIrq
  1672 ;;		_I2C_MasterEnableIrq
  1673 ;;		_I2C_MasterOpen
  1674 ;;		_I2C_SetInterruptHandler
  1675 ;; This function is called by:
  1676 ;;		_I2C_Read1ByteRegister
  1677 ;;		_I2C_Write1ByteRegister
  1678 ;;		_I2C_Read2ByteRegister
  1679 ;;		_I2C_Write2ByteRegister
  1680 ;;		_I2C_WriteNBytes
  1681 ;;		_I2C_ReadNBytes
  1682 ;;		_I2C_ReadDataBlock
  1683 ;; This function uses a non-reentrant model
  1684 ;;
  1685                           
  1686                           	psect	text17
  1687   00118C                     __ptext17:
  1688                           	callstack 0
  1689   00118C                     _I2C_Open:
  1690                           	callstack 20
  1691                           
  1692                           ; BSR set to: 0
  1693                           ;incstack = 0
  1694                           ;I2C_Open@address stored from wreg
  1695   00118C  0100               	movlb	0	; () banked
  1696   00118E  6F74               	movwf	I2C_Open@address& (0+255),b
  1697   001190                     
  1698                           ;mcc_generated_files/i2c_master.c: 176: i2c_error_t I2C_Open(i2c_address_t address);mcc_
      +                          generated_files/i2c_master.c: 177: {;mcc_generated_files/i2c_master.c: 178:     i2c_erro
      +                          r_t returnValue = I2C_BUSY;
  1699   001190  0E01               	movlw	1
  1700   001192  0100               	movlb	0	; () banked
  1701   001194  6F75               	movwf	I2C_Open@returnValue& (0+255),b
  1702   001196                     
  1703                           ; BSR set to: 0
  1704                           ;mcc_generated_files/i2c_master.c: 180:     if(!I2C_Status.inUse)
  1705   001196  B424               	btfsc	(_I2C_Status+35)^0,2,c
  1706   001198  EFD0  F008         	goto	u981
  1707   00119C  EFD2  F008         	goto	u980
  1708   0011A0                     u981:
  1709   0011A0  EF15  F009         	goto	l2832
  1710   0011A4                     u980:
  1711   0011A4                     
  1712                           ; BSR set to: 0
  1713                           ;mcc_generated_files/i2c_master.c: 181:     {;mcc_generated_files/i2c_master.c: 182:    
      +                               I2C_Status.address = address;
  1714   0011A4  C074  F01D         	movff	I2C_Open@address,_I2C_Status+28
  1715   0011A8                     
  1716                           ; BSR set to: 0
  1717                           ;mcc_generated_files/i2c_master.c: 183:         I2C_Status.busy = 0;
  1718   0011A8  9224               	bcf	(_I2C_Status+35)^0,1,c
  1719   0011AA                     
  1720                           ; BSR set to: 0
  1721                           ;mcc_generated_files/i2c_master.c: 184:         I2C_Status.inUse = 1;
  1722   0011AA  8424               	bsf	(_I2C_Status+35)^0,2,c
  1723   0011AC                     
  1724                           ; BSR set to: 0
  1725                           ;mcc_generated_files/i2c_master.c: 185:         I2C_Status.addressNackCheck = 0;
  1726   0011AC  9024               	bcf	(_I2C_Status+35)^0,0,c
  1727   0011AE                     
  1728                           ; BSR set to: 0
  1729                           ;mcc_generated_files/i2c_master.c: 186:         I2C_Status.state = I2C_RESET;
  1730   0011AE  0E0E               	movlw	14
  1731   0011B0  6E22               	movwf	(_I2C_Status+33)^0,c
  1732   0011B2                     
  1733                           ; BSR set to: 0
  1734                           ;mcc_generated_files/i2c_master.c: 187:         I2C_Status.time_out_value = 500;
  1735   0011B2  0E01               	movlw	1
  1736   0011B4  6E1C               	movwf	(_I2C_Status+27)^0,c
  1737   0011B6  0EF4               	movlw	244
  1738   0011B8  6E1B               	movwf	(_I2C_Status+26)^0,c
  1739   0011BA                     
  1740                           ; BSR set to: 0
  1741                           ;mcc_generated_files/i2c_master.c: 188:         I2C_Status.bufferFree = 1;
  1742   0011BA  8624               	bsf	(_I2C_Status+35)^0,3,c
  1743   0011BC                     
  1744                           ; BSR set to: 0
  1745                           ;mcc_generated_files/i2c_master.c: 191:         I2C_Status.callbackTable[I2C_DATA_COMPLE
      +                          TE]=I2C_CallbackReturnStop;
  1746   0011BC  0E62               	movlw	low _I2C_CallbackReturnStop
  1747   0011BE  6E01               	movwf	_I2C_Status^0,c
  1748   0011C0  0E19               	movlw	high _I2C_CallbackReturnStop
  1749   0011C2  6E02               	movwf	(_I2C_Status+1)^0,c
  1750   0011C4                     
  1751                           ; BSR set to: 0
  1752                           ;mcc_generated_files/i2c_master.c: 192:         I2C_Status.callbackPayload[I2C_DATA_COMP
      +                          LETE] = ((void*)0);
  1753   0011C4  0E00               	movlw	0
  1754   0011C6  6E0D               	movwf	(_I2C_Status+12)^0,c
  1755   0011C8  0E00               	movlw	0
  1756   0011CA  6E0E               	movwf	(_I2C_Status+13)^0,c
  1757   0011CC                     
  1758                           ; BSR set to: 0
  1759                           ;mcc_generated_files/i2c_master.c: 193:         I2C_Status.callbackTable[I2C_WRITE_COLLI
      +                          SION]=I2C_CallbackReturnStop;
  1760   0011CC  0E62               	movlw	low _I2C_CallbackReturnStop
  1761   0011CE  6E03               	movwf	(_I2C_Status+2)^0,c
  1762   0011D0  0E19               	movlw	high _I2C_CallbackReturnStop
  1763   0011D2  6E04               	movwf	(_I2C_Status+3)^0,c
  1764   0011D4                     
  1765                           ; BSR set to: 0
  1766                           ;mcc_generated_files/i2c_master.c: 194:         I2C_Status.callbackPayload[I2C_WRITE_COL
      +                          LISION] = ((void*)0);
  1767   0011D4  0E00               	movlw	0
  1768   0011D6  6E0F               	movwf	(_I2C_Status+14)^0,c
  1769   0011D8  0E00               	movlw	0
  1770   0011DA  6E10               	movwf	(_I2C_Status+15)^0,c
  1771   0011DC                     
  1772                           ; BSR set to: 0
  1773                           ;mcc_generated_files/i2c_master.c: 195:         I2C_Status.callbackTable[I2C_ADDR_NACK]=
      +                          I2C_CallbackReturnStop;
  1774   0011DC  0E62               	movlw	low _I2C_CallbackReturnStop
  1775   0011DE  6E05               	movwf	(_I2C_Status+4)^0,c
  1776   0011E0  0E19               	movlw	high _I2C_CallbackReturnStop
  1777   0011E2  6E06               	movwf	(_I2C_Status+5)^0,c
  1778   0011E4                     
  1779                           ; BSR set to: 0
  1780                           ;mcc_generated_files/i2c_master.c: 196:         I2C_Status.callbackPayload[I2C_ADDR_NACK
      +                          ] = ((void*)0);
  1781   0011E4  0E00               	movlw	0
  1782   0011E6  6E11               	movwf	(_I2C_Status+16)^0,c
  1783   0011E8  0E00               	movlw	0
  1784   0011EA  6E12               	movwf	(_I2C_Status+17)^0,c
  1785   0011EC                     
  1786                           ; BSR set to: 0
  1787                           ;mcc_generated_files/i2c_master.c: 197:         I2C_Status.callbackTable[I2C_DATA_NACK]=
      +                          I2C_CallbackReturnStop;
  1788   0011EC  0E62               	movlw	low _I2C_CallbackReturnStop
  1789   0011EE  6E07               	movwf	(_I2C_Status+6)^0,c
  1790   0011F0  0E19               	movlw	high _I2C_CallbackReturnStop
  1791   0011F2  6E08               	movwf	(_I2C_Status+7)^0,c
  1792   0011F4                     
  1793                           ; BSR set to: 0
  1794                           ;mcc_generated_files/i2c_master.c: 198:         I2C_Status.callbackPayload[I2C_DATA_NACK
      +                          ] = ((void*)0);
  1795   0011F4  0E00               	movlw	0
  1796   0011F6  6E13               	movwf	(_I2C_Status+18)^0,c
  1797   0011F8  0E00               	movlw	0
  1798   0011FA  6E14               	movwf	(_I2C_Status+19)^0,c
  1799   0011FC                     
  1800                           ; BSR set to: 0
  1801                           ;mcc_generated_files/i2c_master.c: 199:         I2C_Status.callbackTable[I2C_TIMEOUT]=I2
      +                          C_CallbackReturnReset;
  1802   0011FC  0E5E               	movlw	low _I2C_CallbackReturnReset
  1803   0011FE  6E09               	movwf	(_I2C_Status+8)^0,c
  1804   001200  0E19               	movlw	high _I2C_CallbackReturnReset
  1805   001202  6E0A               	movwf	(_I2C_Status+9)^0,c
  1806   001204                     
  1807                           ; BSR set to: 0
  1808                           ;mcc_generated_files/i2c_master.c: 200:         I2C_Status.callbackPayload[I2C_TIMEOUT] 
      +                          = ((void*)0);
  1809   001204  0E00               	movlw	0
  1810   001206  6E15               	movwf	(_I2C_Status+20)^0,c
  1811   001208  0E00               	movlw	0
  1812   00120A  6E16               	movwf	(_I2C_Status+21)^0,c
  1813   00120C                     
  1814                           ; BSR set to: 0
  1815                           ;mcc_generated_files/i2c_master.c: 202:         I2C_SetInterruptHandler(I2C_MasterIsr);
  1816   00120C  0E24               	movlw	low _I2C_MasterIsr
  1817   00120E  6F72               	movwf	I2C_SetInterruptHandler@InterruptHandler& (0+255),b
  1818   001210  0E19               	movlw	high _I2C_MasterIsr
  1819   001212  6F73               	movwf	(I2C_SetInterruptHandler@InterruptHandler+1)& (0+255),b
  1820   001214  EC5A  F00C         	call	_I2C_SetInterruptHandler	;wreg free
  1821   001218                     
  1822                           ;mcc_generated_files/i2c_master.c: 203:         I2C_MasterClearIrq();
  1823   001218  ECA5  F00C         	call	_I2C_MasterClearIrq	;wreg free
  1824   00121C                     
  1825                           ;mcc_generated_files/i2c_master.c: 204:         I2C_MasterOpen();
  1826   00121C  ECC8  F00B         	call	_I2C_MasterOpen	;wreg free
  1827   001220                     
  1828                           ;mcc_generated_files/i2c_master.c: 205:         I2C_MasterEnableIrq();
  1829   001220  EC9D  F00C         	call	_I2C_MasterEnableIrq	;wreg free
  1830   001224                     
  1831                           ;mcc_generated_files/i2c_master.c: 206:         returnValue = I2C_NOERR;
  1832   001224  0E00               	movlw	0
  1833   001226  0100               	movlb	0	; () banked
  1834   001228  6F75               	movwf	I2C_Open@returnValue& (0+255),b
  1835   00122A                     l2832:
  1836                           
  1837                           ; BSR set to: 0
  1838                           ;mcc_generated_files/i2c_master.c: 208:     return returnValue;
  1839   00122A  5175               	movf	I2C_Open@returnValue& (0+255),w,b
  1840   00122C                     
  1841                           ; BSR set to: 0
  1842   00122C  0012               	return		;funcret
  1843   00122E                     __end_of_I2C_Open:
  1844                           	callstack 0
  1845                           
  1846 ;; *************** function _I2C_SetInterruptHandler *****************
  1847 ;; Defined at:
  1848 ;;		line 299 in file "mcc_generated_files/i2c_master.c"
  1849 ;; Parameters:    Size  Location     Type
  1850 ;;  InterruptHan    2    0[BANK0 ] PTR FTN()void 
  1851 ;;		 -> I2C_MasterIsr(1), 
  1852 ;; Auto vars:     Size  Location     Type
  1853 ;;		None
  1854 ;; Return value:  Size  Location     Type
  1855 ;;                  1    wreg      void 
  1856 ;; Registers used:
  1857 ;;		wreg, status,2, status,0
  1858 ;; Tracked objects:
  1859 ;;		On entry : 0/0
  1860 ;;		On exit  : 0/0
  1861 ;;		Unchanged: 0/0
  1862 ;; Data sizes:     COMRAM   BANK0   BANK1   BANK2   BANK3   BANK4   BANK5   BANK6   BANK7   BANK8   BANK9  BANK10  BANK1
      +1  BANK12  BANK13  BANK14  BANK15
  1863 ;;      Params:         0       2       0       0       0       0       0       0       0       0       0       0       
      +0       0       0       0       0
  1864 ;;      Locals:         0       0       0       0       0       0       0       0       0       0       0       0       
      +0       0       0       0       0
  1865 ;;      Temps:          0       0       0       0       0       0       0       0       0       0       0       0       
      +0       0       0       0       0
  1866 ;;      Totals:         0       2       0       0       0       0       0       0       0       0       0       0       
      +0       0       0       0       0
  1867 ;;Total ram usage:        2 bytes
  1868 ;; Hardware stack levels used: 1
  1869 ;; Hardware stack levels required when called: 7
  1870 ;; This function calls:
  1871 ;;		Nothing
  1872 ;; This function is called by:
  1873 ;;		_I2C_Open
  1874 ;; This function uses a non-reentrant model
  1875 ;;
  1876                           
  1877                           	psect	text18
  1878   0018B4                     __ptext18:
  1879                           	callstack 0
  1880   0018B4                     _I2C_SetInterruptHandler:
  1881                           	callstack 20
  1882   0018B4                     
  1883                           ;mcc_generated_files/i2c_master.c: 299: void I2C_SetInterruptHandler(void (* InterruptHa
      +                          ndler)(void));mcc_generated_files/i2c_master.c: 300: {;mcc_generated_files/i2c_master.c:
      +                           301:     MSSP_InterruptHandler = InterruptHandler;
  1884   0018B4  C072  F02B         	movff	I2C_SetInterruptHandler@InterruptHandler,_MSSP_InterruptHandler
  1885   0018B8  C073  F02C         	movff	I2C_SetInterruptHandler@InterruptHandler+1,_MSSP_InterruptHandler+1
  1886   0018BC  0012               	return		;funcret
  1887   0018BE                     __end_of_I2C_SetInterruptHandler:
  1888                           	callstack 0
  1889                           
  1890 ;; *************** function _I2C_MasterOpen *****************
  1891 ;; Defined at:
  1892 ;;		line 544 in file "mcc_generated_files/i2c_master.c"
  1893 ;; Parameters:    Size  Location     Type
  1894 ;;		None
  1895 ;; Auto vars:     Size  Location     Type
  1896 ;;		None
  1897 ;; Return value:  Size  Location     Type
  1898 ;;                  1    wreg      _Bool 
  1899 ;; Registers used:
  1900 ;;		wreg, status,2
  1901 ;; Tracked objects:
  1902 ;;		On entry : 0/0
  1903 ;;		On exit  : 0/0
  1904 ;;		Unchanged: 0/0
  1905 ;; Data sizes:     COMRAM   BANK0   BANK1   BANK2   BANK3   BANK4   BANK5   BANK6   BANK7   BANK8   BANK9  BANK10  BANK1
      +1  BANK12  BANK13  BANK14  BANK15
  1906 ;;      Params:         0       0       0       0       0       0       0       0       0       0       0       0       
      +0       0       0       0       0
  1907 ;;      Locals:         0       0       0       0       0       0       0       0       0       0       0       0       
      +0       0       0       0       0
  1908 ;;      Temps:          0       0       0       0       0       0       0       0       0       0       0       0       
      +0       0       0       0       0
  1909 ;;      Totals:         0       0       0       0       0       0       0       0       0       0       0       0       
      +0       0       0       0       0
  1910 ;;Total ram usage:        0 bytes
  1911 ;; Hardware stack levels used: 1
  1912 ;; Hardware stack levels required when called: 7
  1913 ;; This function calls:
  1914 ;;		Nothing
  1915 ;; This function is called by:
  1916 ;;		_I2C_Open
  1917 ;; This function uses a non-reentrant model
  1918 ;;
  1919                           
  1920                           	psect	text19
  1921   001790                     __ptext19:
  1922                           	callstack 0
  1923   001790                     _I2C_MasterOpen:
  1924                           	callstack 20
  1925   001790                     
  1926                           ;mcc_generated_files/i2c_master.c: 546:     if(!SSPCON1bits.SSPEN)
  1927   001790  BAC6               	btfsc	198,5,c	;volatile
  1928   001792  EFCD  F00B         	goto	u931
  1929   001796  EFCF  F00B         	goto	u930
  1930   00179A                     u931:
  1931   00179A  EFD8  F00B         	goto	l425
  1932   00179E                     u930:
  1933   00179E                     
  1934                           ;mcc_generated_files/i2c_master.c: 547:     {;mcc_generated_files/i2c_master.c: 548:    
      +                               SSPSTAT = 0x80;
  1935   00179E  0E80               	movlw	128
  1936   0017A0  6EC7               	movwf	199,c	;volatile
  1937                           
  1938                           ;mcc_generated_files/i2c_master.c: 549:         SSPCON1 = 0x08;
  1939   0017A2  0E08               	movlw	8
  1940   0017A4  6EC6               	movwf	198,c	;volatile
  1941                           
  1942                           ;mcc_generated_files/i2c_master.c: 550:         SSPCON2 = 0x00;
  1943   0017A6  0E00               	movlw	0
  1944   0017A8  6EC5               	movwf	197,c	;volatile
  1945                           
  1946                           ;mcc_generated_files/i2c_master.c: 551:         SSPADD = 0x27;
  1947   0017AA  0E27               	movlw	39
  1948   0017AC  6EC8               	movwf	200,c	;volatile
  1949   0017AE                     
  1950                           ;mcc_generated_files/i2c_master.c: 552:         SSPCON1bits.SSPEN = 1;
  1951   0017AE  8AC6               	bsf	198,5,c	;volatile
  1952   0017B0                     l425:
  1953   0017B0  0012               	return		;funcret
  1954   0017B2                     __end_of_I2C_MasterOpen:
  1955                           	callstack 0
  1956                           
  1957 ;; *************** function _I2C_MasterEnableIrq *****************
  1958 ;; Defined at:
  1959 ;;		line 627 in file "mcc_generated_files/i2c_master.c"
  1960 ;; Parameters:    Size  Location     Type
  1961 ;;		None
  1962 ;; Auto vars:     Size  Location     Type
  1963 ;;		None
  1964 ;; Return value:  Size  Location     Type
  1965 ;;                  1    wreg      void 
  1966 ;; Registers used:
  1967 ;;		None
  1968 ;; Tracked objects:
  1969 ;;		On entry : 0/0
  1970 ;;		On exit  : 0/0
  1971 ;;		Unchanged: 0/0
  1972 ;; Data sizes:     COMRAM   BANK0   BANK1   BANK2   BANK3   BANK4   BANK5   BANK6   BANK7   BANK8   BANK9  BANK10  BANK1
      +1  BANK12  BANK13  BANK14  BANK15
  1973 ;;      Params:         0       0       0       0       0       0       0       0       0       0       0       0       
      +0       0       0       0       0
  1974 ;;      Locals:         0       0       0       0       0       0       0       0       0       0       0       0       
      +0       0       0       0       0
  1975 ;;      Temps:          0       0       0       0       0       0       0       0       0       0       0       0       
      +0       0       0       0       0
  1976 ;;      Totals:         0       0       0       0       0       0       0       0       0       0       0       0       
      +0       0       0       0       0
  1977 ;;Total ram usage:        0 bytes
  1978 ;; Hardware stack levels used: 1
  1979 ;; Hardware stack levels required when called: 7
  1980 ;; This function calls:
  1981 ;;		Nothing
  1982 ;; This function is called by:
  1983 ;;		_I2C_Open
  1984 ;;		_I2C_SetTimeOut
  1985 ;; This function uses a non-reentrant model
  1986 ;;
  1987                           
  1988                           	psect	text20
  1989   00193A                     __ptext20:
  1990                           	callstack 0
  1991   00193A                     _I2C_MasterEnableIrq:
  1992                           	callstack 20
  1993   00193A                     
  1994                           ;mcc_generated_files/i2c_master.c: 629:     PIE1bits.SSPIE = 1;
  1995   00193A  869D               	bsf	157,3,c	;volatile
  1996   00193C  0012               	return		;funcret
  1997   00193E                     __end_of_I2C_MasterEnableIrq:
  1998                           	callstack 0
  1999                           
  2000 ;; *************** function _I2C_MasterWrite *****************
  2001 ;; Defined at:
  2002 ;;		line 252 in file "mcc_generated_files/i2c_master.c"
  2003 ;; Parameters:    Size  Location     Type
  2004 ;;		None
  2005 ;; Auto vars:     Size  Location     Type
  2006 ;;		None
  2007 ;; Return value:  Size  Location     Type
  2008 ;;                  1    wreg      enum E358
  2009 ;; Registers used:
  2010 ;;		wreg, status,2, cstack
  2011 ;; Tracked objects:
  2012 ;;		On entry : 0/0
  2013 ;;		On exit  : 0/0
  2014 ;;		Unchanged: 0/0
  2015 ;; Data sizes:     COMRAM   BANK0   BANK1   BANK2   BANK3   BANK4   BANK5   BANK6   BANK7   BANK8   BANK9  BANK10  BANK1
      +1  BANK12  BANK13  BANK14  BANK15
  2016 ;;      Params:         0       0       0       0       0       0       0       0       0       0       0       0       
      +0       0       0       0       0
  2017 ;;      Locals:         0       0       0       0       0       0       0       0       0       0       0       0       
      +0       0       0       0       0
  2018 ;;      Temps:          0       0       0       0       0       0       0       0       0       0       0       0       
      +0       0       0       0       0
  2019 ;;      Totals:         0       0       0       0       0       0       0       0       0       0       0       0       
      +0       0       0       0       0
  2020 ;;Total ram usage:        0 bytes
  2021 ;; Hardware stack levels used: 1
  2022 ;; Hardware stack levels required when called: 9
  2023 ;; This function calls:
  2024 ;;		_I2C_MasterOperation
  2025 ;; This function is called by:
  2026 ;;		_I2C_Read1ByteRegister
  2027 ;;		_I2C_Write1ByteRegister
  2028 ;;		_I2C_Read2ByteRegister
  2029 ;;		_I2C_Write2ByteRegister
  2030 ;;		_I2C_WriteNBytes
  2031 ;;		_I2C_ReadDataBlock
  2032 ;; This function uses a non-reentrant model
  2033 ;;
  2034                           
  2035                           	psect	text21
  2036   0018DC                     __ptext21:
  2037                           	callstack 0
  2038   0018DC                     _I2C_MasterWrite:
  2039                           	callstack 19
  2040   0018DC                     
  2041                           ;mcc_generated_files/i2c_master.c: 254:     return I2C_MasterOperation(0);;	Return value
      +                           of _I2C_MasterWrite is never used
  2042   0018DC  0E00               	movlw	0
  2043   0018DE  ECBC  F00A         	call	_I2C_MasterOperation
  2044   0018E2  0012               	return		;funcret
  2045   0018E4                     __end_of_I2C_MasterWrite:
  2046                           	callstack 0
  2047                           
  2048 ;; *************** function _I2C_MasterOperation *****************
  2049 ;; Defined at:
  2050 ;;		line 226 in file "mcc_generated_files/i2c_master.c"
  2051 ;; Parameters:    Size  Location     Type
  2052 ;;  read            1    wreg     _Bool 
  2053 ;; Auto vars:     Size  Location     Type
  2054 ;;  read            1    0[BANK0 ] _Bool 
  2055 ;;  returnValue     1    1[BANK0 ] enum E358
  2056 ;; Return value:  Size  Location     Type
  2057 ;;                  1    wreg      enum E358
  2058 ;; Registers used:
  2059 ;;		wreg, status,2, cstack
  2060 ;; Tracked objects:
  2061 ;;		On entry : 0/0
  2062 ;;		On exit  : 0/0
  2063 ;;		Unchanged: 0/0
  2064 ;; Data sizes:     COMRAM   BANK0   BANK1   BANK2   BANK3   BANK4   BANK5   BANK6   BANK7   BANK8   BANK9  BANK10  BANK1
      +1  BANK12  BANK13  BANK14  BANK15
  2065 ;;      Params:         0       0       0       0       0       0       0       0       0       0       0       0       
      +0       0       0       0       0
  2066 ;;      Locals:         0       2       0       0       0       0       0       0       0       0       0       0       
      +0       0       0       0       0
  2067 ;;      Temps:          0       0       0       0       0       0       0       0       0       0       0       0       
      +0       0       0       0       0
  2068 ;;      Totals:         0       2       0       0       0       0       0       0       0       0       0       0       
      +0       0       0       0       0
  2069 ;;Total ram usage:        2 bytes
  2070 ;; Hardware stack levels used: 1
  2071 ;; Hardware stack levels required when called: 8
  2072 ;; This function calls:
  2073 ;;		_I2C_MasterStart
  2074 ;; This function is called by:
  2075 ;;		_I2C_MasterWrite
  2076 ;;		_I2C_MasterRead
  2077 ;; This function uses a non-reentrant model
  2078 ;;
  2079                           
  2080                           	psect	text22
  2081   001578                     __ptext22:
  2082                           	callstack 0
  2083   001578                     _I2C_MasterOperation:
  2084                           	callstack 19
  2085                           
  2086                           ;incstack = 0
  2087                           ;I2C_MasterOperation@read stored from wreg
  2088   001578  0100               	movlb	0	; () banked
  2089   00157A  6F72               	movwf	I2C_MasterOperation@read& (0+255),b
  2090   00157C                     
  2091                           ;mcc_generated_files/i2c_master.c: 226: i2c_error_t I2C_MasterOperation(_Bool read);mcc_
      +                          generated_files/i2c_master.c: 227: {;mcc_generated_files/i2c_master.c: 228:     i2c_erro
      +                          r_t returnValue = I2C_BUSY;
  2092   00157C  0E01               	movlw	1
  2093   00157E  0100               	movlb	0	; () banked
  2094   001580  6F73               	movwf	I2C_MasterOperation@returnValue& (0+255),b
  2095   001582                     
  2096                           ; BSR set to: 0
  2097                           ;mcc_generated_files/i2c_master.c: 229:     if(!I2C_Status.busy)
  2098   001582  B224               	btfsc	(_I2C_Status+35)^0,1,c
  2099   001584  EFC6  F00A         	goto	u941
  2100   001588  EFC8  F00A         	goto	u940
  2101   00158C                     u941:
  2102   00158C  EFDB  F00A         	goto	l2718
  2103   001590                     u940:
  2104   001590                     
  2105                           ; BSR set to: 0
  2106                           ;mcc_generated_files/i2c_master.c: 230:     {;mcc_generated_files/i2c_master.c: 231:    
      +                               I2C_Status.busy = 1;
  2107   001590  8224               	bsf	(_I2C_Status+35)^0,1,c
  2108   001592                     
  2109                           ; BSR set to: 0
  2110                           ;mcc_generated_files/i2c_master.c: 232:         returnValue = I2C_NOERR;
  2111   001592  0E00               	movlw	0
  2112   001594  6F73               	movwf	I2C_MasterOperation@returnValue& (0+255),b
  2113   001596                     
  2114                           ; BSR set to: 0
  2115                           ;mcc_generated_files/i2c_master.c: 234:         if(read)
  2116   001596  5172               	movf	I2C_MasterOperation@read& (0+255),w,b
  2117   001598  B4D8               	btfsc	status,2,c
  2118   00159A  EFD1  F00A         	goto	u951
  2119   00159E  EFD3  F00A         	goto	u950
  2120   0015A2                     u951:
  2121   0015A2  EFD7  F00A         	goto	l2714
  2122   0015A6                     u950:
  2123   0015A6                     
  2124                           ; BSR set to: 0
  2125                           ;mcc_generated_files/i2c_master.c: 235:         {;mcc_generated_files/i2c_master.c: 236:
      +                                       I2C_Status.state = I2C_SEND_ADR_READ;
  2126   0015A6  0E01               	movlw	1
  2127   0015A8  6E22               	movwf	(_I2C_Status+33)^0,c
  2128                           
  2129                           ;mcc_generated_files/i2c_master.c: 237:         }
  2130   0015AA  EFD9  F00A         	goto	l2716
  2131   0015AE                     l2714:
  2132                           
  2133                           ; BSR set to: 0
  2134                           ;mcc_generated_files/i2c_master.c: 239:         {;mcc_generated_files/i2c_master.c: 240:
      +                                       I2C_Status.state = I2C_SEND_ADR_WRITE;
  2135   0015AE  0E02               	movlw	2
  2136   0015B0  6E22               	movwf	(_I2C_Status+33)^0,c
  2137   0015B2                     l2716:
  2138                           
  2139                           ; BSR set to: 0
  2140                           ;mcc_generated_files/i2c_master.c: 242:         I2C_MasterStart();
  2141   0015B2  EC9F  F00C         	call	_I2C_MasterStart	;wreg free
  2142   0015B6                     l2718:
  2143                           
  2144                           ;mcc_generated_files/i2c_master.c: 244:     return returnValue;
  2145   0015B6  0100               	movlb	0	; () banked
  2146   0015B8  5173               	movf	I2C_MasterOperation@returnValue& (0+255),w,b
  2147   0015BA                     
  2148                           ; BSR set to: 0
  2149   0015BA  0012               	return		;funcret
  2150   0015BC                     __end_of_I2C_MasterOperation:
  2151                           	callstack 0
  2152                           
  2153 ;; *************** function _I2C_MasterStart *****************
  2154 ;; Defined at:
  2155 ;;		line 589 in file "mcc_generated_files/i2c_master.c"
  2156 ;; Parameters:    Size  Location     Type
  2157 ;;		None
  2158 ;; Auto vars:     Size  Location     Type
  2159 ;;		None
  2160 ;; Return value:  Size  Location     Type
  2161 ;;                  1    wreg      void 
  2162 ;; Registers used:
  2163 ;;		None
  2164 ;; Tracked objects:
  2165 ;;		On entry : 0/0
  2166 ;;		On exit  : 0/0
  2167 ;;		Unchanged: 0/0
  2168 ;; Data sizes:     COMRAM   BANK0   BANK1   BANK2   BANK3   BANK4   BANK5   BANK6   BANK7   BANK8   BANK9  BANK10  BANK1
      +1  BANK12  BANK13  BANK14  BANK15
  2169 ;;      Params:         0       0       0       0       0       0       0       0       0       0       0       0       
      +0       0       0       0       0
  2170 ;;      Locals:         0       0       0       0       0       0       0       0       0       0       0       0       
      +0       0       0       0       0
  2171 ;;      Temps:          0       0       0       0       0       0       0       0       0       0       0       0       
      +0       0       0       0       0
  2172 ;;      Totals:         0       0       0       0       0       0       0       0       0       0       0       0       
      +0       0       0       0       0
  2173 ;;Total ram usage:        0 bytes
  2174 ;; Hardware stack levels used: 1
  2175 ;; Hardware stack levels required when called: 7
  2176 ;; This function calls:
  2177 ;;		Nothing
  2178 ;; This function is called by:
  2179 ;;		_I2C_MasterOperation
  2180 ;; This function uses a non-reentrant model
  2181 ;;
  2182                           
  2183                           	psect	text23
  2184   00193E                     __ptext23:
  2185                           	callstack 0
  2186   00193E                     _I2C_MasterStart:
  2187                           	callstack 19
  2188   00193E                     
  2189                           ;mcc_generated_files/i2c_master.c: 591:     SSPCON2bits.SEN = 1;
  2190   00193E  80C5               	bsf	197,0,c	;volatile
  2191   001940  0012               	return		;funcret
  2192   001942                     __end_of_I2C_MasterStart:
  2193                           	callstack 0
  2194                           
  2195 ;; *************** function _I2C_Close *****************
  2196 ;; Defined at:
  2197 ;;		line 211 in file "mcc_generated_files/i2c_master.c"
  2198 ;; Parameters:    Size  Location     Type
  2199 ;;		None
  2200 ;; Auto vars:     Size  Location     Type
  2201 ;;  returnValue     1    0[BANK0 ] enum E358
  2202 ;; Return value:  Size  Location     Type
  2203 ;;                  1    wreg      enum E358
  2204 ;; Registers used:
  2205 ;;		wreg, status,2, cstack
  2206 ;; Tracked objects:
  2207 ;;		On entry : 0/0
  2208 ;;		On exit  : 0/0
  2209 ;;		Unchanged: 0/0
  2210 ;; Data sizes:     COMRAM   BANK0   BANK1   BANK2   BANK3   BANK4   BANK5   BANK6   BANK7   BANK8   BANK9  BANK10  BANK1
      +1  BANK12  BANK13  BANK14  BANK15
  2211 ;;      Params:         0       0       0       0       0       0       0       0       0       0       0       0       
      +0       0       0       0       0
  2212 ;;      Locals:         0       1       0       0       0       0       0       0       0       0       0       0       
      +0       0       0       0       0
  2213 ;;      Temps:          0       0       0       0       0       0       0       0       0       0       0       0       
      +0       0       0       0       0
  2214 ;;      Totals:         0       1       0       0       0       0       0       0       0       0       0       0       
      +0       0       0       0       0
  2215 ;;Total ram usage:        1 bytes
  2216 ;; Hardware stack levels used: 1
  2217 ;; Hardware stack levels required when called: 8
  2218 ;; This function calls:
  2219 ;;		_I2C_MasterClearIrq
  2220 ;;		_I2C_MasterClose
  2221 ;;		_I2C_MasterDisableIrq
  2222 ;; This function is called by:
  2223 ;;		_I2C_Read1ByteRegister
  2224 ;;		_I2C_Write1ByteRegister
  2225 ;;		_I2C_Read2ByteRegister
  2226 ;;		_I2C_Write2ByteRegister
  2227 ;;		_I2C_WriteNBytes
  2228 ;;		_I2C_ReadNBytes
  2229 ;;		_I2C_ReadDataBlock
  2230 ;; This function uses a non-reentrant model
  2231 ;;
  2232                           
  2233                           	psect	text24
  2234   00166E                     __ptext24:
  2235                           	callstack 0
  2236   00166E                     _I2C_Close:
  2237                           	callstack 20
  2238   00166E                     
  2239                           ;mcc_generated_files/i2c_master.c: 213:     i2c_error_t returnValue = I2C_BUSY;
  2240   00166E  0E01               	movlw	1
  2241   001670  0100               	movlb	0	; () banked
  2242   001672  6F72               	movwf	I2C_Close@returnValue& (0+255),b
  2243   001674                     
  2244                           ; BSR set to: 0
  2245                           ;mcc_generated_files/i2c_master.c: 214:     if(!I2C_Status.busy)
  2246   001674  B224               	btfsc	(_I2C_Status+35)^0,1,c
  2247   001676  EF3F  F00B         	goto	u1001
  2248   00167A  EF41  F00B         	goto	u1000
  2249   00167E                     u1001:
  2250   00167E  EF4B  F00B         	goto	l2862
  2251   001682                     u1000:
  2252   001682                     
  2253                           ; BSR set to: 0
  2254                           ;mcc_generated_files/i2c_master.c: 215:     {;mcc_generated_files/i2c_master.c: 216:    
      +                               I2C_Status.inUse = 0;
  2255   001682  9424               	bcf	(_I2C_Status+35)^0,2,c
  2256                           
  2257                           ;mcc_generated_files/i2c_master.c: 217:         I2C_Status.address = 0xff;
  2258   001684  681D               	setf	(_I2C_Status+28)^0,c
  2259   001686                     
  2260                           ; BSR set to: 0
  2261                           ;mcc_generated_files/i2c_master.c: 218:         I2C_MasterClearIrq();
  2262   001686  ECA5  F00C         	call	_I2C_MasterClearIrq	;wreg free
  2263                           
  2264                           ;mcc_generated_files/i2c_master.c: 219:         I2C_MasterDisableIrq();
  2265   00168A  ECA1  F00C         	call	_I2C_MasterDisableIrq	;wreg free
  2266                           
  2267                           ;mcc_generated_files/i2c_master.c: 220:         I2C_MasterClose();
  2268   00168E  ECA3  F00C         	call	_I2C_MasterClose	;wreg free
  2269   001692                     
  2270                           ;mcc_generated_files/i2c_master.c: 221:         returnValue = I2C_Status.error;
  2271   001692  C023  F072         	movff	_I2C_Status+34,I2C_Close@returnValue
  2272   001696                     l2862:
  2273                           
  2274                           ;mcc_generated_files/i2c_master.c: 223:     return returnValue;
  2275   001696  0100               	movlb	0	; () banked
  2276   001698  5172               	movf	I2C_Close@returnValue& (0+255),w,b
  2277   00169A                     
  2278                           ; BSR set to: 0
  2279   00169A  0012               	return		;funcret
  2280   00169C                     __end_of_I2C_Close:
  2281                           	callstack 0
  2282                           
  2283 ;; *************** function _I2C_MasterDisableIrq *****************
  2284 ;; Defined at:
  2285 ;;		line 637 in file "mcc_generated_files/i2c_master.c"
  2286 ;; Parameters:    Size  Location     Type
  2287 ;;		None
  2288 ;; Auto vars:     Size  Location     Type
  2289 ;;		None
  2290 ;; Return value:  Size  Location     Type
  2291 ;;                  1    wreg      void 
  2292 ;; Registers used:
  2293 ;;		None
  2294 ;; Tracked objects:
  2295 ;;		On entry : 0/0
  2296 ;;		On exit  : 0/0
  2297 ;;		Unchanged: 0/0
  2298 ;; Data sizes:     COMRAM   BANK0   BANK1   BANK2   BANK3   BANK4   BANK5   BANK6   BANK7   BANK8   BANK9  BANK10  BANK1
      +1  BANK12  BANK13  BANK14  BANK15
  2299 ;;      Params:         0       0       0       0       0       0       0       0       0       0       0       0       
      +0       0       0       0       0
  2300 ;;      Locals:         0       0       0       0       0       0       0       0       0       0       0       0       
      +0       0       0       0       0
  2301 ;;      Temps:          0       0       0       0       0       0       0       0       0       0       0       0       
      +0       0       0       0       0
  2302 ;;      Totals:         0       0       0       0       0       0       0       0       0       0       0       0       
      +0       0       0       0       0
  2303 ;;Total ram usage:        0 bytes
  2304 ;; Hardware stack levels used: 1
  2305 ;; Hardware stack levels required when called: 7
  2306 ;; This function calls:
  2307 ;;		Nothing
  2308 ;; This function is called by:
  2309 ;;		_I2C_Close
  2310 ;;		_I2C_SetTimeOut
  2311 ;; This function uses a non-reentrant model
  2312 ;;
  2313                           
  2314                           	psect	text25
  2315   001942                     __ptext25:
  2316                           	callstack 0
  2317   001942                     _I2C_MasterDisableIrq:
  2318                           	callstack 20
  2319   001942                     
  2320                           ;mcc_generated_files/i2c_master.c: 639:     PIE1bits.SSPIE = 0;
  2321   001942  969D               	bcf	157,3,c	;volatile
  2322   001944  0012               	return		;funcret
  2323   001946                     __end_of_I2C_MasterDisableIrq:
  2324                           	callstack 0
  2325                           
  2326 ;; *************** function _I2C_MasterClose *****************
  2327 ;; Defined at:
  2328 ;;		line 558 in file "mcc_generated_files/i2c_master.c"
  2329 ;; Parameters:    Size  Location     Type
  2330 ;;		None
  2331 ;; Auto vars:     Size  Location     Type
  2332 ;;		None
  2333 ;; Return value:  Size  Location     Type
  2334 ;;                  1    wreg      void 
  2335 ;; Registers used:
  2336 ;;		None
  2337 ;; Tracked objects:
  2338 ;;		On entry : 0/0
  2339 ;;		On exit  : 0/0
  2340 ;;		Unchanged: 0/0
  2341 ;; Data sizes:     COMRAM   BANK0   BANK1   BANK2   BANK3   BANK4   BANK5   BANK6   BANK7   BANK8   BANK9  BANK10  BANK1
      +1  BANK12  BANK13  BANK14  BANK15
  2342 ;;      Params:         0       0       0       0       0       0       0       0       0       0       0       0       
      +0       0       0       0       0
  2343 ;;      Locals:         0       0       0       0       0       0       0       0       0       0       0       0       
      +0       0       0       0       0
  2344 ;;      Temps:          0       0       0       0       0       0       0       0       0       0       0       0       
      +0       0       0       0       0
  2345 ;;      Totals:         0       0       0       0       0       0       0       0       0       0       0       0       
      +0       0       0       0       0
  2346 ;;Total ram usage:        0 bytes
  2347 ;; Hardware stack levels used: 1
  2348 ;; Hardware stack levels required when called: 7
  2349 ;; This function calls:
  2350 ;;		Nothing
  2351 ;; This function is called by:
  2352 ;;		_I2C_Close
  2353 ;; This function uses a non-reentrant model
  2354 ;;
  2355                           
  2356                           	psect	text26
  2357   001946                     __ptext26:
  2358                           	callstack 0
  2359   001946                     _I2C_MasterClose:
  2360                           	callstack 20
  2361   001946                     
  2362                           ;mcc_generated_files/i2c_master.c: 561:     SSPCON1bits.SSPEN = 0;
  2363   001946  9AC6               	bcf	198,5,c	;volatile
  2364   001948  0012               	return		;funcret
  2365   00194A                     __end_of_I2C_MasterClose:
  2366                           	callstack 0
  2367                           
  2368 ;; *************** function _I2C_MasterClearIrq *****************
  2369 ;; Defined at:
  2370 ;;		line 642 in file "mcc_generated_files/i2c_master.c"
  2371 ;; Parameters:    Size  Location     Type
  2372 ;;		None
  2373 ;; Auto vars:     Size  Location     Type
  2374 ;;		None
  2375 ;; Return value:  Size  Location     Type
  2376 ;;                  1    wreg      void 
  2377 ;; Registers used:
  2378 ;;		None
  2379 ;; Tracked objects:
  2380 ;;		On entry : 0/0
  2381 ;;		On exit  : 0/0
  2382 ;;		Unchanged: 0/0
  2383 ;; Data sizes:     COMRAM   BANK0   BANK1   BANK2   BANK3   BANK4   BANK5   BANK6   BANK7   BANK8   BANK9  BANK10  BANK1
      +1  BANK12  BANK13  BANK14  BANK15
  2384 ;;      Params:         0       0       0       0       0       0       0       0       0       0       0       0       
      +0       0       0       0       0
  2385 ;;      Locals:         0       0       0       0       0       0       0       0       0       0       0       0       
      +0       0       0       0       0
  2386 ;;      Temps:          0       0       0       0       0       0       0       0       0       0       0       0       
      +0       0       0       0       0
  2387 ;;      Totals:         0       0       0       0       0       0       0       0       0       0       0       0       
      +0       0       0       0       0
  2388 ;;Total ram usage:        0 bytes
  2389 ;; Hardware stack levels used: 1
  2390 ;; Hardware stack levels required when called: 7
  2391 ;; This function calls:
  2392 ;;		Nothing
  2393 ;; This function is called by:
  2394 ;;		_I2C_Open
  2395 ;;		_I2C_Close
  2396 ;; This function uses a non-reentrant model
  2397 ;;
  2398                           
  2399                           	psect	text27
  2400   00194A                     __ptext27:
  2401                           	callstack 0
  2402   00194A                     _I2C_MasterClearIrq:
  2403                           	callstack 20
  2404   00194A                     
  2405                           ;mcc_generated_files/i2c_master.c: 644:     PIR1bits.SSPIF = 0;
  2406   00194A  969E               	bcf	158,3,c	;volatile
  2407   00194C  0012               	return		;funcret
  2408   00194E                     __end_of_I2C_MasterClearIrq:
  2409                           	callstack 0
  2410                           
  2411 ;; *************** function _INTERRUPT_InterruptManager *****************
  2412 ;; Defined at:
  2413 ;;		line 58 in file "mcc_generated_files/interrupt_manager.c"
  2414 ;; Parameters:    Size  Location     Type
  2415 ;;		None
  2416 ;; Auto vars:     Size  Location     Type
  2417 ;;		None
  2418 ;; Return value:  Size  Location     Type
  2419 ;;                  1    wreg      void 
  2420 ;; Registers used:
  2421 ;;		wreg, fsr2l, fsr2h, status,2, status,0, pcl, pclath, pclatu, tosl, tblptrl, tblptrh, tblptru, prodl, prodh, cstack
  2422 ;; Tracked objects:
  2423 ;;		On entry : 0/0
  2424 ;;		On exit  : 0/0
  2425 ;;		Unchanged: 0/0
  2426 ;; Data sizes:     COMRAM   BANK0   BANK1   BANK2   BANK3   BANK4   BANK5   BANK6   BANK7   BANK8   BANK9  BANK10  BANK1
      +1  BANK12  BANK13  BANK14  BANK15
  2427 ;;      Params:         0       0       0       0       0       0       0       0       0       0       0       0       
      +0       0       0       0       0
  2428 ;;      Locals:         0       0       0       0       0       0       0       0       0       0       0       0       
      +0       0       0       0       0
  2429 ;;      Temps:         10       0       0       0       0       0       0       0       0       0       0       0       
      +0       0       0       0       0
  2430 ;;      Totals:        10       0       0       0       0       0       0       0       0       0       0       0       
      +0       0       0       0       0
  2431 ;;Total ram usage:       10 bytes
  2432 ;; Hardware stack levels used: 1
  2433 ;; Hardware stack levels required when called: 6
  2434 ;; This function calls:
  2435 ;;		NULL
  2436 ;;		_I2C_MasterIsr
  2437 ;; This function is called by:
  2438 ;;		Interrupt level 2
  2439 ;; This function uses a non-reentrant model
  2440 ;;
  2441                           
  2442                           	psect	intcode
  2443   000008                     __pintcode:
  2444                           	callstack 0
  2445   000008                     _INTERRUPT_InterruptManager:
  2446                           	callstack 19
  2447                           
  2448                           ;incstack = 0
  2449   000008  824E               	bsf	int$flags,1,c	;set compiler interrupt flag (level 2)
  2450   00000A  CFFA F03F          	movff	pclath,??_INTERRUPT_InterruptManager
  2451   00000E  CFFB F040          	movff	pclatu,??_INTERRUPT_InterruptManager+1
  2452   000012  CFD9 F041          	movff	fsr2l,??_INTERRUPT_InterruptManager+2
  2453   000016  CFDA F042          	movff	fsr2h,??_INTERRUPT_InterruptManager+3
  2454   00001A  CFF3 F043          	movff	prodl,??_INTERRUPT_InterruptManager+4
  2455   00001E  CFF4 F044          	movff	prodh,??_INTERRUPT_InterruptManager+5
  2456   000022  CFF6 F045          	movff	tblptrl,??_INTERRUPT_InterruptManager+6
  2457   000026  CFF7 F046          	movff	tblptrh,??_INTERRUPT_InterruptManager+7
  2458   00002A  CFF8 F047          	movff	tblptru,??_INTERRUPT_InterruptManager+8
  2459   00002E  CFF5 F048          	movff	tablat,??_INTERRUPT_InterruptManager+9
  2460   000032                     
  2461                           ;mcc_generated_files/interrupt_manager.c: 61:     if(INTCONbits.PEIE == 1)
  2462   000032  ACF2               	btfss	242,6,c	;volatile
  2463   000034  EF1E  F000         	goto	i2u127_41
  2464   000038  EF20  F000         	goto	i2u127_40
  2465   00003C                     i2u127_41:
  2466   00003C  EF4C  F000         	goto	i2l514
  2467   000040                     i2u127_40:
  2468   000040                     
  2469                           ;mcc_generated_files/interrupt_manager.c: 62:     {;mcc_generated_files/interrupt_manage
      +                          r.c: 63:         if(PIE2bits.BCLIE == 1 && PIR2bits.BCLIF == 1)
  2470   000040  A6A0               	btfss	160,3,c	;volatile
  2471   000042  EF25  F000         	goto	i2u128_41
  2472   000046  EF27  F000         	goto	i2u128_40
  2473   00004A                     i2u128_41:
  2474   00004A  EF3C  F000         	goto	i2l509
  2475   00004E                     i2u128_40:
  2476   00004E  A6A1               	btfss	161,3,c	;volatile
  2477   000050  EF2C  F000         	goto	i2u129_41
  2478   000054  EF2E  F000         	goto	i2u129_40
  2479   000058                     i2u129_41:
  2480   000058  EF3C  F000         	goto	i2l509
  2481   00005C                     i2u129_40:
  2482   00005C                     i2l3216:
  2483                           
  2484                           ;mcc_generated_files/interrupt_manager.c: 64:         {;mcc_generated_files/interrupt_ma
      +                          nager.c: 65:             MSSP_InterruptHandler();
  2485   00005C  D802               	call	i2u130_48
  2486   00005E  EF3A  F000         	goto	i2u130_49
  2487   000062                     i2u130_48:
  2488   000062  0005               	push	
  2489   000064  6EFA               	movwf	pclath,c
  2490   000066  502B               	movf	_MSSP_InterruptHandler^0,w,c
  2491   000068  6EFD               	movwf	tosl,c
  2492   00006A  502C               	movf	(_MSSP_InterruptHandler+1)^0,w,c
  2493   00006C  6EFE               	movwf	tosh,c
  2494   00006E  6AFF               	clrf	tosu,c
  2495   000070  50FA               	movf	pclath,w,c
  2496   000072  0012               	return		;indir
  2497   000074                     i2u130_49:
  2498                           
  2499                           ;mcc_generated_files/interrupt_manager.c: 66:         }
  2500   000074  EF4C  F000         	goto	i2l514
  2501   000078                     i2l509:
  2502   000078  A69D               	btfss	157,3,c	;volatile
  2503   00007A  EF41  F000         	goto	i2u131_41
  2504   00007E  EF43  F000         	goto	i2u131_40
  2505   000082                     i2u131_41:
  2506   000082  EF4C  F000         	goto	i2l510
  2507   000086                     i2u131_40:
  2508   000086  A69E               	btfss	158,3,c	;volatile
  2509   000088  EF48  F000         	goto	i2u132_41
  2510   00008C  EF4A  F000         	goto	i2u132_40
  2511   000090                     i2u132_41:
  2512   000090  EF4C  F000         	goto	i2l510
  2513   000094                     i2u132_40:
  2514   000094  EF2E  F000         	goto	i2l3216
  2515   000098                     i2l510:
  2516   000098                     i2l514:
  2517   000098  C048  FFF5         	movff	??_INTERRUPT_InterruptManager+9,tablat
  2518   00009C  C047  FFF8         	movff	??_INTERRUPT_InterruptManager+8,tblptru
  2519   0000A0  C046  FFF7         	movff	??_INTERRUPT_InterruptManager+7,tblptrh
  2520   0000A4  C045  FFF6         	movff	??_INTERRUPT_InterruptManager+6,tblptrl
  2521   0000A8  C044  FFF4         	movff	??_INTERRUPT_InterruptManager+5,prodh
  2522   0000AC  C043  FFF3         	movff	??_INTERRUPT_InterruptManager+4,prodl
  2523   0000B0  C042  FFDA         	movff	??_INTERRUPT_InterruptManager+3,fsr2h
  2524   0000B4  C041  FFD9         	movff	??_INTERRUPT_InterruptManager+2,fsr2l
  2525   0000B8  C040  FFFB         	movff	??_INTERRUPT_InterruptManager+1,pclatu
  2526   0000BC  C03F  FFFA         	movff	??_INTERRUPT_InterruptManager,pclath
  2527   0000C0  924E               	bcf	int$flags,1,c	;clear compiler interrupt flag (level 2)
  2528   0000C2  0011               	retfie		f
  2529   0000C4                     __end_of_INTERRUPT_InterruptManager:
  2530                           	callstack 0
  2531                           
  2532 ;; *************** function _I2C_MasterIsr *****************
  2533 ;; Defined at:
  2534 ;;		line 318 in file "mcc_generated_files/i2c_master.c"
  2535 ;; Parameters:    Size  Location     Type
  2536 ;;		None
  2537 ;; Auto vars:     Size  Location     Type
  2538 ;;		None
  2539 ;; Return value:  Size  Location     Type
  2540 ;;                  1    wreg      void 
  2541 ;; Registers used:
  2542 ;;		wreg, fsr2l, fsr2h, status,2, status,0, pcl, pclath, pclatu, tosl, tblptrl, tblptrh, tblptru, prodl, prodh, cstack
  2543 ;; Tracked objects:
  2544 ;;		On entry : 0/0
  2545 ;;		On exit  : 0/0
  2546 ;;		Unchanged: 0/0
  2547 ;; Data sizes:     COMRAM   BANK0   BANK1   BANK2   BANK3   BANK4   BANK5   BANK6   BANK7   BANK8   BANK9  BANK10  BANK1
      +1  BANK12  BANK13  BANK14  BANK15
  2548 ;;      Params:         0       0       0       0       0       0       0       0       0       0       0       0       
      +0       0       0       0       0
  2549 ;;      Locals:         0       0       0       0       0       0       0       0       0       0       0       0       
      +0       0       0       0       0
  2550 ;;      Temps:          0       0       0       0       0       0       0       0       0       0       0       0       
      +0       0       0       0       0
  2551 ;;      Totals:         0       0       0       0       0       0       0       0       0       0       0       0       
      +0       0       0       0       0
  2552 ;;Total ram usage:        0 bytes
  2553 ;; Hardware stack levels used: 1
  2554 ;; Hardware stack levels required when called: 5
  2555 ;; This function calls:
  2556 ;;		_I2C_MasterFsm
  2557 ;; This function is called by:
  2558 ;;		_I2C_Open
  2559 ;;		_INTERRUPT_InterruptManager
  2560 ;; This function uses a non-reentrant model
  2561 ;;
  2562                           
  2563                           	psect	text29
  2564   001924                     __ptext29:
  2565                           	callstack 0
  2566   001924                     _I2C_MasterIsr:
  2567                           	callstack 19
  2568   001924                     
  2569                           ;mcc_generated_files/i2c_master.c: 320:     I2C_MasterFsm();
  2570   001924  EC02  F00A         	call	_I2C_MasterFsm	;wreg free
  2571   001928  0012               	return		;funcret
  2572   00192A                     __end_of_I2C_MasterIsr:
  2573                           	callstack 0
  2574                           
  2575 ;; *************** function _I2C_MasterFsm *****************
  2576 ;; Defined at:
  2577 ;;		line 323 in file "mcc_generated_files/i2c_master.c"
  2578 ;; Parameters:    Size  Location     Type
  2579 ;;		None
  2580 ;; Auto vars:     Size  Location     Type
  2581 ;;		None
  2582 ;; Return value:  Size  Location     Type
  2583 ;;                  1    wreg      void 
  2584 ;; Registers used:
  2585 ;;		wreg, fsr2l, fsr2h, status,2, status,0, pcl, pclath, pclatu, tosl, tblptrl, tblptrh, tblptru, prodl, prodh, cstack
  2586 ;; Tracked objects:
  2587 ;;		On entry : 0/0
  2588 ;;		On exit  : 0/0
  2589 ;;		Unchanged: 0/0
  2590 ;; Data sizes:     COMRAM   BANK0   BANK1   BANK2   BANK3   BANK4   BANK5   BANK6   BANK7   BANK8   BANK9  BANK10  BANK1
      +1  BANK12  BANK13  BANK14  BANK15
  2591 ;;      Params:         0       0       0       0       0       0       0       0       0       0       0       0       
      +0       0       0       0       0
  2592 ;;      Locals:         0       0       0       0       0       0       0       0       0       0       0       0       
      +0       0       0       0       0
  2593 ;;      Temps:          3       0       0       0       0       0       0       0       0       0       0       0       
      +0       0       0       0       0
  2594 ;;      Totals:         3       0       0       0       0       0       0       0       0       0       0       0       
      +0       0       0       0       0
  2595 ;;Total ram usage:        3 bytes
  2596 ;; Hardware stack levels used: 1
  2597 ;; Hardware stack levels required when called: 4
  2598 ;; This function calls:
  2599 ;;		_I2C_DO_ADDRESS_NACK
  2600 ;;		_I2C_DO_IDLE
  2601 ;;		_I2C_DO_RCEN
  2602 ;;		_I2C_DO_RESET
  2603 ;;		_I2C_DO_RX
  2604 ;;		_I2C_DO_RX_ACK
  2605 ;;		_I2C_DO_RX_NACK_RESTART
  2606 ;;		_I2C_DO_RX_NACK_STOP
  2607 ;;		_I2C_DO_SEND_ADR_READ
  2608 ;;		_I2C_DO_SEND_ADR_WRITE
  2609 ;;		_I2C_DO_SEND_RESTART
  2610 ;;		_I2C_DO_SEND_RESTART_READ
  2611 ;;		_I2C_DO_SEND_RESTART_WRITE
  2612 ;;		_I2C_DO_SEND_STOP
  2613 ;;		_I2C_DO_TX
  2614 ;;		_I2C_DO_TX_EMPTY
  2615 ;;		_I2C_MasterIsNack
  2616 ;;		i2_I2C_MasterClearIrq
  2617 ;; This function is called by:
  2618 ;;		_I2C_MasterIsr
  2619 ;; This function uses a non-reentrant model
  2620 ;;
  2621                           
  2622                           	psect	text30
  2623   001404                     __ptext30:
  2624                           	callstack 0
  2625   001404                     _I2C_MasterFsm:
  2626                           	callstack 19
  2627   001404                     
  2628                           ;mcc_generated_files/i2c_master.c: 325:     I2C_MasterClearIrq();
  2629   001404  ECA7  F00C         	call	i2_I2C_MasterClearIrq	;wreg free
  2630   001408                     
  2631                           ;mcc_generated_files/i2c_master.c: 327:     if(I2C_Status.addressNackCheck && I2C_Master
      +                          IsNack())
  2632   001408  A024               	btfss	(_I2C_Status+35)^0,0,c
  2633   00140A  EF09  F00A         	goto	i2u110_41
  2634   00140E  EF0B  F00A         	goto	i2u110_40
  2635   001412                     i2u110_41:
  2636   001412  EF17  F00A         	goto	i2l3032
  2637   001416                     i2u110_40:
  2638   001416  EC2F  F00C         	call	_I2C_MasterIsNack	;wreg free
  2639   00141A  0900               	iorlw	0
  2640   00141C  B4D8               	btfsc	status,2,c
  2641   00141E  EF13  F00A         	goto	i2u111_41
  2642   001422  EF15  F00A         	goto	i2u111_40
  2643   001426                     i2u111_41:
  2644   001426  EF17  F00A         	goto	i2l3032
  2645   00142A                     i2u111_40:
  2646   00142A                     
  2647                           ;mcc_generated_files/i2c_master.c: 328:     {;mcc_generated_files/i2c_master.c: 329:    
      +                               I2C_Status.state = I2C_ADDRESS_NACK;
  2648   00142A  0E0F               	movlw	15
  2649   00142C  6E22               	movwf	(_I2C_Status+33)^0,c
  2650   00142E                     i2l3032:
  2651                           
  2652                           ;mcc_generated_files/i2c_master.c: 331:     I2C_Status.state = i2c_fsmStateTable[I2C_Sta
      +                          tus.state]();
  2653   00142E  5022               	movf	(_I2C_Status+33)^0,w,c
  2654   001430  0D02               	mullw	2
  2655   001432  50F3               	movf	243,w,c
  2656   001434  0F01               	addlw	low _i2c_fsmStateTable
  2657   001436  6E3C               	movwf	??_I2C_MasterFsm^0,c
  2658   001438  C03C  FFF6         	movff	??_I2C_MasterFsm,tblptrl
  2659   00143C                     	if	1	;There is more than 1 active tblptr byte
  2660   00143C  0E10               	movlw	high __smallconst
  2661   00143E  6EF7               	movwf	tblptrh,c
  2662   001440                     	endif
  2663   001440                     	if	1	;Program memory is < 0x10000, tblptru is always zero
  2664   001440  6AF8               	clrf	tblptru,c
  2665   001442                     	endif
  2666   001442                     	if	0	;tblptru may be non-zero
  2667   001442                     	endif
  2668   001442  0009               	tblrd		*+
  2669   001444  CFF5 F03D          	movff	tablat,??_I2C_MasterFsm+1
  2670   001448  0009               	tblrd		*+
  2671   00144A  CFF5 F03E          	movff	tablat,??_I2C_MasterFsm+2
  2672   00144E  D802               	call	i2u112_48
  2673   001450  EF33  F00A         	goto	i2u112_49
  2674   001454                     i2u112_48:
  2675   001454  0005               	push	
  2676   001456  6EFA               	movwf	pclath,c
  2677   001458  503D               	movf	(??_I2C_MasterFsm+1)^0,w,c
  2678   00145A  6EFD               	movwf	tosl,c
  2679   00145C  503E               	movf	(??_I2C_MasterFsm+2)^0,w,c
  2680   00145E  6EFE               	movwf	tosh,c
  2681   001460  6AFF               	clrf	tosu,c
  2682   001462  50FA               	movf	pclath,w,c
  2683   001464  0012               	return		;indir
  2684   001466                     i2u112_49:
  2685   001466  6E22               	movwf	(_I2C_Status+33)^0,c
  2686   001468  0012               	return		;funcret
  2687   00146A                     __end_of_I2C_MasterFsm:
  2688                           	callstack 0
  2689                           
  2690 ;; *************** function i2_I2C_MasterClearIrq *****************
  2691 ;; Defined at:
  2692 ;;		line 642 in file "mcc_generated_files/i2c_master.c"
  2693 ;; Parameters:    Size  Location     Type
  2694 ;;		None
  2695 ;; Auto vars:     Size  Location     Type
  2696 ;;		None
  2697 ;; Return value:  Size  Location     Type
  2698 ;;                  1    wreg      void 
  2699 ;; Registers used:
  2700 ;;		None
  2701 ;; Tracked objects:
  2702 ;;		On entry : 0/0
  2703 ;;		On exit  : 0/0
  2704 ;;		Unchanged: 0/0
  2705 ;; Data sizes:     COMRAM   BANK0   BANK1   BANK2   BANK3   BANK4   BANK5   BANK6   BANK7   BANK8   BANK9  BANK10  BANK1
      +1  BANK12  BANK13  BANK14  BANK15
  2706 ;;      Params:         0       0       0       0       0       0       0       0       0       0       0       0       
      +0       0       0       0       0
  2707 ;;      Locals:         0       0       0       0       0       0       0       0       0       0       0       0       
      +0       0       0       0       0
  2708 ;;      Temps:          0       0       0       0       0       0       0       0       0       0       0       0       
      +0       0       0       0       0
  2709 ;;      Totals:         0       0       0       0       0       0       0       0       0       0       0       0       
      +0       0       0       0       0
  2710 ;;Total ram usage:        0 bytes
  2711 ;; Hardware stack levels used: 1
  2712 ;; This function calls:
  2713 ;;		Nothing
  2714 ;; This function is called by:
  2715 ;;		_I2C_MasterFsm
  2716 ;; This function uses a non-reentrant model
  2717 ;;
  2718                           
  2719                           	psect	text31
  2720   00194E                     __ptext31:
  2721                           	callstack 0
  2722   00194E                     i2_I2C_MasterClearIrq:
  2723                           	callstack 22
  2724   00194E                     
  2725                           ;mcc_generated_files/i2c_master.c: 644:     PIR1bits.SSPIF = 0;
  2726   00194E  969E               	bcf	158,3,c	;volatile
  2727   001950  0012               	return		;funcret
  2728   001952                     __end_ofi2_I2C_MasterClearIrq:
  2729                           	callstack 0
  2730                           
  2731 ;; *************** function _I2C_DO_ADDRESS_NACK *****************
  2732 ;; Defined at:
  2733 ;;		line 501 in file "mcc_generated_files/i2c_master.c"
  2734 ;; Parameters:    Size  Location     Type
  2735 ;;		None
  2736 ;; Auto vars:     Size  Location     Type
  2737 ;;		None
  2738 ;; Return value:  Size  Location     Type
  2739 ;;                  1    wreg      enum E3134
  2740 ;; Registers used:
  2741 ;;		wreg, fsr2l, fsr2h, status,2, status,0, pcl, pclath, pclatu, tosl, prodl, prodh, cstack
  2742 ;; Tracked objects:
  2743 ;;		On entry : 0/0
  2744 ;;		On exit  : 0/0
  2745 ;;		Unchanged: 0/0
  2746 ;; Data sizes:     COMRAM   BANK0   BANK1   BANK2   BANK3   BANK4   BANK5   BANK6   BANK7   BANK8   BANK9  BANK10  BANK1
      +1  BANK12  BANK13  BANK14  BANK15
  2747 ;;      Params:         0       0       0       0       0       0       0       0       0       0       0       0       
      +0       0       0       0       0
  2748 ;;      Locals:         0       0       0       0       0       0       0       0       0       0       0       0       
      +0       0       0       0       0
  2749 ;;      Temps:          2       0       0       0       0       0       0       0       0       0       0       0       
      +0       0       0       0       0
  2750 ;;      Totals:         2       0       0       0       0       0       0       0       0       0       0       0       
      +0       0       0       0       0
  2751 ;;Total ram usage:        2 bytes
  2752 ;; Hardware stack levels used: 1
  2753 ;; Hardware stack levels required when called: 3
  2754 ;; This function calls:
  2755 ;;		NULL
  2756 ;;		_I2C_CallbackReturnReset
  2757 ;;		_I2C_CallbackReturnStop
  2758 ;;		_I2C_DO_SEND_RESTART
  2759 ;;		_I2C_DO_SEND_STOP
  2760 ;;		_rd1RegCompleteHandler
  2761 ;;		_rd2RegCompleteHandler
  2762 ;;		_rdBlkRegCompleteHandler
  2763 ;;		_wr1RegCompleteHandler
  2764 ;;		_wr2RegCompleteHandler
  2765 ;; This function is called by:
  2766 ;;		_I2C_MasterFsm
  2767 ;; This function uses a non-reentrant model
  2768 ;;
  2769                           
  2770                           	psect	text32
  2771   0014D0                     __ptext32:
  2772                           	callstack 0
  2773   0014D0                     _I2C_DO_ADDRESS_NACK:
  2774                           	callstack 19
  2775   0014D0                     
  2776                           ;mcc_generated_files/i2c_master.c: 503:     I2C_Status.addressNackCheck = 0;
  2777   0014D0  9024               	bcf	(_I2C_Status+35)^0,0,c
  2778   0014D2                     
  2779                           ;mcc_generated_files/i2c_master.c: 504:     I2C_Status.error = I2C_FAIL;
  2780   0014D2  0E02               	movlw	2
  2781   0014D4  6E23               	movwf	(_I2C_Status+34)^0,c
  2782                           
  2783                           ;mcc_generated_files/i2c_master.c: 505:     switch(I2C_Status.callbackTable[I2C_ADDR_NAC
      +                          K](I2C_Status.callbackPayload[I2C_ADDR_NACK]))
  2784   0014D6  EF75  F00A         	goto	i2l2990
  2785   0014DA                     i2l2980:
  2786                           
  2787                           ;mcc_generated_files/i2c_master.c: 509:             return I2C_DO_SEND_RESTART();
  2788   0014DA  EC82  F00C         	call	_I2C_DO_SEND_RESTART	;wreg free
  2789   0014DE  EF99  F00A         	goto	i2l404
  2790   0014E2                     i2l2984:
  2791                           
  2792                           ;mcc_generated_files/i2c_master.c: 511:             return I2C_DO_SEND_STOP();
  2793   0014E2  EC7E  F00C         	call	_I2C_DO_SEND_STOP	;wreg free
  2794   0014E6  EF99  F00A         	goto	i2l404
  2795   0014EA                     i2l2990:
  2796   0014EA  C011  F037         	movff	_I2C_Status+16,I2C_CallbackReturnReset@funPtr
  2797   0014EE  C012  F038         	movff	_I2C_Status+17,I2C_CallbackReturnReset@funPtr+1
  2798   0014F2  D802               	call	i2u107_48
  2799   0014F4  EF85  F00A         	goto	i2u107_49
  2800   0014F8                     i2u107_48:
  2801   0014F8  0005               	push	
  2802   0014FA  6EFA               	movwf	pclath,c
  2803   0014FC  5005               	movf	(_I2C_Status+4)^0,w,c
  2804   0014FE  6EFD               	movwf	tosl,c
  2805   001500  5006               	movf	(_I2C_Status+5)^0,w,c
  2806   001502  6EFE               	movwf	tosh,c
  2807   001504  6AFF               	clrf	tosu,c
  2808   001506  50FA               	movf	pclath,w,c
  2809   001508  0012               	return		;indir
  2810   00150A                     i2u107_49:
  2811   00150A  6E3A               	movwf	??_I2C_DO_ADDRESS_NACK^0,c
  2812   00150C  6A3B               	clrf	(??_I2C_DO_ADDRESS_NACK+1)^0,c
  2813                           
  2814                           ; Switch on 2 bytes has been partitioned into a top level switch of size 1, and 1 sub-sw
      +                          itches
  2815                           ; Switch size 1, requested type "simple"
  2816                           ; Number of cases is 1, Range of values is 0 to 0
  2817                           ; switch strategies available:
  2818                           ; Name         Instructions Cycles
  2819                           ; simple_byte            4     3 (average)
  2820                           ;	Chosen strategy is simple_byte
  2821   00150E  503B               	movf	(??_I2C_DO_ADDRESS_NACK+1)^0,w,c
  2822   001510  0A00               	xorlw	0	; case 0
  2823   001512  B4D8               	btfsc	status,2,c
  2824   001514  EF8E  F00A         	goto	i2l3314
  2825   001518  EF71  F00A         	goto	i2l2984
  2826   00151C                     i2l3314:
  2827                           
  2828                           ; Switch size 1, requested type "simple"
  2829                           ; Number of cases is 2, Range of values is 2 to 3
  2830                           ; switch strategies available:
  2831                           ; Name         Instructions Cycles
  2832                           ; simple_byte            7     4 (average)
  2833                           ;	Chosen strategy is simple_byte
  2834   00151C  503A               	movf	??_I2C_DO_ADDRESS_NACK^0,w,c
  2835   00151E  0A02               	xorlw	2	; case 2
  2836   001520  B4D8               	btfsc	status,2,c
  2837   001522  EF6D  F00A         	goto	i2l2980
  2838   001526  0A01               	xorlw	1	; case 3
  2839   001528  B4D8               	btfsc	status,2,c
  2840   00152A  EF6D  F00A         	goto	i2l2980
  2841   00152E  EF71  F00A         	goto	i2l2984
  2842   001532                     i2l404:
  2843   001532  0012               	return		;funcret
  2844   001534                     __end_of_I2C_DO_ADDRESS_NACK:
  2845                           	callstack 0
  2846                           
  2847 ;; *************** function _I2C_DO_RESET *****************
  2848 ;; Defined at:
  2849 ;;		line 495 in file "mcc_generated_files/i2c_master.c"
  2850 ;; Parameters:    Size  Location     Type
  2851 ;;		None
  2852 ;; Auto vars:     Size  Location     Type
  2853 ;;		None
  2854 ;; Return value:  Size  Location     Type
  2855 ;;                  1    wreg      enum E3134
  2856 ;; Registers used:
  2857 ;;		wreg, status,2
  2858 ;; Tracked objects:
  2859 ;;		On entry : 0/0
  2860 ;;		On exit  : 0/0
  2861 ;;		Unchanged: 0/0
  2862 ;; Data sizes:     COMRAM   BANK0   BANK1   BANK2   BANK3   BANK4   BANK5   BANK6   BANK7   BANK8   BANK9  BANK10  BANK1
      +1  BANK12  BANK13  BANK14  BANK15
  2863 ;;      Params:         0       0       0       0       0       0       0       0       0       0       0       0       
      +0       0       0       0       0
  2864 ;;      Locals:         0       0       0       0       0       0       0       0       0       0       0       0       
      +0       0       0       0       0
  2865 ;;      Temps:          0       0       0       0       0       0       0       0       0       0       0       0       
      +0       0       0       0       0
  2866 ;;      Totals:         0       0       0       0       0       0       0       0       0       0       0       0       
      +0       0       0       0       0
  2867 ;;Total ram usage:        0 bytes
  2868 ;; Hardware stack levels used: 1
  2869 ;; This function calls:
  2870 ;;		Nothing
  2871 ;; This function is called by:
  2872 ;;		_I2C_MasterFsm
  2873 ;; This function uses a non-reentrant model
  2874 ;;
  2875                           
  2876                           	psect	text33
  2877   0018BE                     __ptext33:
  2878                           	callstack 0
  2879   0018BE                     _I2C_DO_RESET:
  2880                           	callstack 22
  2881   0018BE                     
  2882                           ;mcc_generated_files/i2c_master.c: 497:     I2C_Status.busy = 0;
  2883   0018BE  9224               	bcf	(_I2C_Status+35)^0,1,c
  2884   0018C0                     
  2885                           ;mcc_generated_files/i2c_master.c: 498:     I2C_Status.error = I2C_NOERR;
  2886   0018C0  0E00               	movlw	0
  2887   0018C2  6E23               	movwf	(_I2C_Status+34)^0,c
  2888   0018C4                     
  2889                           ;mcc_generated_files/i2c_master.c: 499:     return I2C_RESET;
  2890   0018C4  0E0E               	movlw	14
  2891   0018C6  0012               	return		;funcret
  2892   0018C8                     __end_of_I2C_DO_RESET:
  2893                           	callstack 0
  2894                           
  2895 ;; *************** function _I2C_DO_RX_NACK_RESTART *****************
  2896 ;; Defined at:
  2897 ;;		line 489 in file "mcc_generated_files/i2c_master.c"
  2898 ;; Parameters:    Size  Location     Type
  2899 ;;		None
  2900 ;; Auto vars:     Size  Location     Type
  2901 ;;		None
  2902 ;; Return value:  Size  Location     Type
  2903 ;;                  1    wreg      enum E3134
  2904 ;; Registers used:
  2905 ;;		wreg, cstack
  2906 ;; Tracked objects:
  2907 ;;		On entry : 0/0
  2908 ;;		On exit  : 0/0
  2909 ;;		Unchanged: 0/0
  2910 ;; Data sizes:     COMRAM   BANK0   BANK1   BANK2   BANK3   BANK4   BANK5   BANK6   BANK7   BANK8   BANK9  BANK10  BANK1
      +1  BANK12  BANK13  BANK14  BANK15
  2911 ;;      Params:         0       0       0       0       0       0       0       0       0       0       0       0       
      +0       0       0       0       0
  2912 ;;      Locals:         0       0       0       0       0       0       0       0       0       0       0       0       
      +0       0       0       0       0
  2913 ;;      Temps:          0       0       0       0       0       0       0       0       0       0       0       0       
      +0       0       0       0       0
  2914 ;;      Totals:         0       0       0       0       0       0       0       0       0       0       0       0       
      +0       0       0       0       0
  2915 ;;Total ram usage:        0 bytes
  2916 ;; Hardware stack levels used: 1
  2917 ;; Hardware stack levels required when called: 1
  2918 ;; This function calls:
  2919 ;;		_I2C_MasterSendNack
  2920 ;; This function is called by:
  2921 ;;		_I2C_DO_RX
  2922 ;;		_I2C_MasterFsm
  2923 ;; This function uses a non-reentrant model
  2924 ;;
  2925                           
  2926                           	psect	text34
  2927   0018E4                     __ptext34:
  2928                           	callstack 0
  2929   0018E4                     _I2C_DO_RX_NACK_RESTART:
  2930                           	callstack 21
  2931   0018E4                     
  2932                           ;mcc_generated_files/i2c_master.c: 491:     I2C_MasterSendNack();
  2933   0018E4  EC98  F00C         	call	_I2C_MasterSendNack	;wreg free
  2934   0018E8                     
  2935                           ;mcc_generated_files/i2c_master.c: 492:     return I2C_SEND_RESTART;
  2936   0018E8  0E09               	movlw	9
  2937   0018EA  0012               	return		;funcret
  2938   0018EC                     __end_of_I2C_DO_RX_NACK_RESTART:
  2939                           	callstack 0
  2940                           
  2941 ;; *************** function _I2C_DO_RX_NACK_STOP *****************
  2942 ;; Defined at:
  2943 ;;		line 483 in file "mcc_generated_files/i2c_master.c"
  2944 ;; Parameters:    Size  Location     Type
  2945 ;;		None
  2946 ;; Auto vars:     Size  Location     Type
  2947 ;;		None
  2948 ;; Return value:  Size  Location     Type
  2949 ;;                  1    wreg      enum E3134
  2950 ;; Registers used:
  2951 ;;		wreg, cstack
  2952 ;; Tracked objects:
  2953 ;;		On entry : 0/0
  2954 ;;		On exit  : 0/0
  2955 ;;		Unchanged: 0/0
  2956 ;; Data sizes:     COMRAM   BANK0   BANK1   BANK2   BANK3   BANK4   BANK5   BANK6   BANK7   BANK8   BANK9  BANK10  BANK1
      +1  BANK12  BANK13  BANK14  BANK15
  2957 ;;      Params:         0       0       0       0       0       0       0       0       0       0       0       0       
      +0       0       0       0       0
  2958 ;;      Locals:         0       0       0       0       0       0       0       0       0       0       0       0       
      +0       0       0       0       0
  2959 ;;      Temps:          0       0       0       0       0       0       0       0       0       0       0       0       
      +0       0       0       0       0
  2960 ;;      Totals:         0       0       0       0       0       0       0       0       0       0       0       0       
      +0       0       0       0       0
  2961 ;;Total ram usage:        0 bytes
  2962 ;; Hardware stack levels used: 1
  2963 ;; Hardware stack levels required when called: 1
  2964 ;; This function calls:
  2965 ;;		_I2C_MasterSendNack
  2966 ;; This function is called by:
  2967 ;;		_I2C_DO_RX
  2968 ;;		_I2C_MasterFsm
  2969 ;; This function uses a non-reentrant model
  2970 ;;
  2971                           
  2972                           	psect	text35
  2973   0018EC                     __ptext35:
  2974                           	callstack 0
  2975   0018EC                     _I2C_DO_RX_NACK_STOP:
  2976                           	callstack 21
  2977   0018EC                     
  2978                           ;mcc_generated_files/i2c_master.c: 485:     I2C_MasterSendNack();
  2979   0018EC  EC98  F00C         	call	_I2C_MasterSendNack	;wreg free
  2980   0018F0                     
  2981                           ;mcc_generated_files/i2c_master.c: 486:     return I2C_SEND_STOP;
  2982   0018F0  0E0A               	movlw	10
  2983   0018F2  0012               	return		;funcret
  2984   0018F4                     __end_of_I2C_DO_RX_NACK_STOP:
  2985                           	callstack 0
  2986                           
  2987 ;; *************** function _I2C_DO_RX_ACK *****************
  2988 ;; Defined at:
  2989 ;;		line 476 in file "mcc_generated_files/i2c_master.c"
  2990 ;; Parameters:    Size  Location     Type
  2991 ;;		None
  2992 ;; Auto vars:     Size  Location     Type
  2993 ;;		None
  2994 ;; Return value:  Size  Location     Type
  2995 ;;                  1    wreg      enum E3134
  2996 ;; Registers used:
  2997 ;;		wreg, cstack
  2998 ;; Tracked objects:
  2999 ;;		On entry : 0/0
  3000 ;;		On exit  : 0/0
  3001 ;;		Unchanged: 0/0
  3002 ;; Data sizes:     COMRAM   BANK0   BANK1   BANK2   BANK3   BANK4   BANK5   BANK6   BANK7   BANK8   BANK9  BANK10  BANK1
      +1  BANK12  BANK13  BANK14  BANK15
  3003 ;;      Params:         0       0       0       0       0       0       0       0       0       0       0       0       
      +0       0       0       0       0
  3004 ;;      Locals:         0       0       0       0       0       0       0       0       0       0       0       0       
      +0       0       0       0       0
  3005 ;;      Temps:          0       0       0       0       0       0       0       0       0       0       0       0       
      +0       0       0       0       0
  3006 ;;      Totals:         0       0       0       0       0       0       0       0       0       0       0       0       
      +0       0       0       0       0
  3007 ;;Total ram usage:        0 bytes
  3008 ;; Hardware stack levels used: 1
  3009 ;; Hardware stack levels required when called: 1
  3010 ;; This function calls:
  3011 ;;		_I2C_MasterSendAck
  3012 ;; This function is called by:
  3013 ;;		_I2C_MasterFsm
  3014 ;; This function uses a non-reentrant model
  3015 ;;
  3016                           
  3017                           	psect	text36
  3018   0018F4                     __ptext36:
  3019                           	callstack 0
  3020   0018F4                     _I2C_DO_RX_ACK:
  3021                           	callstack 21
  3022   0018F4                     
  3023                           ;mcc_generated_files/i2c_master.c: 478:     I2C_MasterSendAck();
  3024   0018F4  EC95  F00C         	call	_I2C_MasterSendAck	;wreg free
  3025   0018F8                     
  3026                           ;mcc_generated_files/i2c_master.c: 479:     return I2C_RCEN;
  3027   0018F8  0E05               	movlw	5
  3028   0018FA  0012               	return		;funcret
  3029   0018FC                     __end_of_I2C_DO_RX_ACK:
  3030                           	callstack 0
  3031                           
  3032 ;; *************** function _I2C_DO_SEND_STOP *****************
  3033 ;; Defined at:
  3034 ;;		line 470 in file "mcc_generated_files/i2c_master.c"
  3035 ;; Parameters:    Size  Location     Type
  3036 ;;		None
  3037 ;; Auto vars:     Size  Location     Type
  3038 ;;		None
  3039 ;; Return value:  Size  Location     Type
  3040 ;;                  1    wreg      enum E3134
  3041 ;; Registers used:
  3042 ;;		wreg, cstack
  3043 ;; Tracked objects:
  3044 ;;		On entry : 0/0
  3045 ;;		On exit  : 0/0
  3046 ;;		Unchanged: 0/0
  3047 ;; Data sizes:     COMRAM   BANK0   BANK1   BANK2   BANK3   BANK4   BANK5   BANK6   BANK7   BANK8   BANK9  BANK10  BANK1
      +1  BANK12  BANK13  BANK14  BANK15
  3048 ;;      Params:         0       0       0       0       0       0       0       0       0       0       0       0       
      +0       0       0       0       0
  3049 ;;      Locals:         0       0       0       0       0       0       0       0       0       0       0       0       
      +0       0       0       0       0
  3050 ;;      Temps:          0       0       0       0       0       0       0       0       0       0       0       0       
      +0       0       0       0       0
  3051 ;;      Totals:         0       0       0       0       0       0       0       0       0       0       0       0       
      +0       0       0       0       0
  3052 ;;Total ram usage:        0 bytes
  3053 ;; Hardware stack levels used: 1
  3054 ;; Hardware stack levels required when called: 1
  3055 ;; This function calls:
  3056 ;;		_I2C_MasterStop
  3057 ;; This function is called by:
  3058 ;;		_I2C_DO_TX
  3059 ;;		_I2C_DO_TX_EMPTY
  3060 ;;		_I2C_DO_ADDRESS_NACK
  3061 ;;		_I2C_MasterFsm
  3062 ;; This function uses a non-reentrant model
  3063 ;;
  3064                           
  3065                           	psect	text37
  3066   0018FC                     __ptext37:
  3067                           	callstack 0
  3068   0018FC                     _I2C_DO_SEND_STOP:
  3069                           	callstack 20
  3070   0018FC                     
  3071                           ;mcc_generated_files/i2c_master.c: 472:     I2C_MasterStop();
  3072   0018FC  ECB3  F00C         	call	_I2C_MasterStop	;wreg free
  3073   001900                     
  3074                           ;mcc_generated_files/i2c_master.c: 473:     return I2C_IDLE;
  3075   001900  0E00               	movlw	0
  3076   001902  0012               	return		;funcret
  3077   001904                     __end_of_I2C_DO_SEND_STOP:
  3078                           	callstack 0
  3079                           
  3080 ;; *************** function _I2C_DO_SEND_RESTART *****************
  3081 ;; Defined at:
  3082 ;;		line 464 in file "mcc_generated_files/i2c_master.c"
  3083 ;; Parameters:    Size  Location     Type
  3084 ;;		None
  3085 ;; Auto vars:     Size  Location     Type
  3086 ;;		None
  3087 ;; Return value:  Size  Location     Type
  3088 ;;                  1    wreg      enum E3134
  3089 ;; Registers used:
  3090 ;;		wreg, cstack
  3091 ;; Tracked objects:
  3092 ;;		On entry : 0/0
  3093 ;;		On exit  : 0/0
  3094 ;;		Unchanged: 0/0
  3095 ;; Data sizes:     COMRAM   BANK0   BANK1   BANK2   BANK3   BANK4   BANK5   BANK6   BANK7   BANK8   BANK9  BANK10  BANK1
      +1  BANK12  BANK13  BANK14  BANK15
  3096 ;;      Params:         0       0       0       0       0       0       0       0       0       0       0       0       
      +0       0       0       0       0
  3097 ;;      Locals:         0       0       0       0       0       0       0       0       0       0       0       0       
      +0       0       0       0       0
  3098 ;;      Temps:          0       0       0       0       0       0       0       0       0       0       0       0       
      +0       0       0       0       0
  3099 ;;      Totals:         0       0       0       0       0       0       0       0       0       0       0       0       
      +0       0       0       0       0
  3100 ;;Total ram usage:        0 bytes
  3101 ;; Hardware stack levels used: 1
  3102 ;; Hardware stack levels required when called: 1
  3103 ;; This function calls:
  3104 ;;		_I2C_MasterEnableRestart
  3105 ;; This function is called by:
  3106 ;;		_I2C_DO_TX_EMPTY
  3107 ;;		_I2C_DO_ADDRESS_NACK
  3108 ;;		_I2C_MasterFsm
  3109 ;; This function uses a non-reentrant model
  3110 ;;
  3111                           
  3112                           	psect	text38
  3113   001904                     __ptext38:
  3114                           	callstack 0
  3115   001904                     _I2C_DO_SEND_RESTART:
  3116                           	callstack 20
  3117   001904                     
  3118                           ;mcc_generated_files/i2c_master.c: 466:     I2C_MasterEnableRestart();
  3119   001904  ECB5  F00C         	call	_I2C_MasterEnableRestart	;wreg free
  3120   001908                     
  3121                           ;mcc_generated_files/i2c_master.c: 467:     return I2C_SEND_ADR_READ;
  3122   001908  0E01               	movlw	1
  3123   00190A  0012               	return		;funcret
  3124   00190C                     __end_of_I2C_DO_SEND_RESTART:
  3125                           	callstack 0
  3126                           
  3127 ;; *************** function _I2C_DO_SEND_RESTART_WRITE *****************
  3128 ;; Defined at:
  3129 ;;		line 457 in file "mcc_generated_files/i2c_master.c"
  3130 ;; Parameters:    Size  Location     Type
  3131 ;;		None
  3132 ;; Auto vars:     Size  Location     Type
  3133 ;;		None
  3134 ;; Return value:  Size  Location     Type
  3135 ;;                  1    wreg      enum E3134
  3136 ;; Registers used:
  3137 ;;		wreg, cstack
  3138 ;; Tracked objects:
  3139 ;;		On entry : 0/0
  3140 ;;		On exit  : 0/0
  3141 ;;		Unchanged: 0/0
  3142 ;; Data sizes:     COMRAM   BANK0   BANK1   BANK2   BANK3   BANK4   BANK5   BANK6   BANK7   BANK8   BANK9  BANK10  BANK1
      +1  BANK12  BANK13  BANK14  BANK15
  3143 ;;      Params:         0       0       0       0       0       0       0       0       0       0       0       0       
      +0       0       0       0       0
  3144 ;;      Locals:         0       0       0       0       0       0       0       0       0       0       0       0       
      +0       0       0       0       0
  3145 ;;      Temps:          0       0       0       0       0       0       0       0       0       0       0       0       
      +0       0       0       0       0
  3146 ;;      Totals:         0       0       0       0       0       0       0       0       0       0       0       0       
      +0       0       0       0       0
  3147 ;;Total ram usage:        0 bytes
  3148 ;; Hardware stack levels used: 1
  3149 ;; Hardware stack levels required when called: 1
  3150 ;; This function calls:
  3151 ;;		_I2C_MasterEnableRestart
  3152 ;; This function is called by:
  3153 ;;		_I2C_DO_TX
  3154 ;;		_I2C_MasterFsm
  3155 ;; This function uses a non-reentrant model
  3156 ;;
  3157                           
  3158                           	psect	text39
  3159   00190C                     __ptext39:
  3160                           	callstack 0
  3161   00190C                     _I2C_DO_SEND_RESTART_WRITE:
  3162                           	callstack 20
  3163   00190C                     
  3164                           ;mcc_generated_files/i2c_master.c: 459:     I2C_MasterEnableRestart();
  3165   00190C  ECB5  F00C         	call	_I2C_MasterEnableRestart	;wreg free
  3166   001910                     
  3167                           ;mcc_generated_files/i2c_master.c: 460:     return I2C_SEND_ADR_WRITE;
  3168   001910  0E02               	movlw	2
  3169   001912  0012               	return		;funcret
  3170   001914                     __end_of_I2C_DO_SEND_RESTART_WRITE:
  3171                           	callstack 0
  3172                           
  3173 ;; *************** function _I2C_DO_SEND_RESTART_READ *****************
  3174 ;; Defined at:
  3175 ;;		line 451 in file "mcc_generated_files/i2c_master.c"
  3176 ;; Parameters:    Size  Location     Type
  3177 ;;		None
  3178 ;; Auto vars:     Size  Location     Type
  3179 ;;		None
  3180 ;; Return value:  Size  Location     Type
  3181 ;;                  1    wreg      enum E3134
  3182 ;; Registers used:
  3183 ;;		wreg, cstack
  3184 ;; Tracked objects:
  3185 ;;		On entry : 0/0
  3186 ;;		On exit  : 0/0
  3187 ;;		Unchanged: 0/0
  3188 ;; Data sizes:     COMRAM   BANK0   BANK1   BANK2   BANK3   BANK4   BANK5   BANK6   BANK7   BANK8   BANK9  BANK10  BANK1
      +1  BANK12  BANK13  BANK14  BANK15
  3189 ;;      Params:         0       0       0       0       0       0       0       0       0       0       0       0       
      +0       0       0       0       0
  3190 ;;      Locals:         0       0       0       0       0       0       0       0       0       0       0       0       
      +0       0       0       0       0
  3191 ;;      Temps:          0       0       0       0       0       0       0       0       0       0       0       0       
      +0       0       0       0       0
  3192 ;;      Totals:         0       0       0       0       0       0       0       0       0       0       0       0       
      +0       0       0       0       0
  3193 ;;Total ram usage:        0 bytes
  3194 ;; Hardware stack levels used: 1
  3195 ;; Hardware stack levels required when called: 1
  3196 ;; This function calls:
  3197 ;;		_I2C_MasterEnableRestart
  3198 ;; This function is called by:
  3199 ;;		_I2C_DO_TX
  3200 ;;		_I2C_MasterFsm
  3201 ;; This function uses a non-reentrant model
  3202 ;;
  3203                           
  3204                           	psect	text40
  3205   001914                     __ptext40:
  3206                           	callstack 0
  3207   001914                     _I2C_DO_SEND_RESTART_READ:
  3208                           	callstack 20
  3209   001914                     
  3210                           ;mcc_generated_files/i2c_master.c: 453:     I2C_MasterEnableRestart();
  3211   001914  ECB5  F00C         	call	_I2C_MasterEnableRestart	;wreg free
  3212   001918                     
  3213                           ;mcc_generated_files/i2c_master.c: 454:     return I2C_SEND_ADR_READ;
  3214   001918  0E01               	movlw	1
  3215   00191A  0012               	return		;funcret
  3216   00191C                     __end_of_I2C_DO_SEND_RESTART_READ:
  3217                           	callstack 0
  3218                           
  3219 ;; *************** function _I2C_DO_RCEN *****************
  3220 ;; Defined at:
  3221 ;;		line 404 in file "mcc_generated_files/i2c_master.c"
  3222 ;; Parameters:    Size  Location     Type
  3223 ;;		None
  3224 ;; Auto vars:     Size  Location     Type
  3225 ;;		None
  3226 ;; Return value:  Size  Location     Type
  3227 ;;                  1    wreg      enum E3134
  3228 ;; Registers used:
  3229 ;;		wreg, cstack
  3230 ;; Tracked objects:
  3231 ;;		On entry : 0/0
  3232 ;;		On exit  : 0/0
  3233 ;;		Unchanged: 0/0
  3234 ;; Data sizes:     COMRAM   BANK0   BANK1   BANK2   BANK3   BANK4   BANK5   BANK6   BANK7   BANK8   BANK9  BANK10  BANK1
      +1  BANK12  BANK13  BANK14  BANK15
  3235 ;;      Params:         0       0       0       0       0       0       0       0       0       0       0       0       
      +0       0       0       0       0
  3236 ;;      Locals:         0       0       0       0       0       0       0       0       0       0       0       0       
      +0       0       0       0       0
  3237 ;;      Temps:          0       0       0       0       0       0       0       0       0       0       0       0       
      +0       0       0       0       0
  3238 ;;      Totals:         0       0       0       0       0       0       0       0       0       0       0       0       
      +0       0       0       0       0
  3239 ;;Total ram usage:        0 bytes
  3240 ;; Hardware stack levels used: 1
  3241 ;; Hardware stack levels required when called: 1
  3242 ;; This function calls:
  3243 ;;		_I2C_MasterStartRx
  3244 ;; This function is called by:
  3245 ;;		_I2C_MasterFsm
  3246 ;; This function uses a non-reentrant model
  3247 ;;
  3248                           
  3249                           	psect	text41
  3250   0018C8                     __ptext41:
  3251                           	callstack 0
  3252   0018C8                     _I2C_DO_RCEN:
  3253                           	callstack 21
  3254   0018C8                     
  3255                           ;mcc_generated_files/i2c_master.c: 406:     I2C_Status.addressNackCheck = 0;
  3256   0018C8  9024               	bcf	(_I2C_Status+35)^0,0,c
  3257   0018CA                     
  3258                           ;mcc_generated_files/i2c_master.c: 407:     I2C_MasterStartRx();
  3259   0018CA  ECAD  F00C         	call	_I2C_MasterStartRx	;wreg free
  3260   0018CE                     
  3261                           ;mcc_generated_files/i2c_master.c: 408:     return I2C_RX;
  3262   0018CE  0E04               	movlw	4
  3263   0018D0  0012               	return		;funcret
  3264   0018D2                     __end_of_I2C_DO_RCEN:
  3265                           	callstack 0
  3266                           
  3267 ;; *************** function _I2C_DO_RX *****************
  3268 ;; Defined at:
  3269 ;;		line 380 in file "mcc_generated_files/i2c_master.c"
  3270 ;; Parameters:    Size  Location     Type
  3271 ;;		None
  3272 ;; Auto vars:     Size  Location     Type
  3273 ;;		None
  3274 ;; Return value:  Size  Location     Type
  3275 ;;                  1    wreg      enum E3134
  3276 ;; Registers used:
  3277 ;;		wreg, fsr2l, fsr2h, status,2, status,0, pcl, pclath, pclatu, tosl, prodl, prodh, cstack
  3278 ;; Tracked objects:
  3279 ;;		On entry : 0/0
  3280 ;;		On exit  : 0/0
  3281 ;;		Unchanged: 0/0
  3282 ;; Data sizes:     COMRAM   BANK0   BANK1   BANK2   BANK3   BANK4   BANK5   BANK6   BANK7   BANK8   BANK9  BANK10  BANK1
      +1  BANK12  BANK13  BANK14  BANK15
  3283 ;;      Params:         0       0       0       0       0       0       0       0       0       0       0       0       
      +0       0       0       0       0
  3284 ;;      Locals:         0       0       0       0       0       0       0       0       0       0       0       0       
      +0       0       0       0       0
  3285 ;;      Temps:          2       0       0       0       0       0       0       0       0       0       0       0       
      +0       0       0       0       0
  3286 ;;      Totals:         2       0       0       0       0       0       0       0       0       0       0       0       
      +0       0       0       0       0
  3287 ;;Total ram usage:        2 bytes
  3288 ;; Hardware stack levels used: 1
  3289 ;; Hardware stack levels required when called: 3
  3290 ;; This function calls:
  3291 ;;		NULL
  3292 ;;		_I2C_CallbackReturnReset
  3293 ;;		_I2C_CallbackReturnStop
  3294 ;;		_I2C_DO_RX_NACK_RESTART
  3295 ;;		_I2C_DO_RX_NACK_STOP
  3296 ;;		_I2C_MasterGetRxData
  3297 ;;		_I2C_MasterSendAck
  3298 ;;		_rd1RegCompleteHandler
  3299 ;;		_rd2RegCompleteHandler
  3300 ;;		_rdBlkRegCompleteHandler
  3301 ;;		_wr1RegCompleteHandler
  3302 ;;		_wr2RegCompleteHandler
  3303 ;; This function is called by:
  3304 ;;		_I2C_MasterFsm
  3305 ;; This function uses a non-reentrant model
  3306 ;;
  3307                           
  3308                           	psect	text42
  3309   0010E8                     __ptext42:
  3310                           	callstack 0
  3311   0010E8                     _I2C_DO_RX:
  3312                           	callstack 19
  3313   0010E8                     
  3314                           ;mcc_generated_files/i2c_master.c: 382:     *I2C_Status.data_ptr++ = I2C_MasterGetRxData
      +                          ();
  3315   0010E8  ECAB  F00C         	call	_I2C_MasterGetRxData	;wreg free
  3316   0010EC  C01E  FFD9         	movff	_I2C_Status+29,fsr2l
  3317   0010F0  C01F  FFDA         	movff	_I2C_Status+30,fsr2h
  3318   0010F4  6EDF               	movwf	indf2,c
  3319   0010F6  4A1E               	infsnz	(_I2C_Status+29)^0,f,c
  3320   0010F8  2A1F               	incf	(_I2C_Status+30)^0,f,c
  3321   0010FA                     
  3322                           ;mcc_generated_files/i2c_master.c: 383:     if(--I2C_Status.data_length)
  3323   0010FA  0620               	decf	(_I2C_Status+31)^0,f,c
  3324   0010FC  A0D8               	btfss	status,0,c
  3325   0010FE  0621               	decf	(_I2C_Status+32)^0,f,c
  3326   001100  5020               	movf	(_I2C_Status+31)^0,w,c
  3327   001102  1021               	iorwf	(_I2C_Status+32)^0,w,c
  3328   001104  B4D8               	btfsc	status,2,c
  3329   001106  EF87  F008         	goto	i2u104_41
  3330   00110A  EF89  F008         	goto	i2u104_40
  3331   00110E                     i2u104_41:
  3332   00110E  EF8E  F008         	goto	i2l341
  3333   001112                     i2u104_40:
  3334   001112                     
  3335                           ;mcc_generated_files/i2c_master.c: 384:     {;mcc_generated_files/i2c_master.c: 385:    
      +                               I2C_MasterSendAck();
  3336   001112  EC95  F00C         	call	_I2C_MasterSendAck	;wreg free
  3337   001116                     
  3338                           ;mcc_generated_files/i2c_master.c: 386:         return I2C_RCEN;
  3339   001116  0E05               	movlw	5
  3340   001118  EFC5  F008         	goto	i2l342
  3341   00111C                     i2l341:
  3342                           
  3343                           ;mcc_generated_files/i2c_master.c: 389:     {;mcc_generated_files/i2c_master.c: 390:    
      +                               I2C_Status.bufferFree = 1;
  3344   00111C  8624               	bsf	(_I2C_Status+35)^0,3,c
  3345                           
  3346                           ;mcc_generated_files/i2c_master.c: 391:         switch(I2C_Status.callbackTable[I2C_DATA
      +                          _COMPLETE](I2C_Status.callbackPayload[I2C_DATA_COMPLETE]))
  3347   00111E  EF99  F008         	goto	i2l2940
  3348   001122                     i2l2930:
  3349                           
  3350                           ;mcc_generated_files/i2c_master.c: 395:                 return I2C_DO_RX_NACK_RESTART();
  3351   001122  EC72  F00C         	call	_I2C_DO_RX_NACK_RESTART	;wreg free
  3352   001126  EFC5  F008         	goto	i2l342
  3353   00112A                     i2l2934:
  3354                           
  3355                           ;mcc_generated_files/i2c_master.c: 399:                 return I2C_DO_RX_NACK_STOP();
  3356   00112A  EC76  F00C         	call	_I2C_DO_RX_NACK_STOP	;wreg free
  3357   00112E  EFC5  F008         	goto	i2l342
  3358   001132                     i2l2940:
  3359   001132  C00D  F037         	movff	_I2C_Status+12,I2C_CallbackReturnReset@funPtr
  3360   001136  C00E  F038         	movff	_I2C_Status+13,I2C_CallbackReturnReset@funPtr+1
  3361   00113A  D802               	call	i2u105_48
  3362   00113C  EFA9  F008         	goto	i2u105_49
  3363   001140                     i2u105_48:
  3364   001140  0005               	push	
  3365   001142  6EFA               	movwf	pclath,c
  3366   001144  5001               	movf	_I2C_Status^0,w,c
  3367   001146  6EFD               	movwf	tosl,c
  3368   001148  5002               	movf	(_I2C_Status+1)^0,w,c
  3369   00114A  6EFE               	movwf	tosh,c
  3370   00114C  6AFF               	clrf	tosu,c
  3371   00114E  50FA               	movf	pclath,w,c
  3372   001150  0012               	return		;indir
  3373   001152                     i2u105_49:
  3374   001152  6E3A               	movwf	??_I2C_DO_RX^0,c
  3375   001154  6A3B               	clrf	(??_I2C_DO_RX+1)^0,c
  3376                           
  3377                           ; Switch on 2 bytes has been partitioned into a top level switch of size 1, and 1 sub-sw
      +                          itches
  3378                           ; Switch size 1, requested type "simple"
  3379                           ; Number of cases is 1, Range of values is 0 to 0
  3380                           ; switch strategies available:
  3381                           ; Name         Instructions Cycles
  3382                           ; simple_byte            4     3 (average)
  3383                           ;	Chosen strategy is simple_byte
  3384   001156  503B               	movf	(??_I2C_DO_RX+1)^0,w,c
  3385   001158  0A00               	xorlw	0	; case 0
  3386   00115A  B4D8               	btfsc	status,2,c
  3387   00115C  EFB2  F008         	goto	i2l3316
  3388   001160  EF95  F008         	goto	i2l2934
  3389   001164                     i2l3316:
  3390                           
  3391                           ; Switch size 1, requested type "simple"
  3392                           ; Number of cases is 4, Range of values is 1 to 4
  3393                           ; switch strategies available:
  3394                           ; Name         Instructions Cycles
  3395                           ; simple_byte           13     7 (average)
  3396                           ;	Chosen strategy is simple_byte
  3397   001164  503A               	movf	??_I2C_DO_RX^0,w,c
  3398   001166  0A01               	xorlw	1	; case 1
  3399   001168  B4D8               	btfsc	status,2,c
  3400   00116A  EF95  F008         	goto	i2l2934
  3401   00116E  0A03               	xorlw	3	; case 2
  3402   001170  B4D8               	btfsc	status,2,c
  3403   001172  EF91  F008         	goto	i2l2930
  3404   001176  0A01               	xorlw	1	; case 3
  3405   001178  B4D8               	btfsc	status,2,c
  3406   00117A  EF91  F008         	goto	i2l2930
  3407   00117E  0A07               	xorlw	7	; case 4
  3408   001180  B4D8               	btfsc	status,2,c
  3409   001182  EF95  F008         	goto	i2l2934
  3410   001186  EF95  F008         	goto	i2l2934
  3411   00118A                     i2l342:
  3412   00118A  0012               	return		;funcret
  3413   00118C                     __end_of_I2C_DO_RX:
  3414                           	callstack 0
  3415                           
  3416 ;; *************** function _I2C_DO_TX *****************
  3417 ;; Defined at:
  3418 ;;		line 356 in file "mcc_generated_files/i2c_master.c"
  3419 ;; Parameters:    Size  Location     Type
  3420 ;;		None
  3421 ;; Auto vars:     Size  Location     Type
  3422 ;;		None
  3423 ;; Return value:  Size  Location     Type
  3424 ;;                  1    wreg      enum E3134
  3425 ;; Registers used:
  3426 ;;		wreg, fsr2l, fsr2h, status,2, status,0, pcl, pclath, pclatu, tosl, prodl, prodh, cstack
  3427 ;; Tracked objects:
  3428 ;;		On entry : 0/0
  3429 ;;		On exit  : 0/0
  3430 ;;		Unchanged: 0/0
  3431 ;; Data sizes:     COMRAM   BANK0   BANK1   BANK2   BANK3   BANK4   BANK5   BANK6   BANK7   BANK8   BANK9  BANK10  BANK1
      +1  BANK12  BANK13  BANK14  BANK15
  3432 ;;      Params:         0       0       0       0       0       0       0       0       0       0       0       0       
      +0       0       0       0       0
  3433 ;;      Locals:         0       0       0       0       0       0       0       0       0       0       0       0       
      +0       0       0       0       0
  3434 ;;      Temps:          2       0       0       0       0       0       0       0       0       0       0       0       
      +0       0       0       0       0
  3435 ;;      Totals:         2       0       0       0       0       0       0       0       0       0       0       0       
      +0       0       0       0       0
  3436 ;;Total ram usage:        2 bytes
  3437 ;; Hardware stack levels used: 1
  3438 ;; Hardware stack levels required when called: 3
  3439 ;; This function calls:
  3440 ;;		NULL
  3441 ;;		_I2C_CallbackReturnReset
  3442 ;;		_I2C_CallbackReturnStop
  3443 ;;		_I2C_DO_SEND_RESTART_READ
  3444 ;;		_I2C_DO_SEND_RESTART_WRITE
  3445 ;;		_I2C_DO_SEND_STOP
  3446 ;;		_I2C_MasterIsNack
  3447 ;;		_I2C_MasterSendTxData
  3448 ;;		_rd1RegCompleteHandler
  3449 ;;		_rd2RegCompleteHandler
  3450 ;;		_rdBlkRegCompleteHandler
  3451 ;;		_wr1RegCompleteHandler
  3452 ;;		_wr2RegCompleteHandler
  3453 ;; This function is called by:
  3454 ;;		_I2C_MasterFsm
  3455 ;; This function uses a non-reentrant model
  3456 ;;
  3457                           
  3458                           	psect	text43
  3459   00102A                     __ptext43:
  3460                           	callstack 0
  3461   00102A                     _I2C_DO_TX:
  3462                           	callstack 19
  3463   00102A                     
  3464                           ;mcc_generated_files/i2c_master.c: 358:     if(I2C_MasterIsNack())
  3465   00102A  EC2F  F00C         	call	_I2C_MasterIsNack	;wreg free
  3466   00102E  0900               	iorlw	0
  3467   001030  B4D8               	btfsc	status,2,c
  3468   001032  EF1D  F008         	goto	i2u101_41
  3469   001036  EF1F  F008         	goto	i2u101_40
  3470   00103A                     i2u101_41:
  3471   00103A  EF59  F008         	goto	i2l325
  3472   00103E                     i2u101_40:
  3473   00103E  EF2D  F008         	goto	i2l2900
  3474   001042                     i2l2886:
  3475                           
  3476                           ;mcc_generated_files/i2c_master.c: 363:                 return I2C_DO_SEND_RESTART_READ(
      +                          );
  3477   001042  EC8A  F00C         	call	_I2C_DO_SEND_RESTART_READ	;wreg free
  3478   001046  EF73  F008         	goto	i2l328
  3479   00104A                     i2l2890:
  3480                           
  3481                           ;mcc_generated_files/i2c_master.c: 365:                   return I2C_DO_SEND_RESTART_WRI
      +                          TE();
  3482   00104A  EC86  F00C         	call	_I2C_DO_SEND_RESTART_WRITE	;wreg free
  3483   00104E  EF73  F008         	goto	i2l328
  3484   001052                     i2l2894:
  3485                           
  3486                           ;mcc_generated_files/i2c_master.c: 369:                 return I2C_DO_SEND_STOP();
  3487   001052  EC7E  F00C         	call	_I2C_DO_SEND_STOP	;wreg free
  3488   001056  EF73  F008         	goto	i2l328
  3489   00105A                     i2l2900:
  3490   00105A  C013  F037         	movff	_I2C_Status+18,I2C_CallbackReturnReset@funPtr
  3491   00105E  C014  F038         	movff	_I2C_Status+19,I2C_CallbackReturnReset@funPtr+1
  3492   001062  D802               	call	i2u102_48
  3493   001064  EF3D  F008         	goto	i2u102_49
  3494   001068                     i2u102_48:
  3495   001068  0005               	push	
  3496   00106A  6EFA               	movwf	pclath,c
  3497   00106C  5007               	movf	(_I2C_Status+6)^0,w,c
  3498   00106E  6EFD               	movwf	tosl,c
  3499   001070  5008               	movf	(_I2C_Status+7)^0,w,c
  3500   001072  6EFE               	movwf	tosh,c
  3501   001074  6AFF               	clrf	tosu,c
  3502   001076  50FA               	movf	pclath,w,c
  3503   001078  0012               	return		;indir
  3504   00107A                     i2u102_49:
  3505   00107A  6E3A               	movwf	??_I2C_DO_TX^0,c
  3506   00107C  6A3B               	clrf	(??_I2C_DO_TX+1)^0,c
  3507                           
  3508                           ; Switch on 2 bytes has been partitioned into a top level switch of size 1, and 1 sub-sw
      +                          itches
  3509                           ; Switch size 1, requested type "simple"
  3510                           ; Number of cases is 1, Range of values is 0 to 0
  3511                           ; switch strategies available:
  3512                           ; Name         Instructions Cycles
  3513                           ; simple_byte            4     3 (average)
  3514                           ;	Chosen strategy is simple_byte
  3515   00107E  503B               	movf	(??_I2C_DO_TX+1)^0,w,c
  3516   001080  0A00               	xorlw	0	; case 0
  3517   001082  B4D8               	btfsc	status,2,c
  3518   001084  EF46  F008         	goto	i2l3318
  3519   001088  EF29  F008         	goto	i2l2894
  3520   00108C                     i2l3318:
  3521                           
  3522                           ; Switch size 1, requested type "simple"
  3523                           ; Number of cases is 4, Range of values is 1 to 4
  3524                           ; switch strategies available:
  3525                           ; Name         Instructions Cycles
  3526                           ; simple_byte           13     7 (average)
  3527                           ;	Chosen strategy is simple_byte
  3528   00108C  503A               	movf	??_I2C_DO_TX^0,w,c
  3529   00108E  0A01               	xorlw	1	; case 1
  3530   001090  B4D8               	btfsc	status,2,c
  3531   001092  EF29  F008         	goto	i2l2894
  3532   001096  0A03               	xorlw	3	; case 2
  3533   001098  B4D8               	btfsc	status,2,c
  3534   00109A  EF21  F008         	goto	i2l2886
  3535   00109E  0A01               	xorlw	1	; case 3
  3536   0010A0  B4D8               	btfsc	status,2,c
  3537   0010A2  EF25  F008         	goto	i2l2890
  3538   0010A6  0A07               	xorlw	7	; case 4
  3539   0010A8  B4D8               	btfsc	status,2,c
  3540   0010AA  EF29  F008         	goto	i2l2894
  3541   0010AE  EF29  F008         	goto	i2l2894
  3542   0010B2                     i2l325:
  3543                           
  3544                           ;mcc_generated_files/i2c_master.c: 373:     {;mcc_generated_files/i2c_master.c: 374:    
      +                               I2C_Status.addressNackCheck = 0;
  3545   0010B2  9024               	bcf	(_I2C_Status+35)^0,0,c
  3546   0010B4                     
  3547                           ;mcc_generated_files/i2c_master.c: 375:         I2C_MasterSendTxData(*I2C_Status.data_pt
      +                          r++);
  3548   0010B4  C01E  FFD9         	movff	_I2C_Status+29,fsr2l
  3549   0010B8  C01F  FFDA         	movff	_I2C_Status+30,fsr2h
  3550   0010BC  4A1E               	infsnz	(_I2C_Status+29)^0,f,c
  3551   0010BE  2A1F               	incf	(_I2C_Status+30)^0,f,c
  3552   0010C0  50DF               	movf	indf2,w,c
  3553   0010C2  EC8E  F00C         	call	_I2C_MasterSendTxData
  3554   0010C6                     
  3555                           ;mcc_generated_files/i2c_master.c: 376:         return (--I2C_Status.data_length)?I2C_TX
      +                          :I2C_TX_EMPTY;
  3556   0010C6  0620               	decf	(_I2C_Status+31)^0,f,c
  3557   0010C8  A0D8               	btfss	status,0,c
  3558   0010CA  0621               	decf	(_I2C_Status+32)^0,f,c
  3559   0010CC  5020               	movf	(_I2C_Status+31)^0,w,c
  3560   0010CE  1021               	iorwf	(_I2C_Status+32)^0,w,c
  3561   0010D0  A4D8               	btfss	status,2,c
  3562   0010D2  EF6D  F008         	goto	i2u103_41
  3563   0010D6  EF6F  F008         	goto	i2u103_40
  3564   0010DA                     i2u103_41:
  3565   0010DA  EF72  F008         	goto	i2l2908
  3566   0010DE                     i2u103_40:
  3567   0010DE  0E06               	movlw	6
  3568   0010E0  EF73  F008         	goto	i2l328
  3569   0010E4                     i2l2908:
  3570   0010E4  0E03               	movlw	3
  3571   0010E6                     i2l328:
  3572   0010E6  0012               	return		;funcret
  3573   0010E8                     __end_of_I2C_DO_TX:
  3574                           	callstack 0
  3575                           
  3576 ;; *************** function _I2C_DO_SEND_ADR_WRITE *****************
  3577 ;; Defined at:
  3578 ;;		line 349 in file "mcc_generated_files/i2c_master.c"
  3579 ;; Parameters:    Size  Location     Type
  3580 ;;		None
  3581 ;; Auto vars:     Size  Location     Type
  3582 ;;		None
  3583 ;; Return value:  Size  Location     Type
  3584 ;;                  1    wreg      enum E3134
  3585 ;; Registers used:
  3586 ;;		wreg, status,2, cstack
  3587 ;; Tracked objects:
  3588 ;;		On entry : 0/0
  3589 ;;		On exit  : 0/0
  3590 ;;		Unchanged: 0/0
  3591 ;; Data sizes:     COMRAM   BANK0   BANK1   BANK2   BANK3   BANK4   BANK5   BANK6   BANK7   BANK8   BANK9  BANK10  BANK1
      +1  BANK12  BANK13  BANK14  BANK15
  3592 ;;      Params:         0       0       0       0       0       0       0       0       0       0       0       0       
      +0       0       0       0       0
  3593 ;;      Locals:         0       0       0       0       0       0       0       0       0       0       0       0       
      +0       0       0       0       0
  3594 ;;      Temps:          0       0       0       0       0       0       0       0       0       0       0       0       
      +0       0       0       0       0
  3595 ;;      Totals:         0       0       0       0       0       0       0       0       0       0       0       0       
      +0       0       0       0       0
  3596 ;;Total ram usage:        0 bytes
  3597 ;; Hardware stack levels used: 1
  3598 ;; Hardware stack levels required when called: 1
  3599 ;; This function calls:
  3600 ;;		_I2C_MasterSendTxData
  3601 ;; This function is called by:
  3602 ;;		_I2C_MasterFsm
  3603 ;; This function uses a non-reentrant model
  3604 ;;
  3605                           
  3606                           	psect	text44
  3607   001880                     __ptext44:
  3608                           	callstack 0
  3609   001880                     _I2C_DO_SEND_ADR_WRITE:
  3610                           	callstack 21
  3611   001880                     
  3612                           ;mcc_generated_files/i2c_master.c: 351:     I2C_Status.addressNackCheck = 1;
  3613   001880  8024               	bsf	(_I2C_Status+35)^0,0,c
  3614   001882                     
  3615                           ;mcc_generated_files/i2c_master.c: 352:     I2C_MasterSendTxData((uint8_t) (I2C_Status.a
      +                          ddress));
  3616   001882  501D               	movf	(_I2C_Status+28)^0,w,c
  3617   001884  EC8E  F00C         	call	_I2C_MasterSendTxData
  3618   001888                     
  3619                           ;mcc_generated_files/i2c_master.c: 353:     return I2C_TX;
  3620   001888  0E03               	movlw	3
  3621   00188A  0012               	return		;funcret
  3622   00188C                     __end_of_I2C_DO_SEND_ADR_WRITE:
  3623                           	callstack 0
  3624                           
  3625 ;; *************** function _I2C_DO_SEND_ADR_READ *****************
  3626 ;; Defined at:
  3627 ;;		line 342 in file "mcc_generated_files/i2c_master.c"
  3628 ;; Parameters:    Size  Location     Type
  3629 ;;		None
  3630 ;; Auto vars:     Size  Location     Type
  3631 ;;		None
  3632 ;; Return value:  Size  Location     Type
  3633 ;;                  1    wreg      enum E3134
  3634 ;; Registers used:
  3635 ;;		wreg, status,2, status,0, cstack
  3636 ;; Tracked objects:
  3637 ;;		On entry : 0/0
  3638 ;;		On exit  : 0/0
  3639 ;;		Unchanged: 0/0
  3640 ;; Data sizes:     COMRAM   BANK0   BANK1   BANK2   BANK3   BANK4   BANK5   BANK6   BANK7   BANK8   BANK9  BANK10  BANK1
      +1  BANK12  BANK13  BANK14  BANK15
  3641 ;;      Params:         0       0       0       0       0       0       0       0       0       0       0       0       
      +0       0       0       0       0
  3642 ;;      Locals:         0       0       0       0       0       0       0       0       0       0       0       0       
      +0       0       0       0       0
  3643 ;;      Temps:          0       0       0       0       0       0       0       0       0       0       0       0       
      +0       0       0       0       0
  3644 ;;      Totals:         0       0       0       0       0       0       0       0       0       0       0       0       
      +0       0       0       0       0
  3645 ;;Total ram usage:        0 bytes
  3646 ;; Hardware stack levels used: 1
  3647 ;; Hardware stack levels required when called: 1
  3648 ;; This function calls:
  3649 ;;		_I2C_MasterSendTxData
  3650 ;; This function is called by:
  3651 ;;		_I2C_MasterFsm
  3652 ;; This function uses a non-reentrant model
  3653 ;;
  3654                           
  3655                           	psect	text45
  3656   001872                     __ptext45:
  3657                           	callstack 0
  3658   001872                     _I2C_DO_SEND_ADR_READ:
  3659                           	callstack 21
  3660   001872                     
  3661                           ;mcc_generated_files/i2c_master.c: 344:     I2C_Status.addressNackCheck = 1;
  3662   001872  8024               	bsf	(_I2C_Status+35)^0,0,c
  3663   001874                     
  3664                           ;mcc_generated_files/i2c_master.c: 345:     I2C_MasterSendTxData((uint8_t) (I2C_Status.a
      +                          ddress | 1));
  3665   001874  501D               	movf	(_I2C_Status+28)^0,w,c
  3666   001876  0901               	iorlw	1
  3667   001878  EC8E  F00C         	call	_I2C_MasterSendTxData
  3668   00187C                     
  3669                           ;mcc_generated_files/i2c_master.c: 346:     return I2C_RCEN;
  3670   00187C  0E05               	movlw	5
  3671   00187E  0012               	return		;funcret
  3672   001880                     __end_of_I2C_DO_SEND_ADR_READ:
  3673                           	callstack 0
  3674                           
  3675 ;; *************** function _I2C_DO_IDLE *****************
  3676 ;; Defined at:
  3677 ;;		line 335 in file "mcc_generated_files/i2c_master.c"
  3678 ;; Parameters:    Size  Location     Type
  3679 ;;		None
  3680 ;; Auto vars:     Size  Location     Type
  3681 ;;		None
  3682 ;; Return value:  Size  Location     Type
  3683 ;;                  1    wreg      enum E3134
  3684 ;; Registers used:
  3685 ;;		wreg, status,2
  3686 ;; Tracked objects:
  3687 ;;		On entry : 0/0
  3688 ;;		On exit  : 0/0
  3689 ;;		Unchanged: 0/0
  3690 ;; Data sizes:     COMRAM   BANK0   BANK1   BANK2   BANK3   BANK4   BANK5   BANK6   BANK7   BANK8   BANK9  BANK10  BANK1
      +1  BANK12  BANK13  BANK14  BANK15
  3691 ;;      Params:         0       0       0       0       0       0       0       0       0       0       0       0       
      +0       0       0       0       0
  3692 ;;      Locals:         0       0       0       0       0       0       0       0       0       0       0       0       
      +0       0       0       0       0
  3693 ;;      Temps:          0       0       0       0       0       0       0       0       0       0       0       0       
      +0       0       0       0       0
  3694 ;;      Totals:         0       0       0       0       0       0       0       0       0       0       0       0       
      +0       0       0       0       0
  3695 ;;Total ram usage:        0 bytes
  3696 ;; Hardware stack levels used: 1
  3697 ;; This function calls:
  3698 ;;		Nothing
  3699 ;; This function is called by:
  3700 ;;		_I2C_MasterFsm
  3701 ;; This function uses a non-reentrant model
  3702 ;;
  3703                           
  3704                           	psect	text46
  3705   0018D2                     __ptext46:
  3706                           	callstack 0
  3707   0018D2                     _I2C_DO_IDLE:
  3708                           	callstack 22
  3709   0018D2                     
  3710                           ;mcc_generated_files/i2c_master.c: 337:     I2C_Status.busy = 0;
  3711   0018D2  9224               	bcf	(_I2C_Status+35)^0,1,c
  3712   0018D4                     
  3713                           ;mcc_generated_files/i2c_master.c: 338:     I2C_Status.error = I2C_NOERR;
  3714   0018D4  0E00               	movlw	0
  3715   0018D6  6E23               	movwf	(_I2C_Status+34)^0,c
  3716   0018D8                     
  3717                           ;mcc_generated_files/i2c_master.c: 339:     return I2C_RESET;
  3718   0018D8  0E0E               	movlw	14
  3719   0018DA  0012               	return		;funcret
  3720   0018DC                     __end_of_I2C_DO_IDLE:
  3721                           	callstack 0
  3722                           
  3723 ;; *************** function _I2C_DO_TX_EMPTY *****************
  3724 ;; Defined at:
  3725 ;;		line 411 in file "mcc_generated_files/i2c_master.c"
  3726 ;; Parameters:    Size  Location     Type
  3727 ;;		None
  3728 ;; Auto vars:     Size  Location     Type
  3729 ;;		None
  3730 ;; Return value:  Size  Location     Type
  3731 ;;                  1    wreg      enum E3134
  3732 ;; Registers used:
  3733 ;;		wreg, fsr2l, fsr2h, status,2, status,0, pcl, pclath, pclatu, tosl, prodl, prodh, cstack
  3734 ;; Tracked objects:
  3735 ;;		On entry : 0/0
  3736 ;;		On exit  : 0/0
  3737 ;;		Unchanged: 0/0
  3738 ;; Data sizes:     COMRAM   BANK0   BANK1   BANK2   BANK3   BANK4   BANK5   BANK6   BANK7   BANK8   BANK9  BANK10  BANK1
      +1  BANK12  BANK13  BANK14  BANK15
  3739 ;;      Params:         0       0       0       0       0       0       0       0       0       0       0       0       
      +0       0       0       0       0
  3740 ;;      Locals:         0       0       0       0       0       0       0       0       0       0       0       0       
      +0       0       0       0       0
  3741 ;;      Temps:          2       0       0       0       0       0       0       0       0       0       0       0       
      +0       0       0       0       0
  3742 ;;      Totals:         2       0       0       0       0       0       0       0       0       0       0       0       
      +0       0       0       0       0
  3743 ;;Total ram usage:        2 bytes
  3744 ;; Hardware stack levels used: 1
  3745 ;; Hardware stack levels required when called: 3
  3746 ;; This function calls:
  3747 ;;		NULL
  3748 ;;		_I2C_CallbackReturnReset
  3749 ;;		_I2C_CallbackReturnStop
  3750 ;;		_I2C_DO_SEND_RESTART
  3751 ;;		_I2C_DO_SEND_STOP
  3752 ;;		_I2C_MasterSetIrq
  3753 ;;		_rd1RegCompleteHandler
  3754 ;;		_rd2RegCompleteHandler
  3755 ;;		_rdBlkRegCompleteHandler
  3756 ;;		_wr1RegCompleteHandler
  3757 ;;		_wr2RegCompleteHandler
  3758 ;; This function is called by:
  3759 ;;		_I2C_MasterFsm
  3760 ;; This function uses a non-reentrant model
  3761 ;;
  3762                           
  3763                           	psect	text47
  3764   0012AC                     __ptext47:
  3765                           	callstack 0
  3766   0012AC                     _I2C_DO_TX_EMPTY:
  3767                           	callstack 19
  3768   0012AC                     
  3769                           ;mcc_generated_files/i2c_master.c: 413:     I2C_Status.bufferFree = 1;
  3770   0012AC  8624               	bsf	(_I2C_Status+35)^0,3,c
  3771                           
  3772                           ;mcc_generated_files/i2c_master.c: 414:     switch(I2C_Status.callbackTable[I2C_DATA_COM
      +                          PLETE](I2C_Status.callbackPayload[I2C_DATA_COMPLETE]))
  3773   0012AE  EF66  F009         	goto	i2l2964
  3774   0012B2                     i2l2948:
  3775                           
  3776                           ;mcc_generated_files/i2c_master.c: 418:             return I2C_DO_SEND_RESTART();
  3777   0012B2  EC82  F00C         	call	_I2C_DO_SEND_RESTART	;wreg free
  3778   0012B6  EF92  F009         	goto	i2l359
  3779   0012BA                     i2l2952:
  3780                           
  3781                           ;mcc_generated_files/i2c_master.c: 420:             I2C_MasterSetIrq();
  3782   0012BA  ECA9  F00C         	call	_I2C_MasterSetIrq	;wreg free
  3783   0012BE                     
  3784                           ;mcc_generated_files/i2c_master.c: 421:             return I2C_TX;
  3785   0012BE  0E03               	movlw	3
  3786   0012C0  EF92  F009         	goto	i2l359
  3787   0012C4                     i2l2958:
  3788                           
  3789                           ;mcc_generated_files/i2c_master.c: 424:             return I2C_DO_SEND_STOP();
  3790   0012C4  EC7E  F00C         	call	_I2C_DO_SEND_STOP	;wreg free
  3791   0012C8  EF92  F009         	goto	i2l359
  3792   0012CC                     i2l2964:
  3793   0012CC  C00D  F037         	movff	_I2C_Status+12,I2C_CallbackReturnReset@funPtr
  3794   0012D0  C00E  F038         	movff	_I2C_Status+13,I2C_CallbackReturnReset@funPtr+1
  3795   0012D4  D802               	call	i2u106_48
  3796   0012D6  EF76  F009         	goto	i2u106_49
  3797   0012DA                     i2u106_48:
  3798   0012DA  0005               	push	
  3799   0012DC  6EFA               	movwf	pclath,c
  3800   0012DE  5001               	movf	_I2C_Status^0,w,c
  3801   0012E0  6EFD               	movwf	tosl,c
  3802   0012E2  5002               	movf	(_I2C_Status+1)^0,w,c
  3803   0012E4  6EFE               	movwf	tosh,c
  3804   0012E6  6AFF               	clrf	tosu,c
  3805   0012E8  50FA               	movf	pclath,w,c
  3806   0012EA  0012               	return		;indir
  3807   0012EC                     i2u106_49:
  3808   0012EC  6E3A               	movwf	??_I2C_DO_TX_EMPTY^0,c
  3809   0012EE  6A3B               	clrf	(??_I2C_DO_TX_EMPTY+1)^0,c
  3810                           
  3811                           ; Switch on 2 bytes has been partitioned into a top level switch of size 1, and 1 sub-sw
      +                          itches
  3812                           ; Switch size 1, requested type "simple"
  3813                           ; Number of cases is 1, Range of values is 0 to 0
  3814                           ; switch strategies available:
  3815                           ; Name         Instructions Cycles
  3816                           ; simple_byte            4     3 (average)
  3817                           ;	Chosen strategy is simple_byte
  3818   0012F0  503B               	movf	(??_I2C_DO_TX_EMPTY+1)^0,w,c
  3819   0012F2  0A00               	xorlw	0	; case 0
  3820   0012F4  B4D8               	btfsc	status,2,c
  3821   0012F6  EF7F  F009         	goto	i2l3320
  3822   0012FA  EF62  F009         	goto	i2l2958
  3823   0012FE                     i2l3320:
  3824                           
  3825                           ; Switch size 1, requested type "simple"
  3826                           ; Number of cases is 4, Range of values is 1 to 4
  3827                           ; switch strategies available:
  3828                           ; Name         Instructions Cycles
  3829                           ; simple_byte           13     7 (average)
  3830                           ;	Chosen strategy is simple_byte
  3831   0012FE  503A               	movf	??_I2C_DO_TX_EMPTY^0,w,c
  3832   001300  0A01               	xorlw	1	; case 1
  3833   001302  B4D8               	btfsc	status,2,c
  3834   001304  EF62  F009         	goto	i2l2958
  3835   001308  0A03               	xorlw	3	; case 2
  3836   00130A  B4D8               	btfsc	status,2,c
  3837   00130C  EF59  F009         	goto	i2l2948
  3838   001310  0A01               	xorlw	1	; case 3
  3839   001312  B4D8               	btfsc	status,2,c
  3840   001314  EF59  F009         	goto	i2l2948
  3841   001318  0A07               	xorlw	7	; case 4
  3842   00131A  B4D8               	btfsc	status,2,c
  3843   00131C  EF5D  F009         	goto	i2l2952
  3844   001320  EF62  F009         	goto	i2l2958
  3845   001324                     i2l359:
  3846   001324  0012               	return		;funcret
  3847   001326                     __end_of_I2C_DO_TX_EMPTY:
  3848                           	callstack 0
  3849                           
  3850 ;; *************** function _I2C_MasterSetIrq *****************
  3851 ;; Defined at:
  3852 ;;		line 647 in file "mcc_generated_files/i2c_master.c"
  3853 ;; Parameters:    Size  Location     Type
  3854 ;;		None
  3855 ;; Auto vars:     Size  Location     Type
  3856 ;;		None
  3857 ;; Return value:  Size  Location     Type
  3858 ;;                  1    wreg      void 
  3859 ;; Registers used:
  3860 ;;		None
  3861 ;; Tracked objects:
  3862 ;;		On entry : 0/0
  3863 ;;		On exit  : 0/0
  3864 ;;		Unchanged: 0/0
  3865 ;; Data sizes:     COMRAM   BANK0   BANK1   BANK2   BANK3   BANK4   BANK5   BANK6   BANK7   BANK8   BANK9  BANK10  BANK1
      +1  BANK12  BANK13  BANK14  BANK15
  3866 ;;      Params:         0       0       0       0       0       0       0       0       0       0       0       0       
      +0       0       0       0       0
  3867 ;;      Locals:         0       0       0       0       0       0       0       0       0       0       0       0       
      +0       0       0       0       0
  3868 ;;      Temps:          0       0       0       0       0       0       0       0       0       0       0       0       
      +0       0       0       0       0
  3869 ;;      Totals:         0       0       0       0       0       0       0       0       0       0       0       0       
      +0       0       0       0       0
  3870 ;;Total ram usage:        0 bytes
  3871 ;; Hardware stack levels used: 1
  3872 ;; This function calls:
  3873 ;;		Nothing
  3874 ;; This function is called by:
  3875 ;;		_I2C_DO_TX_EMPTY
  3876 ;; This function uses a non-reentrant model
  3877 ;;
  3878                           
  3879                           	psect	text48
  3880   001952                     __ptext48:
  3881                           	callstack 0
  3882   001952                     _I2C_MasterSetIrq:
  3883                           	callstack 21
  3884   001952                     
  3885                           ;mcc_generated_files/i2c_master.c: 649:     PIR1bits.SSPIF = 1;
  3886   001952  869E               	bsf	158,3,c	;volatile
  3887   001954  0012               	return		;funcret
  3888   001956                     __end_of_I2C_MasterSetIrq:
  3889                           	callstack 0
  3890                           
  3891 ;; *************** function _I2C_MasterIsNack *****************
  3892 ;; Defined at:
  3893 ;;		line 599 in file "mcc_generated_files/i2c_master.c"
  3894 ;; Parameters:    Size  Location     Type
  3895 ;;		None
  3896 ;; Auto vars:     Size  Location     Type
  3897 ;;		None
  3898 ;; Return value:  Size  Location     Type
  3899 ;;                  1    wreg      _Bool 
  3900 ;; Registers used:
  3901 ;;		wreg
  3902 ;; Tracked objects:
  3903 ;;		On entry : 0/0
  3904 ;;		On exit  : 0/0
  3905 ;;		Unchanged: 0/0
  3906 ;; Data sizes:     COMRAM   BANK0   BANK1   BANK2   BANK3   BANK4   BANK5   BANK6   BANK7   BANK8   BANK9  BANK10  BANK1
      +1  BANK12  BANK13  BANK14  BANK15
  3907 ;;      Params:         0       0       0       0       0       0       0       0       0       0       0       0       
      +0       0       0       0       0
  3908 ;;      Locals:         0       0       0       0       0       0       0       0       0       0       0       0       
      +0       0       0       0       0
  3909 ;;      Temps:          0       0       0       0       0       0       0       0       0       0       0       0       
      +0       0       0       0       0
  3910 ;;      Totals:         0       0       0       0       0       0       0       0       0       0       0       0       
      +0       0       0       0       0
  3911 ;;Total ram usage:        0 bytes
  3912 ;; Hardware stack levels used: 1
  3913 ;; This function calls:
  3914 ;;		Nothing
  3915 ;; This function is called by:
  3916 ;;		_I2C_MasterFsm
  3917 ;;		_I2C_DO_TX
  3918 ;; This function uses a non-reentrant model
  3919 ;;
  3920                           
  3921                           	psect	text49
  3922   00185E                     __ptext49:
  3923                           	callstack 0
  3924   00185E                     _I2C_MasterIsNack:
  3925                           	callstack 22
  3926   00185E                     
  3927                           ;mcc_generated_files/i2c_master.c: 601:     return SSPCON2bits.ACKSTAT;
  3928   00185E  BCC5               	btfsc	197,6,c	;volatile
  3929   001860  EF34  F00C         	goto	i2u97_41
  3930   001864  EF37  F00C         	goto	i2u97_40
  3931   001868                     i2u97_41:
  3932   001868  0E01               	movlw	1
  3933   00186A  EF38  F00C         	goto	i2u97_46
  3934   00186E                     i2u97_40:
  3935   00186E  0E00               	movlw	0
  3936   001870                     i2u97_46:
  3937   001870  0012               	return		;funcret
  3938   001872                     __end_of_I2C_MasterIsNack:
  3939                           	callstack 0
  3940                           
  3941 ;; *************** function _I2C_MasterSendTxData *****************
  3942 ;; Defined at:
  3943 ;;		line 569 in file "mcc_generated_files/i2c_master.c"
  3944 ;; Parameters:    Size  Location     Type
  3945 ;;  data            1    wreg     unsigned char 
  3946 ;; Auto vars:     Size  Location     Type
  3947 ;;  data            1    0[COMRAM] unsigned char 
  3948 ;; Return value:  Size  Location     Type
  3949 ;;                  1    wreg      void 
  3950 ;; Registers used:
  3951 ;;		wreg
  3952 ;; Tracked objects:
  3953 ;;		On entry : 0/0
  3954 ;;		On exit  : 0/0
  3955 ;;		Unchanged: 0/0
  3956 ;; Data sizes:     COMRAM   BANK0   BANK1   BANK2   BANK3   BANK4   BANK5   BANK6   BANK7   BANK8   BANK9  BANK10  BANK1
      +1  BANK12  BANK13  BANK14  BANK15
  3957 ;;      Params:         0       0       0       0       0       0       0       0       0       0       0       0       
      +0       0       0       0       0
  3958 ;;      Locals:         1       0       0       0       0       0       0       0       0       0       0       0       
      +0       0       0       0       0
  3959 ;;      Temps:          0       0       0       0       0       0       0       0       0       0       0       0       
      +0       0       0       0       0
  3960 ;;      Totals:         1       0       0       0       0       0       0       0       0       0       0       0       
      +0       0       0       0       0
  3961 ;;Total ram usage:        1 bytes
  3962 ;; Hardware stack levels used: 1
  3963 ;; This function calls:
  3964 ;;		Nothing
  3965 ;; This function is called by:
  3966 ;;		_I2C_DO_SEND_ADR_READ
  3967 ;;		_I2C_DO_SEND_ADR_WRITE
  3968 ;;		_I2C_DO_TX
  3969 ;; This function uses a non-reentrant model
  3970 ;;
  3971                           
  3972                           	psect	text50
  3973   00191C                     __ptext50:
  3974                           	callstack 0
  3975   00191C                     _I2C_MasterSendTxData:
  3976                           	callstack 21
  3977                           
  3978                           ;incstack = 0
  3979                           ;I2C_MasterSendTxData@data stored from wreg
  3980   00191C  6E2E               	movwf	I2C_MasterSendTxData@data^0,c
  3981   00191E                     
  3982                           ;mcc_generated_files/i2c_master.c: 569: static __attribute__((inline)) void I2C_MasterSe
      +                          ndTxData(uint8_t data);mcc_generated_files/i2c_master.c: 570: {;mcc_generated_files/i2c_
      +                          master.c: 571:     SSPBUF = data;
  3983   00191E  C02E  FFC9         	movff	I2C_MasterSendTxData@data,4041	;volatile
  3984   001922  0012               	return		;funcret
  3985   001924                     __end_of_I2C_MasterSendTxData:
  3986                           	callstack 0
  3987                           
  3988 ;; *************** function _I2C_MasterSendAck *****************
  3989 ;; Defined at:
  3990 ;;		line 604 in file "mcc_generated_files/i2c_master.c"
  3991 ;; Parameters:    Size  Location     Type
  3992 ;;		None
  3993 ;; Auto vars:     Size  Location     Type
  3994 ;;		None
  3995 ;; Return value:  Size  Location     Type
  3996 ;;                  1    wreg      void 
  3997 ;; Registers used:
  3998 ;;		None
  3999 ;; Tracked objects:
  4000 ;;		On entry : 0/0
  4001 ;;		On exit  : 0/0
  4002 ;;		Unchanged: 0/0
  4003 ;; Data sizes:     COMRAM   BANK0   BANK1   BANK2   BANK3   BANK4   BANK5   BANK6   BANK7   BANK8   BANK9  BANK10  BANK1
      +1  BANK12  BANK13  BANK14  BANK15
  4004 ;;      Params:         0       0       0       0       0       0       0       0       0       0       0       0       
      +0       0       0       0       0
  4005 ;;      Locals:         0       0       0       0       0       0       0       0       0       0       0       0       
      +0       0       0       0       0
  4006 ;;      Temps:          0       0       0       0       0       0       0       0       0       0       0       0       
      +0       0       0       0       0
  4007 ;;      Totals:         0       0       0       0       0       0       0       0       0       0       0       0       
      +0       0       0       0       0
  4008 ;;Total ram usage:        0 bytes
  4009 ;; Hardware stack levels used: 1
  4010 ;; This function calls:
  4011 ;;		Nothing
  4012 ;; This function is called by:
  4013 ;;		_I2C_DO_RX
  4014 ;;		_I2C_DO_RX_ACK
  4015 ;; This function uses a non-reentrant model
  4016 ;;
  4017                           
  4018                           	psect	text51
  4019   00192A                     __ptext51:
  4020                           	callstack 0
  4021   00192A                     _I2C_MasterSendAck:
  4022                           	callstack 21
  4023   00192A                     
  4024                           ;mcc_generated_files/i2c_master.c: 606:     SSPCON2bits.ACKDT = 0;
  4025   00192A  9AC5               	bcf	197,5,c	;volatile
  4026                           
  4027                           ;mcc_generated_files/i2c_master.c: 607:     SSPCON2bits.ACKEN = 1;
  4028   00192C  88C5               	bsf	197,4,c	;volatile
  4029   00192E  0012               	return		;funcret
  4030   001930                     __end_of_I2C_MasterSendAck:
  4031                           	callstack 0
  4032                           
  4033 ;; *************** function _I2C_MasterGetRxData *****************
  4034 ;; Defined at:
  4035 ;;		line 564 in file "mcc_generated_files/i2c_master.c"
  4036 ;; Parameters:    Size  Location     Type
  4037 ;;		None
  4038 ;; Auto vars:     Size  Location     Type
  4039 ;;		None
  4040 ;; Return value:  Size  Location     Type
  4041 ;;                  1    wreg      unsigned char 
  4042 ;; Registers used:
  4043 ;;		wreg, status,2
  4044 ;; Tracked objects:
  4045 ;;		On entry : 0/0
  4046 ;;		On exit  : 0/0
  4047 ;;		Unchanged: 0/0
  4048 ;; Data sizes:     COMRAM   BANK0   BANK1   BANK2   BANK3   BANK4   BANK5   BANK6   BANK7   BANK8   BANK9  BANK10  BANK1
      +1  BANK12  BANK13  BANK14  BANK15
  4049 ;;      Params:         0       0       0       0       0       0       0       0       0       0       0       0       
      +0       0       0       0       0
  4050 ;;      Locals:         0       0       0       0       0       0       0       0       0       0       0       0       
      +0       0       0       0       0
  4051 ;;      Temps:          0       0       0       0       0       0       0       0       0       0       0       0       
      +0       0       0       0       0
  4052 ;;      Totals:         0       0       0       0       0       0       0       0       0       0       0       0       
      +0       0       0       0       0
  4053 ;;Total ram usage:        0 bytes
  4054 ;; Hardware stack levels used: 1
  4055 ;; This function calls:
  4056 ;;		Nothing
  4057 ;; This function is called by:
  4058 ;;		_I2C_DO_RX
  4059 ;; This function uses a non-reentrant model
  4060 ;;
  4061                           
  4062                           	psect	text52
  4063   001956                     __ptext52:
  4064                           	callstack 0
  4065   001956                     _I2C_MasterGetRxData:
  4066                           	callstack 21
  4067   001956                     
  4068                           ;mcc_generated_files/i2c_master.c: 566:     return SSPBUF;
  4069   001956  50C9               	movf	201,w,c	;volatile
  4070   001958  0012               	return		;funcret
  4071   00195A                     __end_of_I2C_MasterGetRxData:
  4072                           	callstack 0
  4073                           
  4074 ;; *************** function _I2C_MasterSendNack *****************
  4075 ;; Defined at:
  4076 ;;		line 610 in file "mcc_generated_files/i2c_master.c"
  4077 ;; Parameters:    Size  Location     Type
  4078 ;;		None
  4079 ;; Auto vars:     Size  Location     Type
  4080 ;;		None
  4081 ;; Return value:  Size  Location     Type
  4082 ;;                  1    wreg      void 
  4083 ;; Registers used:
  4084 ;;		None
  4085 ;; Tracked objects:
  4086 ;;		On entry : 0/0
  4087 ;;		On exit  : 0/0
  4088 ;;		Unchanged: 0/0
  4089 ;; Data sizes:     COMRAM   BANK0   BANK1   BANK2   BANK3   BANK4   BANK5   BANK6   BANK7   BANK8   BANK9  BANK10  BANK1
      +1  BANK12  BANK13  BANK14  BANK15
  4090 ;;      Params:         0       0       0       0       0       0       0       0       0       0       0       0       
      +0       0       0       0       0
  4091 ;;      Locals:         0       0       0       0       0       0       0       0       0       0       0       0       
      +0       0       0       0       0
  4092 ;;      Temps:          0       0       0       0       0       0       0       0       0       0       0       0       
      +0       0       0       0       0
  4093 ;;      Totals:         0       0       0       0       0       0       0       0       0       0       0       0       
      +0       0       0       0       0
  4094 ;;Total ram usage:        0 bytes
  4095 ;; Hardware stack levels used: 1
  4096 ;; This function calls:
  4097 ;;		Nothing
  4098 ;; This function is called by:
  4099 ;;		_I2C_DO_RX_NACK_STOP
  4100 ;;		_I2C_DO_RX_NACK_RESTART
  4101 ;; This function uses a non-reentrant model
  4102 ;;
  4103                           
  4104                           	psect	text53
  4105   001930                     __ptext53:
  4106                           	callstack 0
  4107   001930                     _I2C_MasterSendNack:
  4108                           	callstack 21
  4109   001930                     
  4110                           ;mcc_generated_files/i2c_master.c: 612:     SSPCON2bits.ACKDT = 1;
  4111   001930  8AC5               	bsf	197,5,c	;volatile
  4112                           
  4113                           ;mcc_generated_files/i2c_master.c: 613:     SSPCON2bits.ACKEN = 1;
  4114   001932  88C5               	bsf	197,4,c	;volatile
  4115   001934  0012               	return		;funcret
  4116   001936                     __end_of_I2C_MasterSendNack:
  4117                           	callstack 0
  4118                           
  4119 ;; *************** function _I2C_MasterStartRx *****************
  4120 ;; Defined at:
  4121 ;;		line 584 in file "mcc_generated_files/i2c_master.c"
  4122 ;; Parameters:    Size  Location     Type
  4123 ;;		None
  4124 ;; Auto vars:     Size  Location     Type
  4125 ;;		None
  4126 ;; Return value:  Size  Location     Type
  4127 ;;                  1    wreg      void 
  4128 ;; Registers used:
  4129 ;;		None
  4130 ;; Tracked objects:
  4131 ;;		On entry : 0/0
  4132 ;;		On exit  : 0/0
  4133 ;;		Unchanged: 0/0
  4134 ;; Data sizes:     COMRAM   BANK0   BANK1   BANK2   BANK3   BANK4   BANK5   BANK6   BANK7   BANK8   BANK9  BANK10  BANK1
      +1  BANK12  BANK13  BANK14  BANK15
  4135 ;;      Params:         0       0       0       0       0       0       0       0       0       0       0       0       
      +0       0       0       0       0
  4136 ;;      Locals:         0       0       0       0       0       0       0       0       0       0       0       0       
      +0       0       0       0       0
  4137 ;;      Temps:          0       0       0       0       0       0       0       0       0       0       0       0       
      +0       0       0       0       0
  4138 ;;      Totals:         0       0       0       0       0       0       0       0       0       0       0       0       
      +0       0       0       0       0
  4139 ;;Total ram usage:        0 bytes
  4140 ;; Hardware stack levels used: 1
  4141 ;; This function calls:
  4142 ;;		Nothing
  4143 ;; This function is called by:
  4144 ;;		_I2C_DO_RCEN
  4145 ;; This function uses a non-reentrant model
  4146 ;;
  4147                           
  4148                           	psect	text54
  4149   00195A                     __ptext54:
  4150                           	callstack 0
  4151   00195A                     _I2C_MasterStartRx:
  4152                           	callstack 21
  4153   00195A                     
  4154                           ;mcc_generated_files/i2c_master.c: 586:     SSPCON2bits.RCEN = 1;
  4155   00195A  86C5               	bsf	197,3,c	;volatile
  4156   00195C  0012               	return		;funcret
  4157   00195E                     __end_of_I2C_MasterStartRx:
  4158                           	callstack 0
  4159                           
  4160 ;; *************** function _I2C_CallbackReturnReset *****************
  4161 ;; Defined at:
  4162 ;;		line 526 in file "mcc_generated_files/i2c_master.c"
  4163 ;; Parameters:    Size  Location     Type
  4164 ;;  funPtr          2    9[COMRAM] PTR void 
  4165 ;;		 -> I2C_ReadDataBlock@bufferBlock(4), I2C_Write2ByteRegister@data(2), I2C_Write1ByteRegister@data(1), I2C_Read2ByteR
      +egister@returnValue(2), 
  4166 ;;		 -> NULL(0), I2C_Read1ByteRegister@returnValue(1), 
  4167 ;; Auto vars:     Size  Location     Type
  4168 ;;		None
  4169 ;; Return value:  Size  Location     Type
  4170 ;;                  1    wreg      enum E363
  4171 ;; Registers used:
  4172 ;;		wreg
  4173 ;; Tracked objects:
  4174 ;;		On entry : 0/0
  4175 ;;		On exit  : 0/0
  4176 ;;		Unchanged: 0/0
  4177 ;; Data sizes:     COMRAM   BANK0   BANK1   BANK2   BANK3   BANK4   BANK5   BANK6   BANK7   BANK8   BANK9  BANK10  BANK1
      +1  BANK12  BANK13  BANK14  BANK15
  4178 ;;      Params:         2       0       0       0       0       0       0       0       0       0       0       0       
      +0       0       0       0       0
  4179 ;;      Locals:         0       0       0       0       0       0       0       0       0       0       0       0       
      +0       0       0       0       0
  4180 ;;      Temps:          0       0       0       0       0       0       0       0       0       0       0       0       
      +0       0       0       0       0
  4181 ;;      Totals:         2       0       0       0       0       0       0       0       0       0       0       0       
      +0       0       0       0       0
  4182 ;;Total ram usage:        2 bytes
  4183 ;; Hardware stack levels used: 1
  4184 ;; This function calls:
  4185 ;;		Nothing
  4186 ;; This function is called by:
  4187 ;;		_I2C_Open
  4188 ;;		_I2C_DO_TX
  4189 ;;		_I2C_DO_RX
  4190 ;;		_I2C_DO_TX_EMPTY
  4191 ;;		_I2C_DO_ADDRESS_NACK
  4192 ;;		_I2C_DO_RX_EMPTY
  4193 ;; This function uses a non-reentrant model
  4194 ;;
  4195                           
  4196                           	psect	text55
  4197   00195E                     __ptext55:
  4198                           	callstack 0
  4199   00195E                     _I2C_CallbackReturnReset:
  4200                           	callstack 21
  4201   00195E                     
  4202                           ;mcc_generated_files/i2c_master.c: 526: i2c_operations_t I2C_CallbackReturnReset(void *f
      +                          unPtr);mcc_generated_files/i2c_master.c: 527: {;mcc_generated_files/i2c_master.c: 528:  
      +                             return I2C_RESET_LINK;
  4203   00195E  0E05               	movlw	5
  4204   001960  0012               	return		;funcret
  4205   001962                     __end_of_I2C_CallbackReturnReset:
  4206                           	callstack 0
  4207                           
  4208 ;; *************** function _I2C_CallbackReturnStop *****************
  4209 ;; Defined at:
  4210 ;;		line 521 in file "mcc_generated_files/i2c_master.c"
  4211 ;; Parameters:    Size  Location     Type
  4212 ;;  funPtr          2    9[COMRAM] PTR void 
  4213 ;;		 -> I2C_ReadDataBlock@bufferBlock(4), I2C_Write2ByteRegister@data(2), I2C_Write1ByteRegister@data(1), I2C_Read2ByteR
      +egister@returnValue(2), 
  4214 ;;		 -> NULL(0), I2C_Read1ByteRegister@returnValue(1), 
  4215 ;; Auto vars:     Size  Location     Type
  4216 ;;		None
  4217 ;; Return value:  Size  Location     Type
  4218 ;;                  1    wreg      enum E363
  4219 ;; Registers used:
  4220 ;;		wreg
  4221 ;; Tracked objects:
  4222 ;;		On entry : 0/0
  4223 ;;		On exit  : 0/0
  4224 ;;		Unchanged: 0/0
  4225 ;; Data sizes:     COMRAM   BANK0   BANK1   BANK2   BANK3   BANK4   BANK5   BANK6   BANK7   BANK8   BANK9  BANK10  BANK1
      +1  BANK12  BANK13  BANK14  BANK15
  4226 ;;      Params:         2       0       0       0       0       0       0       0       0       0       0       0       
      +0       0       0       0       0
  4227 ;;      Locals:         0       0       0       0       0       0       0       0       0       0       0       0       
      +0       0       0       0       0
  4228 ;;      Temps:          0       0       0       0       0       0       0       0       0       0       0       0       
      +0       0       0       0       0
  4229 ;;      Totals:         2       0       0       0       0       0       0       0       0       0       0       0       
      +0       0       0       0       0
  4230 ;;Total ram usage:        2 bytes
  4231 ;; Hardware stack levels used: 1
  4232 ;; This function calls:
  4233 ;;		Nothing
  4234 ;; This function is called by:
  4235 ;;		_I2C_Open
  4236 ;;		_I2C_SetCallback
  4237 ;;		i2_I2C_SetCallback
  4238 ;;		_I2C_DO_TX
  4239 ;;		_I2C_DO_RX
  4240 ;;		_I2C_DO_TX_EMPTY
  4241 ;;		_I2C_DO_ADDRESS_NACK
  4242 ;;		_I2C_DO_RX_EMPTY
  4243 ;; This function uses a non-reentrant model
  4244 ;;
  4245                           
  4246                           	psect	text56
  4247   001962                     __ptext56:
  4248                           	callstack 0
  4249   001962                     _I2C_CallbackReturnStop:
  4250                           	callstack 21
  4251   001962                     
  4252                           ;mcc_generated_files/i2c_master.c: 521: i2c_operations_t I2C_CallbackReturnStop(void *fu
      +                          nPtr);mcc_generated_files/i2c_master.c: 522: {;mcc_generated_files/i2c_master.c: 523:   
      +                            return I2C_STOP;
  4253   001962  0E01               	movlw	1
  4254   001964  0012               	return		;funcret
  4255   001966                     __end_of_I2C_CallbackReturnStop:
  4256                           	callstack 0
  4257                           
  4258 ;; *************** function _rdBlkRegCompleteHandler *****************
  4259 ;; Defined at:
  4260 ;;		line 170 in file "mcc_generated_files/examples/i2c_master_example.c"
  4261 ;; Parameters:    Size  Location     Type
  4262 ;;  ptr             2    9[COMRAM] PTR void 
  4263 ;;		 -> I2C_ReadDataBlock@bufferBlock(4), I2C_Write2ByteRegister@data(2), I2C_Write1ByteRegister@data(1), I2C_Read2ByteR
      +egister@returnValue(2), 
  4264 ;;		 -> NULL(0), I2C_Read1ByteRegister@returnValue(1), 
  4265 ;; Auto vars:     Size  Location     Type
  4266 ;;		None
  4267 ;; Return value:  Size  Location     Type
  4268 ;;                  1    wreg      enum E363
  4269 ;; Registers used:
  4270 ;;		wreg, fsr2l, fsr2h, status,2, status,0, prodl, prodh, cstack
  4271 ;; Tracked objects:
  4272 ;;		On entry : 0/0
  4273 ;;		On exit  : 0/0
  4274 ;;		Unchanged: 0/0
  4275 ;; Data sizes:     COMRAM   BANK0   BANK1   BANK2   BANK3   BANK4   BANK5   BANK6   BANK7   BANK8   BANK9  BANK10  BANK1
      +1  BANK12  BANK13  BANK14  BANK15
  4276 ;;      Params:         2       0       0       0       0       0       0       0       0       0       0       0       
      +0       0       0       0       0
  4277 ;;      Locals:         0       0       0       0       0       0       0       0       0       0       0       0       
      +0       0       0       0       0
  4278 ;;      Temps:          1       0       0       0       0       0       0       0       0       0       0       0       
      +0       0       0       0       0
  4279 ;;      Totals:         3       0       0       0       0       0       0       0       0       0       0       0       
      +0       0       0       0       0
  4280 ;;Total ram usage:        3 bytes
  4281 ;; Hardware stack levels used: 1
  4282 ;; Hardware stack levels required when called: 2
  4283 ;; This function calls:
  4284 ;;		i2_I2C_SetBuffer
  4285 ;;		i2_I2C_SetDataCompleteCallback
  4286 ;; This function is called by:
  4287 ;;		_I2C_ReadDataBlock
  4288 ;;		_I2C_DO_TX
  4289 ;;		_I2C_DO_RX
  4290 ;;		_I2C_DO_TX_EMPTY
  4291 ;;		_I2C_DO_ADDRESS_NACK
  4292 ;;		_I2C_DO_RX_EMPTY
  4293 ;; This function uses a non-reentrant model
  4294 ;;
  4295                           
  4296                           	psect	text57
  4297   0015BC                     __ptext57:
  4298                           	callstack 0
  4299   0015BC                     _rdBlkRegCompleteHandler:
  4300                           	callstack 19
  4301   0015BC                     
  4302                           ;mcc_generated_files/examples/i2c_master_example.c: 170: static i2c_operations_t rdBlkRe
      +                          gCompleteHandler(void *ptr);mcc_generated_files/examples/i2c_master_example.c: 171: {;mc
      +                          c_generated_files/examples/i2c_master_example.c: 172:     I2C_SetBuffer(((i2c_buffer_t *
      +                          )ptr)->data,((i2c_buffer_t*)ptr)->len);
  4303   0015BC  EE20 F002          	lfsr	2,2
  4304   0015C0  5037               	movf	rdBlkRegCompleteHandler@ptr^0,w,c
  4305   0015C2  26D9               	addwf	fsr2l,f,c
  4306   0015C4  5038               	movf	(rdBlkRegCompleteHandler@ptr+1)^0,w,c
  4307   0015C6  22DA               	addwfc	fsr2h,f,c
  4308   0015C8  50DF               	movf	indf2,w,c
  4309   0015CA  6E39               	movwf	??_rdBlkRegCompleteHandler^0,c
  4310   0015CC  C039  F02E         	movff	??_rdBlkRegCompleteHandler,i2I2C_SetBuffer@buffer
  4311   0015D0  6A2F               	clrf	(i2I2C_SetBuffer@buffer+1)^0,c
  4312   0015D2  C037  FFD9         	movff	rdBlkRegCompleteHandler@ptr,fsr2l
  4313   0015D6  C038  FFDA         	movff	rdBlkRegCompleteHandler@ptr+1,fsr2h
  4314   0015DA  CFDE F030          	movff	postinc2,i2I2C_SetBuffer@bufferSize
  4315   0015DE  CFDD F031          	movff	postdec2,i2I2C_SetBuffer@bufferSize+1
  4316   0015E2  ECD9  F00B         	call	i2_I2C_SetBuffer	;wreg free
  4317   0015E6                     
  4318                           ;mcc_generated_files/examples/i2c_master_example.c: 173:     I2C_SetDataCompleteCallback
      +                          (((void*)0),((void*)0));
  4319   0015E6  0E00               	movlw	0
  4320   0015E8  6E33               	movwf	i2I2C_SetDataCompleteCallback@cb^0,c
  4321   0015EA  0E00               	movlw	0
  4322   0015EC  6E34               	movwf	(i2I2C_SetDataCompleteCallback@cb+1)^0,c
  4323   0015EE  0E00               	movlw	0
  4324   0015F0  6E35               	movwf	i2I2C_SetDataCompleteCallback@ptr^0,c
  4325   0015F2  0E00               	movlw	0
  4326   0015F4  6E36               	movwf	(i2I2C_SetDataCompleteCallback@ptr+1)^0,c
  4327   0015F6  EC0E  F00C         	call	i2_I2C_SetDataCompleteCallback	;wreg free
  4328   0015FA                     
  4329                           ;mcc_generated_files/examples/i2c_master_example.c: 174:     return I2C_RESTART_READ;
  4330   0015FA  0E02               	movlw	2
  4331   0015FC  0012               	return		;funcret
  4332   0015FE                     __end_of_rdBlkRegCompleteHandler:
  4333                           	callstack 0
  4334                           
  4335 ;; *************** function _wr1RegCompleteHandler *****************
  4336 ;; Defined at:
  4337 ;;		line 156 in file "mcc_generated_files/examples/i2c_master_example.c"
  4338 ;; Parameters:    Size  Location     Type
  4339 ;;  ptr             2    9[COMRAM] PTR void 
  4340 ;;		 -> I2C_ReadDataBlock@bufferBlock(4), I2C_Write2ByteRegister@data(2), I2C_Write1ByteRegister@data(1), I2C_Read2ByteR
      +egister@returnValue(2), 
  4341 ;;		 -> NULL(0), I2C_Read1ByteRegister@returnValue(1), 
  4342 ;; Auto vars:     Size  Location     Type
  4343 ;;		None
  4344 ;; Return value:  Size  Location     Type
  4345 ;;                  1    wreg      enum E363
  4346 ;; Registers used:
  4347 ;;		wreg, fsr2l, fsr2h, status,2, status,0, prodl, prodh, cstack
  4348 ;; Tracked objects:
  4349 ;;		On entry : 0/0
  4350 ;;		On exit  : 0/0
  4351 ;;		Unchanged: 0/0
  4352 ;; Data sizes:     COMRAM   BANK0   BANK1   BANK2   BANK3   BANK4   BANK5   BANK6   BANK7   BANK8   BANK9  BANK10  BANK1
      +1  BANK12  BANK13  BANK14  BANK15
  4353 ;;      Params:         2       0       0       0       0       0       0       0       0       0       0       0       
      +0       0       0       0       0
  4354 ;;      Locals:         0       0       0       0       0       0       0       0       0       0       0       0       
      +0       0       0       0       0
  4355 ;;      Temps:          0       0       0       0       0       0       0       0       0       0       0       0       
      +0       0       0       0       0
  4356 ;;      Totals:         2       0       0       0       0       0       0       0       0       0       0       0       
      +0       0       0       0       0
  4357 ;;Total ram usage:        2 bytes
  4358 ;; Hardware stack levels used: 1
  4359 ;; Hardware stack levels required when called: 2
  4360 ;; This function calls:
  4361 ;;		i2_I2C_SetBuffer
  4362 ;;		i2_I2C_SetDataCompleteCallback
  4363 ;; This function is called by:
  4364 ;;		_I2C_Write1ByteRegister
  4365 ;;		_I2C_DO_TX
  4366 ;;		_I2C_DO_RX
  4367 ;;		_I2C_DO_TX_EMPTY
  4368 ;;		_I2C_DO_ADDRESS_NACK
  4369 ;;		_I2C_DO_RX_EMPTY
  4370 ;; This function uses a non-reentrant model
  4371 ;;
  4372                           
  4373                           	psect	text58
  4374   00169C                     __ptext58:
  4375                           	callstack 0
  4376   00169C                     _wr1RegCompleteHandler:
  4377                           	callstack 19
  4378   00169C                     
  4379                           ;mcc_generated_files/examples/i2c_master_example.c: 156: static i2c_operations_t wr1RegC
      +                          ompleteHandler(void *ptr);mcc_generated_files/examples/i2c_master_example.c: 157: {;mcc_
      +                          generated_files/examples/i2c_master_example.c: 158:     I2C_SetBuffer(ptr,1);
  4380   00169C  C037  F02E         	movff	wr1RegCompleteHandler@ptr,i2I2C_SetBuffer@buffer
  4381   0016A0  C038  F02F         	movff	wr1RegCompleteHandler@ptr+1,i2I2C_SetBuffer@buffer+1
  4382   0016A4  0E00               	movlw	0
  4383   0016A6  6E31               	movwf	(i2I2C_SetBuffer@bufferSize+1)^0,c
  4384   0016A8  0E01               	movlw	1
  4385   0016AA  6E30               	movwf	i2I2C_SetBuffer@bufferSize^0,c
  4386   0016AC  ECD9  F00B         	call	i2_I2C_SetBuffer	;wreg free
  4387   0016B0                     
  4388                           ;mcc_generated_files/examples/i2c_master_example.c: 159:     I2C_SetDataCompleteCallback
      +                          (((void*)0),((void*)0));
  4389   0016B0  0E00               	movlw	0
  4390   0016B2  6E33               	movwf	i2I2C_SetDataCompleteCallback@cb^0,c
  4391   0016B4  0E00               	movlw	0
  4392   0016B6  6E34               	movwf	(i2I2C_SetDataCompleteCallback@cb+1)^0,c
  4393   0016B8  0E00               	movlw	0
  4394   0016BA  6E35               	movwf	i2I2C_SetDataCompleteCallback@ptr^0,c
  4395   0016BC  0E00               	movlw	0
  4396   0016BE  6E36               	movwf	(i2I2C_SetDataCompleteCallback@ptr+1)^0,c
  4397   0016C0  EC0E  F00C         	call	i2_I2C_SetDataCompleteCallback	;wreg free
  4398   0016C4                     
  4399                           ;mcc_generated_files/examples/i2c_master_example.c: 160:     return I2C_CONTINUE;
  4400   0016C4  0E04               	movlw	4
  4401   0016C6  0012               	return		;funcret
  4402   0016C8                     __end_of_wr1RegCompleteHandler:
  4403                           	callstack 0
  4404                           
  4405 ;; *************** function _rd2RegCompleteHandler *****************
  4406 ;; Defined at:
  4407 ;;		line 149 in file "mcc_generated_files/examples/i2c_master_example.c"
  4408 ;; Parameters:    Size  Location     Type
  4409 ;;  ptr             2    9[COMRAM] PTR void 
  4410 ;;		 -> I2C_ReadDataBlock@bufferBlock(4), I2C_Write2ByteRegister@data(2), I2C_Write1ByteRegister@data(1), I2C_Read2ByteR
      +egister@returnValue(2), 
  4411 ;;		 -> NULL(0), I2C_Read1ByteRegister@returnValue(1), 
  4412 ;; Auto vars:     Size  Location     Type
  4413 ;;		None
  4414 ;; Return value:  Size  Location     Type
  4415 ;;                  1    wreg      enum E363
  4416 ;; Registers used:
  4417 ;;		wreg, fsr2l, fsr2h, status,2, status,0, prodl, prodh, cstack
  4418 ;; Tracked objects:
  4419 ;;		On entry : 0/0
  4420 ;;		On exit  : 0/0
  4421 ;;		Unchanged: 0/0
  4422 ;; Data sizes:     COMRAM   BANK0   BANK1   BANK2   BANK3   BANK4   BANK5   BANK6   BANK7   BANK8   BANK9  BANK10  BANK1
      +1  BANK12  BANK13  BANK14  BANK15
  4423 ;;      Params:         2       0       0       0       0       0       0       0       0       0       0       0       
      +0       0       0       0       0
  4424 ;;      Locals:         0       0       0       0       0       0       0       0       0       0       0       0       
      +0       0       0       0       0
  4425 ;;      Temps:          0       0       0       0       0       0       0       0       0       0       0       0       
      +0       0       0       0       0
  4426 ;;      Totals:         2       0       0       0       0       0       0       0       0       0       0       0       
      +0       0       0       0       0
  4427 ;;Total ram usage:        2 bytes
  4428 ;; Hardware stack levels used: 1
  4429 ;; Hardware stack levels required when called: 2
  4430 ;; This function calls:
  4431 ;;		i2_I2C_SetBuffer
  4432 ;;		i2_I2C_SetDataCompleteCallback
  4433 ;; This function is called by:
  4434 ;;		_I2C_Read2ByteRegister
  4435 ;;		_I2C_DO_TX
  4436 ;;		_I2C_DO_RX
  4437 ;;		_I2C_DO_TX_EMPTY
  4438 ;;		_I2C_DO_ADDRESS_NACK
  4439 ;;		_I2C_DO_RX_EMPTY
  4440 ;; This function uses a non-reentrant model
  4441 ;;
  4442                           
  4443                           	psect	text59
  4444   0016C8                     __ptext59:
  4445                           	callstack 0
  4446   0016C8                     _rd2RegCompleteHandler:
  4447                           	callstack 19
  4448   0016C8                     
  4449                           ;mcc_generated_files/examples/i2c_master_example.c: 149: static i2c_operations_t rd2RegC
      +                          ompleteHandler(void *ptr);mcc_generated_files/examples/i2c_master_example.c: 150: {;mcc_
      +                          generated_files/examples/i2c_master_example.c: 151:     I2C_SetBuffer(ptr,2);
  4450   0016C8  C037  F02E         	movff	rd2RegCompleteHandler@ptr,i2I2C_SetBuffer@buffer
  4451   0016CC  C038  F02F         	movff	rd2RegCompleteHandler@ptr+1,i2I2C_SetBuffer@buffer+1
  4452   0016D0  0E00               	movlw	0
  4453   0016D2  6E31               	movwf	(i2I2C_SetBuffer@bufferSize+1)^0,c
  4454   0016D4  0E02               	movlw	2
  4455   0016D6  6E30               	movwf	i2I2C_SetBuffer@bufferSize^0,c
  4456   0016D8  ECD9  F00B         	call	i2_I2C_SetBuffer	;wreg free
  4457   0016DC                     
  4458                           ;mcc_generated_files/examples/i2c_master_example.c: 152:     I2C_SetDataCompleteCallback
      +                          (((void*)0),((void*)0));
  4459   0016DC  0E00               	movlw	0
  4460   0016DE  6E33               	movwf	i2I2C_SetDataCompleteCallback@cb^0,c
  4461   0016E0  0E00               	movlw	0
  4462   0016E2  6E34               	movwf	(i2I2C_SetDataCompleteCallback@cb+1)^0,c
  4463   0016E4  0E00               	movlw	0
  4464   0016E6  6E35               	movwf	i2I2C_SetDataCompleteCallback@ptr^0,c
  4465   0016E8  0E00               	movlw	0
  4466   0016EA  6E36               	movwf	(i2I2C_SetDataCompleteCallback@ptr+1)^0,c
  4467   0016EC  EC0E  F00C         	call	i2_I2C_SetDataCompleteCallback	;wreg free
  4468   0016F0                     
  4469                           ;mcc_generated_files/examples/i2c_master_example.c: 153:     return I2C_RESTART_READ;
  4470   0016F0  0E02               	movlw	2
  4471   0016F2  0012               	return		;funcret
  4472   0016F4                     __end_of_rd2RegCompleteHandler:
  4473                           	callstack 0
  4474                           
  4475 ;; *************** function _rd1RegCompleteHandler *****************
  4476 ;; Defined at:
  4477 ;;		line 142 in file "mcc_generated_files/examples/i2c_master_example.c"
  4478 ;; Parameters:    Size  Location     Type
  4479 ;;  ptr             2    9[COMRAM] PTR void 
  4480 ;;		 -> I2C_ReadDataBlock@bufferBlock(4), I2C_Write2ByteRegister@data(2), I2C_Write1ByteRegister@data(1), I2C_Read2ByteR
      +egister@returnValue(2), 
  4481 ;;		 -> NULL(0), I2C_Read1ByteRegister@returnValue(1), 
  4482 ;; Auto vars:     Size  Location     Type
  4483 ;;		None
  4484 ;; Return value:  Size  Location     Type
  4485 ;;                  1    wreg      enum E363
  4486 ;; Registers used:
  4487 ;;		wreg, fsr2l, fsr2h, status,2, status,0, prodl, prodh, cstack
  4488 ;; Tracked objects:
  4489 ;;		On entry : 0/0
  4490 ;;		On exit  : 0/0
  4491 ;;		Unchanged: 0/0
  4492 ;; Data sizes:     COMRAM   BANK0   BANK1   BANK2   BANK3   BANK4   BANK5   BANK6   BANK7   BANK8   BANK9  BANK10  BANK1
      +1  BANK12  BANK13  BANK14  BANK15
  4493 ;;      Params:         2       0       0       0       0       0       0       0       0       0       0       0       
      +0       0       0       0       0
  4494 ;;      Locals:         0       0       0       0       0       0       0       0       0       0       0       0       
      +0       0       0       0       0
  4495 ;;      Temps:          0       0       0       0       0       0       0       0       0       0       0       0       
      +0       0       0       0       0
  4496 ;;      Totals:         2       0       0       0       0       0       0       0       0       0       0       0       
      +0       0       0       0       0
  4497 ;;Total ram usage:        2 bytes
  4498 ;; Hardware stack levels used: 1
  4499 ;; Hardware stack levels required when called: 2
  4500 ;; This function calls:
  4501 ;;		i2_I2C_SetBuffer
  4502 ;;		i2_I2C_SetDataCompleteCallback
  4503 ;; This function is called by:
  4504 ;;		_I2C_Read1ByteRegister
  4505 ;;		_I2C_DO_TX
  4506 ;;		_I2C_DO_RX
  4507 ;;		_I2C_DO_TX_EMPTY
  4508 ;;		_I2C_DO_ADDRESS_NACK
  4509 ;;		_I2C_DO_RX_EMPTY
  4510 ;; This function uses a non-reentrant model
  4511 ;;
  4512                           
  4513                           	psect	text60
  4514   0016F4                     __ptext60:
  4515                           	callstack 0
  4516   0016F4                     _rd1RegCompleteHandler:
  4517                           	callstack 19
  4518   0016F4                     
  4519                           ;mcc_generated_files/examples/i2c_master_example.c: 142: static i2c_operations_t rd1RegC
      +                          ompleteHandler(void *ptr);mcc_generated_files/examples/i2c_master_example.c: 143: {;mcc_
      +                          generated_files/examples/i2c_master_example.c: 144:     I2C_SetBuffer(ptr,1);
  4520   0016F4  C037  F02E         	movff	rd1RegCompleteHandler@ptr,i2I2C_SetBuffer@buffer
  4521   0016F8  C038  F02F         	movff	rd1RegCompleteHandler@ptr+1,i2I2C_SetBuffer@buffer+1
  4522   0016FC  0E00               	movlw	0
  4523   0016FE  6E31               	movwf	(i2I2C_SetBuffer@bufferSize+1)^0,c
  4524   001700  0E01               	movlw	1
  4525   001702  6E30               	movwf	i2I2C_SetBuffer@bufferSize^0,c
  4526   001704  ECD9  F00B         	call	i2_I2C_SetBuffer	;wreg free
  4527   001708                     
  4528                           ;mcc_generated_files/examples/i2c_master_example.c: 145:     I2C_SetDataCompleteCallback
      +                          (((void*)0),((void*)0));
  4529   001708  0E00               	movlw	0
  4530   00170A  6E33               	movwf	i2I2C_SetDataCompleteCallback@cb^0,c
  4531   00170C  0E00               	movlw	0
  4532   00170E  6E34               	movwf	(i2I2C_SetDataCompleteCallback@cb+1)^0,c
  4533   001710  0E00               	movlw	0
  4534   001712  6E35               	movwf	i2I2C_SetDataCompleteCallback@ptr^0,c
  4535   001714  0E00               	movlw	0
  4536   001716  6E36               	movwf	(i2I2C_SetDataCompleteCallback@ptr+1)^0,c
  4537   001718  EC0E  F00C         	call	i2_I2C_SetDataCompleteCallback	;wreg free
  4538   00171C                     
  4539                           ;mcc_generated_files/examples/i2c_master_example.c: 146:     return I2C_RESTART_READ;
  4540   00171C  0E02               	movlw	2
  4541   00171E  0012               	return		;funcret
  4542   001720                     __end_of_rd1RegCompleteHandler:
  4543                           	callstack 0
  4544                           
  4545 ;; *************** function _wr2RegCompleteHandler *****************
  4546 ;; Defined at:
  4547 ;;		line 163 in file "mcc_generated_files/examples/i2c_master_example.c"
  4548 ;; Parameters:    Size  Location     Type
  4549 ;;  ptr             2    9[COMRAM] PTR void 
  4550 ;;		 -> I2C_ReadDataBlock@bufferBlock(4), I2C_Write2ByteRegister@data(2), I2C_Write1ByteRegister@data(1), I2C_Read2ByteR
      +egister@returnValue(2), 
  4551 ;;		 -> NULL(0), I2C_Read1ByteRegister@returnValue(1), 
  4552 ;; Auto vars:     Size  Location     Type
  4553 ;;		None
  4554 ;; Return value:  Size  Location     Type
  4555 ;;                  1    wreg      enum E363
  4556 ;; Registers used:
  4557 ;;		wreg, fsr2l, fsr2h, status,2, status,0, prodl, prodh, cstack
  4558 ;; Tracked objects:
  4559 ;;		On entry : 0/0
  4560 ;;		On exit  : 0/0
  4561 ;;		Unchanged: 0/0
  4562 ;; Data sizes:     COMRAM   BANK0   BANK1   BANK2   BANK3   BANK4   BANK5   BANK6   BANK7   BANK8   BANK9  BANK10  BANK1
      +1  BANK12  BANK13  BANK14  BANK15
  4563 ;;      Params:         2       0       0       0       0       0       0       0       0       0       0       0       
      +0       0       0       0       0
  4564 ;;      Locals:         0       0       0       0       0       0       0       0       0       0       0       0       
      +0       0       0       0       0
  4565 ;;      Temps:          0       0       0       0       0       0       0       0       0       0       0       0       
      +0       0       0       0       0
  4566 ;;      Totals:         2       0       0       0       0       0       0       0       0       0       0       0       
      +0       0       0       0       0
  4567 ;;Total ram usage:        2 bytes
  4568 ;; Hardware stack levels used: 1
  4569 ;; Hardware stack levels required when called: 2
  4570 ;; This function calls:
  4571 ;;		i2_I2C_SetBuffer
  4572 ;;		i2_I2C_SetDataCompleteCallback
  4573 ;; This function is called by:
  4574 ;;		_I2C_Write2ByteRegister
  4575 ;;		_I2C_DO_TX
  4576 ;;		_I2C_DO_RX
  4577 ;;		_I2C_DO_TX_EMPTY
  4578 ;;		_I2C_DO_ADDRESS_NACK
  4579 ;;		_I2C_DO_RX_EMPTY
  4580 ;; This function uses a non-reentrant model
  4581 ;;
  4582                           
  4583                           	psect	text61
  4584   001720                     __ptext61:
  4585                           	callstack 0
  4586   001720                     _wr2RegCompleteHandler:
  4587                           	callstack 19
  4588   001720                     
  4589                           ;mcc_generated_files/examples/i2c_master_example.c: 163: static i2c_operations_t wr2RegC
      +                          ompleteHandler(void *ptr);mcc_generated_files/examples/i2c_master_example.c: 164: {;mcc_
      +                          generated_files/examples/i2c_master_example.c: 165:     I2C_SetBuffer(ptr,2);
  4590   001720  C037  F02E         	movff	wr2RegCompleteHandler@ptr,i2I2C_SetBuffer@buffer
  4591   001724  C038  F02F         	movff	wr2RegCompleteHandler@ptr+1,i2I2C_SetBuffer@buffer+1
  4592   001728  0E00               	movlw	0
  4593   00172A  6E31               	movwf	(i2I2C_SetBuffer@bufferSize+1)^0,c
  4594   00172C  0E02               	movlw	2
  4595   00172E  6E30               	movwf	i2I2C_SetBuffer@bufferSize^0,c
  4596   001730  ECD9  F00B         	call	i2_I2C_SetBuffer	;wreg free
  4597   001734                     
  4598                           ;mcc_generated_files/examples/i2c_master_example.c: 166:     I2C_SetDataCompleteCallback
      +                          (((void*)0),((void*)0));
  4599   001734  0E00               	movlw	0
  4600   001736  6E33               	movwf	i2I2C_SetDataCompleteCallback@cb^0,c
  4601   001738  0E00               	movlw	0
  4602   00173A  6E34               	movwf	(i2I2C_SetDataCompleteCallback@cb+1)^0,c
  4603   00173C  0E00               	movlw	0
  4604   00173E  6E35               	movwf	i2I2C_SetDataCompleteCallback@ptr^0,c
  4605   001740  0E00               	movlw	0
  4606   001742  6E36               	movwf	(i2I2C_SetDataCompleteCallback@ptr+1)^0,c
  4607   001744  EC0E  F00C         	call	i2_I2C_SetDataCompleteCallback	;wreg free
  4608   001748                     
  4609                           ;mcc_generated_files/examples/i2c_master_example.c: 167:     return I2C_CONTINUE;
  4610   001748  0E04               	movlw	4
  4611   00174A  0012               	return		;funcret
  4612   00174C                     __end_of_wr2RegCompleteHandler:
  4613                           	callstack 0
  4614                           
  4615 ;; *************** function i2_I2C_SetDataCompleteCallback *****************
  4616 ;; Defined at:
  4617 ;;		line 274 in file "mcc_generated_files/i2c_master.c"
  4618 ;; Parameters:    Size  Location     Type
  4619 ;;  cb              2    5[COMRAM] PTR FTN(PTR void ,)enum 
  4620 ;;		 -> NULL(1), rdBlkRegCompleteHandler(1), wr2RegCompleteHandler(1), wr1RegCompleteHandler(1), 
  4621 ;;		 -> rd2RegCompleteHandler(1), rd1RegCompleteHandler(1), 
  4622 ;;  ptr             2    7[COMRAM] PTR void 
  4623 ;;		 -> I2C_ReadDataBlock@bufferBlock(4), I2C_Write2ByteRegister@data(2), I2C_Write1ByteRegister@data(1), I2C_Read2ByteR
      +egister@returnValue(2), 
  4624 ;;		 -> NULL(0), I2C_Read1ByteRegister@returnValue(1), 
  4625 ;; Auto vars:     Size  Location     Type
  4626 ;;		None
  4627 ;; Return value:  Size  Location     Type
  4628 ;;                  1    wreg      void 
  4629 ;; Registers used:
  4630 ;;		wreg, fsr2l, fsr2h, status,2, status,0, prodl, prodh, cstack
  4631 ;; Tracked objects:
  4632 ;;		On entry : 0/0
  4633 ;;		On exit  : 0/0
  4634 ;;		Unchanged: 0/0
  4635 ;; Data sizes:     COMRAM   BANK0   BANK1   BANK2   BANK3   BANK4   BANK5   BANK6   BANK7   BANK8   BANK9  BANK10  BANK1
      +1  BANK12  BANK13  BANK14  BANK15
  4636 ;;      Params:         4       0       0       0       0       0       0       0       0       0       0       0       
      +0       0       0       0       0
  4637 ;;      Locals:         0       0       0       0       0       0       0       0       0       0       0       0       
      +0       0       0       0       0
  4638 ;;      Temps:          0       0       0       0       0       0       0       0       0       0       0       0       
      +0       0       0       0       0
  4639 ;;      Totals:         4       0       0       0       0       0       0       0       0       0       0       0       
      +0       0       0       0       0
  4640 ;;Total ram usage:        4 bytes
  4641 ;; Hardware stack levels used: 1
  4642 ;; Hardware stack levels required when called: 1
  4643 ;; This function calls:
  4644 ;;		i2_I2C_SetCallback
  4645 ;; This function is called by:
  4646 ;;		_rd1RegCompleteHandler
  4647 ;;		_rd2RegCompleteHandler
  4648 ;;		_wr1RegCompleteHandler
  4649 ;;		_wr2RegCompleteHandler
  4650 ;;		_rdBlkRegCompleteHandler
  4651 ;; This function uses a non-reentrant model
  4652 ;;
  4653                           
  4654                           	psect	text62
  4655   00181C                     __ptext62:
  4656                           	callstack 0
  4657   00181C                     i2_I2C_SetDataCompleteCallback:
  4658                           	callstack 19
  4659   00181C                     
  4660                           ;mcc_generated_files/i2c_master.c: 274: void I2C_SetDataCompleteCallback(i2c_callback_t 
      +                          cb, void *ptr);mcc_generated_files/i2c_master.c: 275: {;mcc_generated_files/i2c_master.c
      +                          : 276:     I2C_SetCallback(I2C_DATA_COMPLETE, cb, ptr);
  4661   00181C  C033  F02E         	movff	i2I2C_SetDataCompleteCallback@cb,i2I2C_SetCallback@cb
  4662   001820  C034  F02F         	movff	i2I2C_SetDataCompleteCallback@cb+1,i2I2C_SetCallback@cb+1
  4663   001824  C035  F030         	movff	i2I2C_SetDataCompleteCallback@ptr,i2I2C_SetCallback@ptr
  4664   001828  C036  F031         	movff	i2I2C_SetDataCompleteCallback@ptr+1,i2I2C_SetCallback@ptr+1
  4665   00182C  0E00               	movlw	0
  4666   00182E  EC35  F00A         	call	i2_I2C_SetCallback
  4667   001832  0012               	return		;funcret
  4668   001834                     __end_ofi2_I2C_SetDataCompleteCallback:
  4669                           	callstack 0
  4670                           
  4671 ;; *************** function i2_I2C_SetCallback *****************
  4672 ;; Defined at:
  4673 ;;		line 304 in file "mcc_generated_files/i2c_master.c"
  4674 ;; Parameters:    Size  Location     Type
  4675 ;;  idx             1    wreg     enum E3152
  4676 ;;  cb              2    0[COMRAM] PTR FTN(PTR void ,)enum 
  4677 ;;		 -> NULL(1), rdBlkRegCompleteHandler(1), wr2RegCompleteHandler(1), wr1RegCompleteHandler(1), 
  4678 ;;		 -> rd2RegCompleteHandler(1), rd1RegCompleteHandler(1), 
  4679 ;;  ptr             2    2[COMRAM] PTR void 
  4680 ;;		 -> I2C_ReadDataBlock@bufferBlock(4), I2C_Write2ByteRegister@data(2), I2C_Write1ByteRegister@data(1), I2C_Read2ByteR
      +egister@returnValue(2), 
  4681 ;;		 -> NULL(0), I2C_Read1ByteRegister@returnValue(1), 
  4682 ;; Auto vars:     Size  Location     Type
  4683 ;;  idx             1    4[COMRAM] enum E3152
  4684 ;; Return value:  Size  Location     Type
  4685 ;;                  1    wreg      void 
  4686 ;; Registers used:
  4687 ;;		wreg, fsr2l, fsr2h, status,2, status,0, prodl, prodh
  4688 ;; Tracked objects:
  4689 ;;		On entry : 0/0
  4690 ;;		On exit  : 0/0
  4691 ;;		Unchanged: 0/0
  4692 ;; Data sizes:     COMRAM   BANK0   BANK1   BANK2   BANK3   BANK4   BANK5   BANK6   BANK7   BANK8   BANK9  BANK10  BANK1
      +1  BANK12  BANK13  BANK14  BANK15
  4693 ;;      Params:         4       0       0       0       0       0       0       0       0       0       0       0       
      +0       0       0       0       0
  4694 ;;      Locals:         1       0       0       0       0       0       0       0       0       0       0       0       
      +0       0       0       0       0
  4695 ;;      Temps:          0       0       0       0       0       0       0       0       0       0       0       0       
      +0       0       0       0       0
  4696 ;;      Totals:         5       0       0       0       0       0       0       0       0       0       0       0       
      +0       0       0       0       0
  4697 ;;Total ram usage:        5 bytes
  4698 ;; Hardware stack levels used: 1
  4699 ;; This function calls:
  4700 ;;		Nothing
  4701 ;; This function is called by:
  4702 ;;		i2_I2C_SetDataCompleteCallback
  4703 ;; This function uses a non-reentrant model
  4704 ;;
  4705                           
  4706                           	psect	text63
  4707   00146A                     __ptext63:
  4708                           	callstack 0
  4709   00146A                     i2_I2C_SetCallback:
  4710                           	callstack 19
  4711                           
  4712                           ;incstack = 0
  4713                           ;i2I2C_SetCallback@idx stored from wreg
  4714   00146A  6E32               	movwf	i2I2C_SetCallback@idx^0,c
  4715   00146C                     
  4716                           ;mcc_generated_files/i2c_master.c: 304: static void I2C_SetCallback(i2c_callbackIndex_t 
      +                          idx, i2c_callback_t cb, void *ptr);mcc_generated_files/i2c_master.c: 305: {;mcc_generate
      +                          d_files/i2c_master.c: 306:     if(cb)
  4717   00146C  502E               	movf	i2I2C_SetCallback@cb^0,w,c
  4718   00146E  102F               	iorwf	(i2I2C_SetCallback@cb+1)^0,w,c
  4719   001470  B4D8               	btfsc	status,2,c
  4720   001472  EF3D  F00A         	goto	i2u91_41
  4721   001476  EF3F  F00A         	goto	i2u91_40
  4722   00147A                     i2u91_41:
  4723   00147A  EF55  F00A         	goto	i2l2624
  4724   00147E                     i2u91_40:
  4725   00147E                     
  4726                           ;mcc_generated_files/i2c_master.c: 307:     {;mcc_generated_files/i2c_master.c: 308:    
      +                               I2C_Status.callbackTable[idx] = cb;
  4727   00147E  5032               	movf	i2I2C_SetCallback@idx^0,w,c
  4728   001480  0D02               	mullw	2
  4729   001482  50F3               	movf	243,w,c
  4730   001484  0F01               	addlw	low _I2C_Status
  4731   001486  6ED9               	movwf	fsr2l,c
  4732   001488  6ADA               	clrf	fsr2h,c
  4733   00148A  C02E  FFDE         	movff	i2I2C_SetCallback@cb,postinc2
  4734   00148E  C02F  FFDD         	movff	i2I2C_SetCallback@cb+1,postdec2
  4735                           
  4736                           ;mcc_generated_files/i2c_master.c: 309:         I2C_Status.callbackPayload[idx] = ptr;
  4737   001492  5032               	movf	i2I2C_SetCallback@idx^0,w,c
  4738   001494  0D02               	mullw	2
  4739   001496  50F3               	movf	243,w,c
  4740   001498  0F0D               	addlw	low (_I2C_Status+12)
  4741   00149A  6ED9               	movwf	fsr2l,c
  4742   00149C  6ADA               	clrf	fsr2h,c
  4743   00149E  C030  FFDE         	movff	i2I2C_SetCallback@ptr,postinc2
  4744   0014A2  C031  FFDD         	movff	i2I2C_SetCallback@ptr+1,postdec2
  4745                           
  4746                           ;mcc_generated_files/i2c_master.c: 310:     }
  4747   0014A6  EF67  F00A         	goto	i2l306
  4748   0014AA                     i2l2624:
  4749                           
  4750                           ;mcc_generated_files/i2c_master.c: 312:     {;mcc_generated_files/i2c_master.c: 313:    
      +                               I2C_Status.callbackTable[idx] = I2C_CallbackReturnStop;
  4751   0014AA  5032               	movf	i2I2C_SetCallback@idx^0,w,c
  4752   0014AC  0D02               	mullw	2
  4753   0014AE  50F3               	movf	243,w,c
  4754   0014B0  0F01               	addlw	low _I2C_Status
  4755   0014B2  6ED9               	movwf	fsr2l,c
  4756   0014B4  6ADA               	clrf	fsr2h,c
  4757   0014B6  0E62               	movlw	low _I2C_CallbackReturnStop
  4758   0014B8  6EDE               	movwf	postinc2,c
  4759   0014BA  0E19               	movlw	high _I2C_CallbackReturnStop
  4760   0014BC  6EDD               	movwf	postdec2,c
  4761                           
  4762                           ;mcc_generated_files/i2c_master.c: 314:         I2C_Status.callbackPayload[idx] = ((void
      +                          *)0);
  4763   0014BE  5032               	movf	i2I2C_SetCallback@idx^0,w,c
  4764   0014C0  0D02               	mullw	2
  4765   0014C2  50F3               	movf	243,w,c
  4766   0014C4  0F0D               	addlw	low (_I2C_Status+12)
  4767   0014C6  6ED9               	movwf	fsr2l,c
  4768   0014C8  6ADA               	clrf	fsr2h,c
  4769   0014CA  6ADE               	clrf	postinc2,c
  4770   0014CC  6ADD               	clrf	postdec2,c
  4771   0014CE                     i2l306:
  4772   0014CE  0012               	return		;funcret
  4773   0014D0                     __end_ofi2_I2C_SetCallback:
  4774                           	callstack 0
  4775                           
  4776 ;; *************** function i2_I2C_SetBuffer *****************
  4777 ;; Defined at:
  4778 ;;		line 264 in file "mcc_generated_files/i2c_master.c"
  4779 ;; Parameters:    Size  Location     Type
  4780 ;;  buffer          2    0[COMRAM] PTR void 
  4781 ;;		 -> I2C_Read1ByteRegister@returnValue$data(3), I2C_Read2ByteRegister@returnValue$data(3), I2C_Write1ByteRegister@dat
      +a$data(3), I2C_Write2ByteRegister@data$data(3), 
  4782 ;;		 -> I2C_ReadDataBlock@reg(1), I2C_ReadDataBlock@bufferBlock(4), bufferBlock$data(3), I2C_Write2ByteRegister@reg(1), 
  4783 ;;		 -> I2C_Write2ByteRegister@data(2), I2C_Write1ByteRegister@reg(1), I2C_Write1ByteRegister@data(1), I2C_Read2ByteRegi
      +ster@reg(1), 
  4784 ;;		 -> I2C_Read2ByteRegister@returnValue(2), NULL(0), I2C_Read1ByteRegister@reg(1), I2C_Read1ByteRegister@returnValue(1
      +), 
  4785 ;;  bufferSize      2    2[COMRAM] unsigned int 
  4786 ;; Auto vars:     Size  Location     Type
  4787 ;;		None
  4788 ;; Return value:  Size  Location     Type
  4789 ;;                  1    wreg      void 
  4790 ;; Registers used:
  4791 ;;		wreg, status,2, status,0
  4792 ;; Tracked objects:
  4793 ;;		On entry : 0/0
  4794 ;;		On exit  : 0/0
  4795 ;;		Unchanged: 0/0
  4796 ;; Data sizes:     COMRAM   BANK0   BANK1   BANK2   BANK3   BANK4   BANK5   BANK6   BANK7   BANK8   BANK9  BANK10  BANK1
      +1  BANK12  BANK13  BANK14  BANK15
  4797 ;;      Params:         4       0       0       0       0       0       0       0       0       0       0       0       
      +0       0       0       0       0
  4798 ;;      Locals:         0       0       0       0       0       0       0       0       0       0       0       0       
      +0       0       0       0       0
  4799 ;;      Temps:          0       0       0       0       0       0       0       0       0       0       0       0       
      +0       0       0       0       0
  4800 ;;      Totals:         4       0       0       0       0       0       0       0       0       0       0       0       
      +0       0       0       0       0
  4801 ;;Total ram usage:        4 bytes
  4802 ;; Hardware stack levels used: 1
  4803 ;; This function calls:
  4804 ;;		Nothing
  4805 ;; This function is called by:
  4806 ;;		_rd1RegCompleteHandler
  4807 ;;		_rd2RegCompleteHandler
  4808 ;;		_wr1RegCompleteHandler
  4809 ;;		_wr2RegCompleteHandler
  4810 ;;		_rdBlkRegCompleteHandler
  4811 ;; This function uses a non-reentrant model
  4812 ;;
  4813                           
  4814                           	psect	text64
  4815   0017B2                     __ptext64:
  4816                           	callstack 0
  4817   0017B2                     i2_I2C_SetBuffer:
  4818                           	callstack 20
  4819   0017B2                     
  4820                           ;mcc_generated_files/i2c_master.c: 264: void I2C_SetBuffer(void *buffer, size_t bufferSi
      +                          ze);mcc_generated_files/i2c_master.c: 265: {;mcc_generated_files/i2c_master.c: 266:     
      +                          if(I2C_Status.bufferFree)
  4821   0017B2  A624               	btfss	(_I2C_Status+35)^0,3,c
  4822   0017B4  EFDE  F00B         	goto	i2u92_41
  4823   0017B8  EFE0  F00B         	goto	i2u92_40
  4824   0017BC                     i2u92_41:
  4825   0017BC  EFE9  F00B         	goto	i2l283
  4826   0017C0                     i2u92_40:
  4827   0017C0                     
  4828                           ;mcc_generated_files/i2c_master.c: 267:     {;mcc_generated_files/i2c_master.c: 268:    
      +                               I2C_Status.data_ptr = buffer;
  4829   0017C0  C02E  F01E         	movff	i2I2C_SetBuffer@buffer,_I2C_Status+29
  4830   0017C4  C02F  F01F         	movff	i2I2C_SetBuffer@buffer+1,_I2C_Status+30
  4831   0017C8                     
  4832                           ;mcc_generated_files/i2c_master.c: 269:         I2C_Status.data_length = bufferSize;
  4833   0017C8  C030  F020         	movff	i2I2C_SetBuffer@bufferSize,_I2C_Status+31
  4834   0017CC  C031  F021         	movff	i2I2C_SetBuffer@bufferSize+1,_I2C_Status+32
  4835   0017D0                     
  4836                           ;mcc_generated_files/i2c_master.c: 270:         I2C_Status.bufferFree = 0;
  4837   0017D0  9624               	bcf	(_I2C_Status+35)^0,3,c
  4838   0017D2                     i2l283:
  4839   0017D2  0012               	return		;funcret
  4840   0017D4                     __end_ofi2_I2C_SetBuffer:
  4841                           	callstack 0
  4842                           
  4843 ;; *************** function _I2C_MasterStop *****************
  4844 ;; Defined at:
  4845 ;;		line 594 in file "mcc_generated_files/i2c_master.c"
  4846 ;; Parameters:    Size  Location     Type
  4847 ;;		None
  4848 ;; Auto vars:     Size  Location     Type
  4849 ;;		None
  4850 ;; Return value:  Size  Location     Type
  4851 ;;                  1    wreg      void 
  4852 ;; Registers used:
  4853 ;;		None
  4854 ;; Tracked objects:
  4855 ;;		On entry : 0/0
  4856 ;;		On exit  : 0/0
  4857 ;;		Unchanged: 0/0
  4858 ;; Data sizes:     COMRAM   BANK0   BANK1   BANK2   BANK3   BANK4   BANK5   BANK6   BANK7   BANK8   BANK9  BANK10  BANK1
      +1  BANK12  BANK13  BANK14  BANK15
  4859 ;;      Params:         0       0       0       0       0       0       0       0       0       0       0       0       
      +0       0       0       0       0
  4860 ;;      Locals:         0       0       0       0       0       0       0       0       0       0       0       0       
      +0       0       0       0       0
  4861 ;;      Temps:          0       0       0       0       0       0       0       0       0       0       0       0       
      +0       0       0       0       0
  4862 ;;      Totals:         0       0       0       0       0       0       0       0       0       0       0       0       
      +0       0       0       0       0
  4863 ;;Total ram usage:        0 bytes
  4864 ;; Hardware stack levels used: 1
  4865 ;; This function calls:
  4866 ;;		Nothing
  4867 ;; This function is called by:
  4868 ;;		_I2C_DO_SEND_STOP
  4869 ;; This function uses a non-reentrant model
  4870 ;;
  4871                           
  4872                           	psect	text65
  4873   001966                     __ptext65:
  4874                           	callstack 0
  4875   001966                     _I2C_MasterStop:
  4876                           	callstack 20
  4877   001966                     
  4878                           ;mcc_generated_files/i2c_master.c: 596:     SSPCON2bits.PEN = 1;
  4879   001966  84C5               	bsf	197,2,c	;volatile
  4880   001968  0012               	return		;funcret
  4881   00196A                     __end_of_I2C_MasterStop:
  4882                           	callstack 0
  4883                           
  4884 ;; *************** function _I2C_MasterEnableRestart *****************
  4885 ;; Defined at:
  4886 ;;		line 574 in file "mcc_generated_files/i2c_master.c"
  4887 ;; Parameters:    Size  Location     Type
  4888 ;;		None
  4889 ;; Auto vars:     Size  Location     Type
  4890 ;;		None
  4891 ;; Return value:  Size  Location     Type
  4892 ;;                  1    wreg      void 
  4893 ;; Registers used:
  4894 ;;		None
  4895 ;; Tracked objects:
  4896 ;;		On entry : 0/0
  4897 ;;		On exit  : 0/0
  4898 ;;		Unchanged: 0/0
  4899 ;; Data sizes:     COMRAM   BANK0   BANK1   BANK2   BANK3   BANK4   BANK5   BANK6   BANK7   BANK8   BANK9  BANK10  BANK1
      +1  BANK12  BANK13  BANK14  BANK15
  4900 ;;      Params:         0       0       0       0       0       0       0       0       0       0       0       0       
      +0       0       0       0       0
  4901 ;;      Locals:         0       0       0       0       0       0       0       0       0       0       0       0       
      +0       0       0       0       0
  4902 ;;      Temps:          0       0       0       0       0       0       0       0       0       0       0       0       
      +0       0       0       0       0
  4903 ;;      Totals:         0       0       0       0       0       0       0       0       0       0       0       0       
      +0       0       0       0       0
  4904 ;;Total ram usage:        0 bytes
  4905 ;; Hardware stack levels used: 1
  4906 ;; This function calls:
  4907 ;;		Nothing
  4908 ;; This function is called by:
  4909 ;;		_I2C_DO_SEND_RESTART_READ
  4910 ;;		_I2C_DO_SEND_RESTART_WRITE
  4911 ;;		_I2C_DO_SEND_RESTART
  4912 ;;		_I2C_DO_RX_EMPTY
  4913 ;; This function uses a non-reentrant model
  4914 ;;
  4915                           
  4916                           	psect	text66
  4917   00196A                     __ptext66:
  4918                           	callstack 0
  4919   00196A                     _I2C_MasterEnableRestart:
  4920                           	callstack 20
  4921   00196A                     
  4922                           ;mcc_generated_files/i2c_master.c: 576:     SSPCON2bits.RSEN = 1;
  4923   00196A  82C5               	bsf	197,1,c	;volatile
  4924   00196C  0012               	return		;funcret
  4925   00196E                     __end_of_I2C_MasterEnableRestart:
  4926                           	callstack 0
  4927                           
  4928                           	psect	text67
  4929   000000                     __ptext67:
  4930                           	callstack 0
  4931   000000                     
  4932                           	psect	rparam
  4933   000000                     
  4934                           	psect	temp
  4935   00004E                     btemp:
  4936                           	callstack 0
  4937   00004E                     	ds	1
  4938   000000                     int$flags	set	btemp
  4939   000000                     wtemp8	set	btemp+1
  4940   000000                     ttemp5	set	btemp+1
  4941   000000                     ttemp6	set	btemp+4
  4942   000000                     ttemp7	set	btemp+8
  4943                           
  4944                           	psect	config
  4945                           
  4946                           ; Padding undefined space
  4947   300000                     	org	3145728
  4948   300000  FF                 	db	255
  4949                           
  4950                           ;Config register CONFIG1H @ 0x300001
  4951                           ;	Oscillator Selection bits
  4952                           ;	FOSC = HS, HS oscillator
  4953                           ;	Fail-Safe Clock Monitor Enable bit
  4954                           ;	FCMEN = OFF, Fail-Safe Clock Monitor disabled
  4955                           ;	Internal/External Oscillator Switchover bit
  4956                           ;	IESO = OFF, Oscillator Switchover mode disabled
  4957   300001                     	org	3145729
  4958   300001  02                 	db	2
  4959                           
  4960                           ;Config register CONFIG2L @ 0x300002
  4961                           ;	Power-up Timer Enable bit
  4962                           ;	PWRTEN = OFF, PWRT disabled
  4963                           ;	Brown-out Reset Enable bits
  4964                           ;	BOREN = SBORDIS, Brown-out Reset enabled in hardware only (SBOREN is disabled)
  4965                           ;	Brown Out Reset Voltage bits
  4966                           ;	BORV = 18, VBOR set to 1.8 V nominal
  4967   300002                     	org	3145730
  4968   300002  1F                 	db	31
  4969                           
  4970                           ;Config register CONFIG2H @ 0x300003
  4971                           ;	Watchdog Timer Enable bit
  4972                           ;	WDTEN = OFF, WDT is controlled by SWDTEN bit of the WDTCON register
  4973                           ;	Watchdog Timer Postscale Select bits
  4974                           ;	WDTPS = 32768, 1:32768
  4975   300003                     	org	3145731
  4976   300003  1E                 	db	30
  4977                           
  4978                           ; Padding undefined space
  4979   300004                     	org	3145732
  4980   300004  FF                 	db	255
  4981                           
  4982                           ;Config register CONFIG3H @ 0x300005
  4983                           ;	CCP2 MUX bit
  4984                           ;	CCP2MX = PORTC, CCP2 input/output is multiplexed with RC1
  4985                           ;	PORTB A/D Enable bit
  4986                           ;	PBADEN = ON, PORTB<4:0> pins are configured as analog input channels on Reset
  4987                           ;	Low-Power Timer1 Oscillator Enable bit
  4988                           ;	LPT1OSC = OFF, Timer1 configured for higher power operation
  4989                           ;	HFINTOSC Fast Start-up
  4990                           ;	HFOFST = ON, HFINTOSC starts clocking the CPU without waiting for the oscillator to st
      +                          ablize.
  4991                           ;	MCLR Pin Enable bit
  4992                           ;	MCLRE = ON, MCLR pin enabled; RE3 input pin disabled
  4993   300005                     	org	3145733
  4994   300005  8B                 	db	139
  4995                           
  4996                           ;Config register CONFIG4L @ 0x300006
  4997                           ;	Stack Full/Underflow Reset Enable bit
  4998                           ;	STVREN = ON, Stack full/underflow will cause Reset
  4999                           ;	Single-Supply ICSP Enable bit
  5000                           ;	LVP = ON, Single-Supply ICSP enabled
  5001                           ;	Extended Instruction Set Enable bit
  5002                           ;	XINST = OFF, Instruction set extension and Indexed Addressing mode disabled (Legacy mo
      +                          de)
  5003                           ;	Background Debugger Enable bit
  5004                           ;	DEBUG = OFF, Background debugger disabled, RB6 and RB7 configured as general purpose I
      +                          /O pins
  5005   300006                     	org	3145734
  5006   300006  85                 	db	133
  5007                           
  5008                           ; Padding undefined space
  5009   300007                     	org	3145735
  5010   300007  FF                 	db	255
  5011                           
  5012                           ;Config register CONFIG5L @ 0x300008
  5013                           ;	Code Protection Block 0
  5014                           ;	CP0 = OFF, Block 0 (000800-003FFFh) not code-protected
  5015                           ;	Code Protection Block 1
  5016                           ;	CP1 = OFF, Block 1 (004000-007FFFh) not code-protected
  5017                           ;	Code Protection Block 2
  5018                           ;	CP2 = OFF, Block 2 (008000-00BFFFh) not code-protected
  5019                           ;	Code Protection Block 3
  5020                           ;	CP3 = OFF, Block 3 (00C000-00FFFFh) not code-protected
  5021   300008                     	org	3145736
  5022   300008  0F                 	db	15
  5023                           
  5024                           ;Config register CONFIG5H @ 0x300009
  5025                           ;	Boot Block Code Protection bit
  5026                           ;	CPB = OFF, Boot block (000000-0007FFh) not code-protected
  5027                           ;	Data EEPROM Code Protection bit
  5028                           ;	CPD = OFF, Data EEPROM not code-protected
  5029   300009                     	org	3145737
  5030   300009  C0                 	db	192
  5031                           
  5032                           ;Config register CONFIG6L @ 0x30000A
  5033                           ;	Write Protection Block 0
  5034                           ;	WRT0 = OFF, Block 0 (000800-003FFFh) not write-protected
  5035                           ;	Write Protection Block 1
  5036                           ;	WRT1 = OFF, Block 1 (004000-007FFFh) not write-protected
  5037                           ;	Write Protection Block 2
  5038                           ;	WRT2 = OFF, Block 2 (008000-00BFFFh) not write-protected
  5039                           ;	Write Protection Block 3
  5040                           ;	WRT3 = OFF, Block 3 (00C000h-00FFFFh) not write-protected
  5041   30000A                     	org	3145738
  5042   30000A  0F                 	db	15
  5043                           
  5044                           ;Config register CONFIG6H @ 0x30000B
  5045                           ;	Configuration Register Write Protection bit
  5046                           ;	WRTC = OFF, Configuration registers (300000-3000FFh) not write-protected
  5047                           ;	Boot Block Write Protection bit
  5048                           ;	WRTB = OFF, Boot Block (000000-0007FFh) not write-protected
  5049                           ;	Data EEPROM Write Protection bit
  5050                           ;	WRTD = OFF, Data EEPROM not write-protected
  5051   30000B                     	org	3145739
  5052   30000B  E0                 	db	224
  5053                           
  5054                           ;Config register CONFIG7L @ 0x30000C
  5055                           ;	Table Read Protection Block 0
  5056                           ;	EBTR0 = OFF, Block 0 (000800-003FFFh) not protected from table reads executed in other
      +                           blocks
  5057                           ;	Table Read Protection Block 1
  5058                           ;	EBTR1 = OFF, Block 1 (004000-007FFFh) not protected from table reads executed in other
      +                           blocks
  5059                           ;	Table Read Protection Block 2
  5060                           ;	EBTR2 = OFF, Block 2 (008000-00BFFFh) not protected from table reads executed in other
      +                           blocks
  5061                           ;	Table Read Protection Block 3
  5062                           ;	EBTR3 = OFF, Block 3 (00C000-00FFFFh) not protected from table reads executed in other
      +                           blocks
  5063   30000C                     	org	3145740
  5064   30000C  0F                 	db	15
  5065                           
  5066                           ;Config register CONFIG7H @ 0x30000D
  5067                           ;	Boot Block Table Read Protection bit
  5068                           ;	EBTRB = OFF, Boot Block (000000-0007FFh) not protected from table reads executed in ot
      +                          her blocks
  5069   30000D                     	org	3145741
  5070   30000D  40                 	db	64
  5071                           tosu	equ	0xFFF
  5072                           tosh	equ	0xFFE
  5073                           tosl	equ	0xFFD
  5074                           stkptr	equ	0xFFC
  5075                           pclatu	equ	0xFFB
  5076                           pclath	equ	0xFFA
  5077                           pcl	equ	0xFF9
  5078                           tblptru	equ	0xFF8
  5079                           tblptrh	equ	0xFF7
  5080                           tblptrl	equ	0xFF6
  5081                           tablat	equ	0xFF5
  5082                           prodh	equ	0xFF4
  5083                           prodl	equ	0xFF3
  5084                           indf0	equ	0xFEF
  5085                           postinc0	equ	0xFEE
  5086                           postdec0	equ	0xFED
  5087                           preinc0	equ	0xFEC
  5088                           plusw0	equ	0xFEB
  5089                           fsr0h	equ	0xFEA
  5090                           fsr0l	equ	0xFE9
  5091                           wreg	equ	0xFE8
  5092                           indf1	equ	0xFE7
  5093                           postinc1	equ	0xFE6
  5094                           postdec1	equ	0xFE5
  5095                           preinc1	equ	0xFE4
  5096                           plusw1	equ	0xFE3
  5097                           fsr1h	equ	0xFE2
  5098                           fsr1l	equ	0xFE1
  5099                           bsr	equ	0xFE0
  5100                           indf2	equ	0xFDF
  5101                           postinc2	equ	0xFDE
  5102                           postdec2	equ	0xFDD
  5103                           preinc2	equ	0xFDC
  5104                           plusw2	equ	0xFDB
  5105                           fsr2h	equ	0xFDA
  5106                           fsr2l	equ	0xFD9
  5107                           status	equ	0xFD8

Data Sizes:
    Strings     8
    Constant    32
    Data        0
    BSS         63
    Persistent  7
    Stack       0

Auto Spaces:
    Space          Size  Autos    Used
    COMRAM           94     27      77
    BANK0           160     16      36
    BANK1           256      0       0
    BANK2           256      0       0
    BANK3           256      0       0
    BANK4           256      0       0
    BANK5           256      0       0
    BANK6           256      0       0
    BANK7           256      0       0
    BANK8           256      0       0
    BANK9           256      0       0
    BANK10          256      0       0
    BANK11          256      0       0
    BANK12          256      0       0
    BANK13          256      0       0
    BANK14          256      0       0
    BANK15           96      0       0

Pointer List with Targets:

    bufferBlock$data	PTR unsigned char  size(2) Largest target is 0

    cb$0	PTR void  size(2) Largest target is 5
		 -> I2C_Read1ByteRegister@returnValue(BANK0[1]), I2C_Read2ByteRegister@returnValue(COMRAM[2]), I2C_ReadDataBlock@bufferBlock(COMRAM[4]), I2C_Write1ByteRegister@data(BANK0[1]), 
		 -> I2C_Write2ByteRegister@data(COMRAM[2]), NULL(NULL[0]), 

    cb$0	PTR void  size(2) Largest target is 5
		 -> I2C_Read1ByteRegister@returnValue(BANK0[1]), I2C_Read2ByteRegister@returnValue(COMRAM[2]), I2C_ReadDataBlock@bufferBlock(COMRAM[4]), I2C_Write1ByteRegister@data(BANK0[1]), 
		 -> I2C_Write2ByteRegister@data(COMRAM[2]), NULL(NULL[0]), 

    EUSART_ErrorHandler	PTR FTN()void  size(2) Largest target is 1
		 -> EUSART_DefaultErrorHandler(), NULL(), 

    EUSART_FramingErrorHandler	PTR FTN()void  size(2) Largest target is 1
		 -> EUSART_DefaultFramingErrorHandler(), NULL(), 

    EUSART_OverrunErrorHandler	PTR FTN()void  size(2) Largest target is 1
		 -> EUSART_DefaultOverrunErrorHandler(), NULL(), 

    EUSART_SetErrorHandler@interruptHandler	PTR FTN()void  size(2) Largest target is 1
		 -> EUSART_DefaultErrorHandler(), 

    EUSART_SetFramingErrorHandler@interruptHandler	PTR FTN()void  size(2) Largest target is 1
		 -> EUSART_DefaultFramingErrorHandler(), 

    EUSART_SetOverrunErrorHandler@interruptHandler	PTR FTN()void  size(2) Largest target is 1
		 -> EUSART_DefaultOverrunErrorHandler(), 

    I2C_CallbackReturnReset@funPtr	PTR void  size(2) Largest target is 5
		 -> I2C_Read1ByteRegister@returnValue(BANK0[1]), I2C_Read2ByteRegister@returnValue(COMRAM[2]), I2C_ReadDataBlock@bufferBlock(COMRAM[4]), I2C_Write1ByteRegister@data(BANK0[1]), 
		 -> I2C_Write2ByteRegister@data(COMRAM[2]), NULL(NULL[0]), 

    I2C_CallbackReturnStop@funPtr	PTR void  size(2) Largest target is 5
		 -> I2C_Read1ByteRegister@returnValue(BANK0[1]), I2C_Read2ByteRegister@returnValue(COMRAM[2]), I2C_ReadDataBlock@bufferBlock(COMRAM[4]), I2C_Write1ByteRegister@data(BANK0[1]), 
		 -> I2C_Write2ByteRegister@data(COMRAM[2]), NULL(NULL[0]), 

    I2C_DO_RX$2294	PTR FTN(PTR void ,)enum E363 size(2) Largest target is 1
		 -> I2C_CallbackReturnReset(), I2C_CallbackReturnStop(), rd1RegCompleteHandler(), rd2RegCompleteHandler(), 
		 -> rdBlkRegCompleteHandler(), wr1RegCompleteHandler(), wr2RegCompleteHandler(), NULL(), 

    I2C_DO_RX$2294$0	PTR void  size(2) Largest target is 5
		 -> I2C_Read1ByteRegister@returnValue(BANK0[1]), I2C_Read2ByteRegister@returnValue(COMRAM[2]), I2C_ReadDataBlock@bufferBlock(COMRAM[4]), I2C_Write1ByteRegister@data(BANK0[1]), 
		 -> I2C_Write2ByteRegister@data(COMRAM[2]), NULL(NULL[0]), 

    I2C_DO_RX$2299	PTR void  size(2) Largest target is 5
		 -> I2C_Read1ByteRegister@returnValue(BANK0[1]), I2C_Read2ByteRegister@returnValue(COMRAM[2]), I2C_ReadDataBlock@bufferBlock(COMRAM[4]), I2C_Write1ByteRegister@data(BANK0[1]), 
		 -> I2C_Write2ByteRegister@data(COMRAM[2]), NULL(NULL[0]), 

    I2C_DO_RX_EMPTY$2306$0	PTR void  size(2) Largest target is 5
		 -> I2C_Read1ByteRegister@returnValue(BANK0[1]), I2C_Read2ByteRegister@returnValue(COMRAM[2]), I2C_ReadDataBlock@bufferBlock(COMRAM[4]), I2C_Write1ByteRegister@data(BANK0[1]), 
		 -> I2C_Write2ByteRegister@data(COMRAM[2]), NULL(NULL[0]), 

    I2C_DO_TX$2288	PTR FTN(PTR void ,)enum E363 size(2) Largest target is 1
		 -> I2C_CallbackReturnReset(), I2C_CallbackReturnStop(), rd1RegCompleteHandler(), rd2RegCompleteHandler(), 
		 -> rdBlkRegCompleteHandler(), wr1RegCompleteHandler(), wr2RegCompleteHandler(), NULL(), 

    I2C_DO_TX$2288$0	PTR void  size(2) Largest target is 5
		 -> I2C_Read1ByteRegister@returnValue(BANK0[1]), I2C_Read2ByteRegister@returnValue(COMRAM[2]), I2C_ReadDataBlock@bufferBlock(COMRAM[4]), I2C_Write1ByteRegister@data(BANK0[1]), 
		 -> I2C_Write2ByteRegister@data(COMRAM[2]), NULL(NULL[0]), 

    I2C_DO_TX$2293	PTR void  size(2) Largest target is 5
		 -> I2C_Read1ByteRegister@returnValue(BANK0[1]), I2C_Read2ByteRegister@returnValue(COMRAM[2]), I2C_ReadDataBlock@bufferBlock(COMRAM[4]), I2C_Write1ByteRegister@data(BANK0[1]), 
		 -> I2C_Write2ByteRegister@data(COMRAM[2]), NULL(NULL[0]), 

    I2C_DO_TX_EMPTY$2300	PTR FTN(PTR void ,)enum E363 size(2) Largest target is 1
		 -> I2C_CallbackReturnReset(), I2C_CallbackReturnStop(), rd1RegCompleteHandler(), rd2RegCompleteHandler(), 
		 -> rdBlkRegCompleteHandler(), wr1RegCompleteHandler(), wr2RegCompleteHandler(), NULL(), 

    I2C_DO_TX_EMPTY$2300$0	PTR void  size(2) Largest target is 5
		 -> I2C_Read1ByteRegister@returnValue(BANK0[1]), I2C_Read2ByteRegister@returnValue(COMRAM[2]), I2C_ReadDataBlock@bufferBlock(COMRAM[4]), I2C_Write1ByteRegister@data(BANK0[1]), 
		 -> I2C_Write2ByteRegister@data(COMRAM[2]), NULL(NULL[0]), 

    I2C_DO_TX_EMPTY$2305	PTR void  size(2) Largest target is 5
		 -> I2C_Read1ByteRegister@returnValue(BANK0[1]), I2C_Read2ByteRegister@returnValue(COMRAM[2]), I2C_ReadDataBlock@bufferBlock(COMRAM[4]), I2C_Write1ByteRegister@data(BANK0[1]), 
		 -> I2C_Write2ByteRegister@data(COMRAM[2]), NULL(NULL[0]), 

    i2c_fsmStateTable	const PTR FTN()enum E3134[16] size(2) Largest target is 1
		 -> I2C_DO_ADDRESS_NACK(), I2C_DO_IDLE(), I2C_DO_RCEN(), I2C_DO_RESET(), 
		 -> I2C_DO_RX(), I2C_DO_RX_ACK(), I2C_DO_RX_NACK_RESTART(), I2C_DO_RX_NACK_STOP(), 
		 -> I2C_DO_SEND_ADR_READ(), I2C_DO_SEND_ADR_WRITE(), I2C_DO_SEND_RESTART(), I2C_DO_SEND_RESTART_READ(), 
		 -> I2C_DO_SEND_RESTART_WRITE(), I2C_DO_SEND_STOP(), I2C_DO_TX(), I2C_DO_TX_EMPTY(), 

    I2C_MasterFsm$2287	const PTR FTN()enum E3134 size(2) Largest target is 1
		 -> I2C_DO_ADDRESS_NACK(), I2C_DO_IDLE(), I2C_DO_RCEN(), I2C_DO_RESET(), 
		 -> I2C_DO_RX(), I2C_DO_RX_ACK(), I2C_DO_RX_NACK_RESTART(), I2C_DO_RX_NACK_STOP(), 
		 -> I2C_DO_SEND_ADR_READ(), I2C_DO_SEND_ADR_WRITE(), I2C_DO_SEND_RESTART(), I2C_DO_SEND_RESTART_READ(), 
		 -> I2C_DO_SEND_RESTART_WRITE(), I2C_DO_SEND_STOP(), I2C_DO_TX(), I2C_DO_TX_EMPTY(), 

    I2C_Read1ByteRegister@returnValue$data	PTR unsigned char  size(2) Largest target is 0

    I2C_Read2ByteRegister@returnValue$data	PTR unsigned char  size(2) Largest target is 0

    I2C_SetAddressNackCallback@cb	PTR FTN(PTR void ,)enum E363 size(2) Largest target is 1
		 -> NULL(), 

    I2C_SetAddressNackCallback@ptr	PTR void  size(2) Largest target is 0
		 -> NULL(NULL[0]), 

    I2C_SetBuffer@buffer	PTR void  size(2) Largest target is 5
		 -> I2C_Read1ByteRegister@reg(BANK0[1]), I2C_Read1ByteRegister@returnValue(BANK0[1]), I2C_Read2ByteRegister@reg(COMRAM[1]), I2C_Read2ByteRegister@returnValue(COMRAM[2]), 
		 -> I2C_ReadDataBlock@bufferBlock(COMRAM[4]), I2C_ReadDataBlock@reg(COMRAM[1]), I2C_Write1ByteRegister@data(BANK0[1]), I2C_Write1ByteRegister@reg(BANK0[1]), 
		 -> I2C_Write2ByteRegister@data(COMRAM[2]), I2C_Write2ByteRegister@reg(COMRAM[1]), NULL(NULL[0]), 

    I2C_SetCallback@cb	PTR FTN(PTR void ,)enum E363 size(2) Largest target is 1
		 -> rd1RegCompleteHandler(), rd2RegCompleteHandler(), rdBlkRegCompleteHandler(), wr1RegCompleteHandler(), 
		 -> wr2RegCompleteHandler(), NULL(), 

    I2C_SetCallback@ptr	PTR void  size(2) Largest target is 5
		 -> I2C_Read1ByteRegister@returnValue(BANK0[1]), I2C_Read2ByteRegister@returnValue(COMRAM[2]), I2C_ReadDataBlock@bufferBlock(COMRAM[4]), I2C_Write1ByteRegister@data(BANK0[1]), 
		 -> I2C_Write2ByteRegister@data(COMRAM[2]), NULL(NULL[0]), 

    I2C_SetDataCompleteCallback@cb	PTR FTN(PTR void ,)enum E363 size(2) Largest target is 1
		 -> rd1RegCompleteHandler(), rd2RegCompleteHandler(), rdBlkRegCompleteHandler(), wr1RegCompleteHandler(), 
		 -> wr2RegCompleteHandler(), NULL(), 

    I2C_SetDataCompleteCallback@ptr	PTR void  size(2) Largest target is 5
		 -> I2C_Read1ByteRegister@returnValue(BANK0[1]), I2C_Read2ByteRegister@returnValue(COMRAM[2]), I2C_ReadDataBlock@bufferBlock(COMRAM[4]), I2C_Write1ByteRegister@data(BANK0[1]), 
		 -> I2C_Write2ByteRegister@data(COMRAM[2]), NULL(NULL[0]), 

    I2C_SetInterruptHandler@InterruptHandler	PTR FTN()void  size(2) Largest target is 1
		 -> I2C_MasterIsr(), 

    I2C_Status$callbackPayload	PTR void [6] size(2) Largest target is 5
		 -> I2C_Read1ByteRegister@returnValue(BANK0[1]), I2C_Read2ByteRegister@returnValue(COMRAM[2]), I2C_ReadDataBlock@bufferBlock(COMRAM[4]), I2C_Write1ByteRegister@data(BANK0[1]), 
		 -> I2C_Write2ByteRegister@data(COMRAM[2]), NULL(NULL[0]), 

    I2C_Status$callbackTable	PTR FTN(PTR void ,)enum E363[6] size(2) Largest target is 1
		 -> I2C_CallbackReturnReset(), I2C_CallbackReturnStop(), rd1RegCompleteHandler(), rd2RegCompleteHandler(), 
		 -> rdBlkRegCompleteHandler(), wr1RegCompleteHandler(), wr2RegCompleteHandler(), NULL(), 

    I2C_Status$data_ptr	PTR unsigned char  size(2) Largest target is 5
		 -> bufferBlock$data(COMRAM[3]), I2C_Read1ByteRegister@reg(BANK0[1]), I2C_Read1ByteRegister@returnValue(BANK0[1]), I2C_Read1ByteRegister@returnValue$data(COMRAM[3]), 
		 -> I2C_Read2ByteRegister@reg(COMRAM[1]), I2C_Read2ByteRegister@returnValue(COMRAM[2]), I2C_Read2ByteRegister@returnValue$data(COMRAM[3]), I2C_ReadDataBlock@bufferBlock(COMRAM[4]), 
		 -> I2C_ReadDataBlock@reg(COMRAM[1]), I2C_Write1ByteRegister@data(BANK0[1]), I2C_Write1ByteRegister@data$data(COMRAM[3]), I2C_Write1ByteRegister@reg(BANK0[1]), 
		 -> I2C_Write2ByteRegister@data(COMRAM[2]), I2C_Write2ByteRegister@data$data(COMRAM[3]), I2C_Write2ByteRegister@reg(COMRAM[1]), NULL(NULL[0]), 

    I2C_Write1ByteRegister@data$data	PTR unsigned char  size(2) Largest target is 0

    I2C_Write2ByteRegister@data$data	PTR unsigned char  size(2) Largest target is 0

    MSSP_InterruptHandler	PTR FTN()void  size(2) Largest target is 1
		 -> I2C_MasterIsr(), NULL(), 

    NULL$0	PTR void  size(2) Largest target is 5
		 -> I2C_Read1ByteRegister@returnValue(BANK0[1]), I2C_Read2ByteRegister@returnValue(COMRAM[2]), I2C_ReadDataBlock@bufferBlock(COMRAM[4]), I2C_Write1ByteRegister@data(BANK0[1]), 
		 -> I2C_Write2ByteRegister@data(COMRAM[2]), NULL(NULL[0]), 

    rd1RegCompleteHandler@ptr	PTR void  size(2) Largest target is 5
		 -> I2C_Read1ByteRegister@returnValue(BANK0[1]), I2C_Read2ByteRegister@returnValue(COMRAM[2]), I2C_ReadDataBlock@bufferBlock(COMRAM[4]), I2C_Write1ByteRegister@data(BANK0[1]), 
		 -> I2C_Write2ByteRegister@data(COMRAM[2]), NULL(NULL[0]), 

    rd2RegCompleteHandler@ptr	PTR void  size(2) Largest target is 5
		 -> I2C_Read1ByteRegister@returnValue(BANK0[1]), I2C_Read2ByteRegister@returnValue(COMRAM[2]), I2C_ReadDataBlock@bufferBlock(COMRAM[4]), I2C_Write1ByteRegister@data(BANK0[1]), 
		 -> I2C_Write2ByteRegister@data(COMRAM[2]), NULL(NULL[0]), 

    rdBlkRegCompleteHandler@ptr	PTR void  size(2) Largest target is 5
		 -> I2C_Read1ByteRegister@returnValue(BANK0[1]), I2C_Read2ByteRegister@returnValue(COMRAM[2]), I2C_ReadDataBlock@bufferBlock(COMRAM[4]), I2C_Write1ByteRegister@data(BANK0[1]), 
		 -> I2C_Write2ByteRegister@data(COMRAM[2]), NULL(NULL[0]), 

    rdBlkRegCompleteHandler@ptr$data	PTR unsigned char  size(2) Largest target is 0

    S162$data	PTR unsigned char  size(2) Largest target is 0

    S316$0$0	PTR void  size(2) Largest target is 5
		 -> I2C_Read1ByteRegister@returnValue(BANK0[1]), I2C_Read2ByteRegister@returnValue(COMRAM[2]), I2C_ReadDataBlock@bufferBlock(COMRAM[4]), I2C_Write1ByteRegister@data(BANK0[1]), 
		 -> I2C_Write2ByteRegister@data(COMRAM[2]), NULL(NULL[0]), 

    S316$callbackPayload	PTR void [6] size(2) Largest target is 5
		 -> I2C_Read1ByteRegister@returnValue(BANK0[1]), I2C_Read2ByteRegister@returnValue(COMRAM[2]), I2C_ReadDataBlock@bufferBlock(COMRAM[4]), I2C_Write1ByteRegister@data(BANK0[1]), 
		 -> I2C_Write2ByteRegister@data(COMRAM[2]), NULL(NULL[0]), 

    S316$callbackTable	PTR FTN(PTR void ,)enum E363[6] size(2) Largest target is 1
		 -> I2C_CallbackReturnReset(), I2C_CallbackReturnStop(), rd1RegCompleteHandler(), rd2RegCompleteHandler(), 
		 -> rdBlkRegCompleteHandler(), wr1RegCompleteHandler(), wr2RegCompleteHandler(), NULL(), 

    S316$data_ptr	PTR unsigned char  size(2) Largest target is 5
		 -> I2C_Read1ByteRegister@reg(BANK0[1]), I2C_Read1ByteRegister@returnValue(BANK0[1]), I2C_Read2ByteRegister@reg(COMRAM[1]), I2C_Read2ByteRegister@returnValue(COMRAM[2]), 
		 -> I2C_ReadDataBlock@bufferBlock(COMRAM[4]), I2C_ReadDataBlock@reg(COMRAM[1]), I2C_Write1ByteRegister@data(BANK0[1]), I2C_Write1ByteRegister@reg(BANK0[1]), 
		 -> I2C_Write2ByteRegister@data(COMRAM[2]), I2C_Write2ByteRegister@reg(COMRAM[1]), NULL(NULL[0]), 

    wr1RegCompleteHandler@ptr	PTR void  size(2) Largest target is 5
		 -> I2C_Read1ByteRegister@returnValue(BANK0[1]), I2C_Read2ByteRegister@returnValue(COMRAM[2]), I2C_ReadDataBlock@bufferBlock(COMRAM[4]), I2C_Write1ByteRegister@data(BANK0[1]), 
		 -> I2C_Write2ByteRegister@data(COMRAM[2]), NULL(NULL[0]), 

    wr2RegCompleteHandler@ptr	PTR void  size(2) Largest target is 5
		 -> I2C_Read1ByteRegister@returnValue(BANK0[1]), I2C_Read2ByteRegister@returnValue(COMRAM[2]), I2C_ReadDataBlock@bufferBlock(COMRAM[4]), I2C_Write1ByteRegister@data(BANK0[1]), 
		 -> I2C_Write2ByteRegister@data(COMRAM[2]), NULL(NULL[0]), 


Critical Paths under _main in COMRAM

    None.

Critical Paths under _INTERRUPT_InterruptManager in COMRAM

    _I2C_MasterIsr->_I2C_MasterFsm
    _I2C_MasterFsm->_I2C_DO_ADDRESS_NACK
    _I2C_MasterFsm->_I2C_DO_RX
    _I2C_MasterFsm->_I2C_DO_TX
    _I2C_MasterFsm->_I2C_DO_TX_EMPTY
    _I2C_DO_TX_EMPTY->_rdBlkRegCompleteHandler
    _I2C_DO_TX->_rdBlkRegCompleteHandler
    _I2C_DO_SEND_ADR_WRITE->_I2C_MasterSendTxData
    _I2C_DO_RX->_rdBlkRegCompleteHandler
    _I2C_DO_ADDRESS_NACK->_rdBlkRegCompleteHandler
    _wr2RegCompleteHandler->i2_I2C_SetDataCompleteCallback
    _wr1RegCompleteHandler->i2_I2C_SetDataCompleteCallback
    _rdBlkRegCompleteHandler->i2_I2C_SetDataCompleteCallback
    _rd2RegCompleteHandler->i2_I2C_SetDataCompleteCallback
    _rd1RegCompleteHandler->i2_I2C_SetDataCompleteCallback
    i2_I2C_SetDataCompleteCallback->i2_I2C_SetCallback

Critical Paths under _main in BANK0

    _main->_TempSensor_TC74_Read_Temp
    _TempSensor_TC74_Read_Temp->_I2C_Read1ByteRegister
    _I2C_Read1ByteRegister->_I2C_SetAddressNackCallback
    _I2C_Read1ByteRegister->_I2C_SetDataCompleteCallback
    _EUSART_Initialize->_EUSART_SetErrorHandler
    _EUSART_Initialize->_EUSART_SetFramingErrorHandler
    _EUSART_Initialize->_EUSART_SetOverrunErrorHandler
    _I2C_Write1ByteRegister->_I2C_SetAddressNackCallback
    _I2C_Write1ByteRegister->_I2C_SetDataCompleteCallback
    _I2C_SetDataCompleteCallback->_I2C_SetCallback
    _I2C_SetAddressNackCallback->_I2C_SetCallback
    _I2C_Open->_I2C_SetInterruptHandler
    _I2C_MasterWrite->_I2C_MasterOperation

Critical Paths under _INTERRUPT_InterruptManager in BANK0

    None.

Critical Paths under _main in BANK1

    None.

Critical Paths under _INTERRUPT_InterruptManager in BANK1

    None.

Critical Paths under _main in BANK2

    None.

Critical Paths under _INTERRUPT_InterruptManager in BANK2

    None.

Critical Paths under _main in BANK3

    None.

Critical Paths under _INTERRUPT_InterruptManager in BANK3

    None.

Critical Paths under _main in BANK4

    None.

Critical Paths under _INTERRUPT_InterruptManager in BANK4

    None.

Critical Paths under _main in BANK5

    None.

Critical Paths under _INTERRUPT_InterruptManager in BANK5

    None.

Critical Paths under _main in BANK6

    None.

Critical Paths under _INTERRUPT_InterruptManager in BANK6

    None.

Critical Paths under _main in BANK7

    None.

Critical Paths under _INTERRUPT_InterruptManager in BANK7

    None.

Critical Paths under _main in BANK8

    None.

Critical Paths under _INTERRUPT_InterruptManager in BANK8

    None.

Critical Paths under _main in BANK9

    None.

Critical Paths under _INTERRUPT_InterruptManager in BANK9

    None.

Critical Paths under _main in BANK10

    None.

Critical Paths under _INTERRUPT_InterruptManager in BANK10

    None.

Critical Paths under _main in BANK11

    None.

Critical Paths under _INTERRUPT_InterruptManager in BANK11

    None.

Critical Paths under _main in BANK12

    None.

Critical Paths under _INTERRUPT_InterruptManager in BANK12

    None.

Critical Paths under _main in BANK13

    None.

Critical Paths under _INTERRUPT_InterruptManager in BANK13

    None.

Critical Paths under _main in BANK14

    None.

Critical Paths under _INTERRUPT_InterruptManager in BANK14

    None.

Critical Paths under _main in BANK15

    None.

Critical Paths under _INTERRUPT_InterruptManager in BANK15

    None.

Call Graph Tables:

 ---------------------------------------------------------------------------------
 (Depth) Function   	        Calls       Base Space   Used Autos Params    Refs
 ---------------------------------------------------------------------------------
 (0) _main                                                 2     2      0   15817
                                             14 BANK0      2     2      0
             _I2C_Write1ByteRegister
                  _SYSTEM_Initialize
          _TempSensor_TC74_Read_Temp
 ---------------------------------------------------------------------------------
 (1) _TempSensor_TC74_Read_Temp                            2     2      0    7958
                                             12 BANK0      2     2      0
              _I2C_Read1ByteRegister
 ---------------------------------------------------------------------------------
 (2) _I2C_Read1ByteRegister                                3     2      1    7890
                                              9 BANK0      3     2      1
                          _I2C_Close
                    _I2C_MasterWrite
                           _I2C_Open
         _I2C_SetAddressNackCallback
                      _I2C_SetBuffer
        _I2C_SetDataCompleteCallback
 ---------------------------------------------------------------------------------
 (1) _SYSTEM_Initialize                                    0     0      0     363
                  _EUSART_Initialize
                     _I2C_Initialize
               _INTERRUPT_Initialize
              _OSCILLATOR_Initialize
             _PIN_MANAGER_Initialize
 ---------------------------------------------------------------------------------
 (2) _PIN_MANAGER_Initialize                               0     0      0       0
 ---------------------------------------------------------------------------------
 (2) _OSCILLATOR_Initialize                                0     0      0       0
 ---------------------------------------------------------------------------------
 (2) _INTERRUPT_Initialize                                 0     0      0       0
 ---------------------------------------------------------------------------------
 (2) _I2C_Initialize                                       0     0      0       0
 ---------------------------------------------------------------------------------
 (2) _EUSART_Initialize                                    0     0      0     363
             _EUSART_SetErrorHandler
      _EUSART_SetFramingErrorHandler
      _EUSART_SetOverrunErrorHandler
 ---------------------------------------------------------------------------------
 (3) _EUSART_SetOverrunErrorHandler                        2     0      2     121
                                              0 BANK0      2     0      2
 ---------------------------------------------------------------------------------
 (3) _EUSART_SetFramingErrorHandler                        2     0      2     121
                                              0 BANK0      2     0      2
 ---------------------------------------------------------------------------------
 (3) _EUSART_SetErrorHandler                               2     0      2     121
                                              0 BANK0      2     0      2
 ---------------------------------------------------------------------------------
 (1) _I2C_Write1ByteRegister                               3     1      2    7496
                                              9 BANK0      3     1      2
                          _I2C_Close
                    _I2C_MasterWrite
                           _I2C_Open
         _I2C_SetAddressNackCallback
                      _I2C_SetBuffer
        _I2C_SetDataCompleteCallback
 ---------------------------------------------------------------------------------
 (3) _I2C_SetDataCompleteCallback                          4     0      4    2629
                                              5 BANK0      4     0      4
                    _I2C_SetCallback
 ---------------------------------------------------------------------------------
 (3) _I2C_SetBuffer                                        4     0      4    1872
                                              0 BANK0      4     0      4
 ---------------------------------------------------------------------------------
 (3) _I2C_SetAddressNackCallback                           4     0      4    2259
                                              5 BANK0      4     0      4
                    _I2C_SetCallback
 ---------------------------------------------------------------------------------
 (4) _I2C_SetCallback                                      5     1      4    1117
                                              0 BANK0      5     1      4
 ---------------------------------------------------------------------------------
 (3) _I2C_Open                                             2     2      0     189
                                              2 BANK0      2     2      0
                 _I2C_MasterClearIrq
                _I2C_MasterEnableIrq
                     _I2C_MasterOpen
            _I2C_SetInterruptHandler
 ---------------------------------------------------------------------------------
 (4) _I2C_SetInterruptHandler                              2     0      2     121
                                              0 BANK0      2     0      2
 ---------------------------------------------------------------------------------
 (4) _I2C_MasterOpen                                       0     0      0       0
 ---------------------------------------------------------------------------------
 (4) _I2C_MasterEnableIrq                                  0     0      0       0
 ---------------------------------------------------------------------------------
 (3) _I2C_MasterWrite                                      0     0      0      46
                _I2C_MasterOperation
 ---------------------------------------------------------------------------------
 (4) _I2C_MasterOperation                                  2     2      0      46
                                              0 BANK0      2     2      0
                    _I2C_MasterStart
 ---------------------------------------------------------------------------------
 (5) _I2C_MasterStart                                      0     0      0       0
 ---------------------------------------------------------------------------------
 (3) _I2C_Close                                            1     1      0      24
                                              0 BANK0      1     1      0
                 _I2C_MasterClearIrq
                    _I2C_MasterClose
               _I2C_MasterDisableIrq
 ---------------------------------------------------------------------------------
 (4) _I2C_MasterDisableIrq                                 0     0      0       0
 ---------------------------------------------------------------------------------
 (4) _I2C_MasterClose                                      0     0      0       0
 ---------------------------------------------------------------------------------
 (4) _I2C_MasterClearIrq                                   0     0      0       0
 ---------------------------------------------------------------------------------
 Estimated maximum stack depth 5
 ---------------------------------------------------------------------------------
 (Depth) Function   	        Calls       Base Space   Used Autos Params    Refs
 ---------------------------------------------------------------------------------
 (6) _INTERRUPT_InterruptManager                          10    10      0   24130
                                             17 COMRAM    10    10      0
                                NULL *
                      _I2C_MasterIsr *
 ---------------------------------------------------------------------------------
 (7) _I2C_MasterIsr                                        0     0      0   24130
                      _I2C_MasterFsm
 ---------------------------------------------------------------------------------
 (8) _I2C_MasterFsm                                        3     3      0   24130
                                             14 COMRAM     3     3      0
                _I2C_DO_ADDRESS_NACK *
                        _I2C_DO_IDLE *
                        _I2C_DO_RCEN *
                       _I2C_DO_RESET *
                          _I2C_DO_RX *
                      _I2C_DO_RX_ACK *
             _I2C_DO_RX_NACK_RESTART *
                _I2C_DO_RX_NACK_STOP *
               _I2C_DO_SEND_ADR_READ *
              _I2C_DO_SEND_ADR_WRITE *
                _I2C_DO_SEND_RESTART *
           _I2C_DO_SEND_RESTART_READ *
          _I2C_DO_SEND_RESTART_WRITE *
                   _I2C_DO_SEND_STOP *
                          _I2C_DO_TX *
                    _I2C_DO_TX_EMPTY *
                   _I2C_MasterIsNack
               i2_I2C_MasterClearIrq
 ---------------------------------------------------------------------------------
 (9) i2_I2C_MasterClearIrq                                 0     0      0       0
 ---------------------------------------------------------------------------------
 (9) _I2C_DO_TX_EMPTY                                      2     2      0    6016
                                             12 COMRAM     2     2      0
                                NULL *
            _I2C_CallbackReturnReset *
             _I2C_CallbackReturnStop *
                _I2C_DO_SEND_RESTART
                   _I2C_DO_SEND_STOP
                   _I2C_MasterSetIrq
              _rd1RegCompleteHandler *
              _rd2RegCompleteHandler *
            _rdBlkRegCompleteHandler *
              _wr1RegCompleteHandler *
              _wr2RegCompleteHandler *
 ---------------------------------------------------------------------------------
 (10) _I2C_MasterSetIrq                                    0     0      0       0
 ---------------------------------------------------------------------------------
 (9) _I2C_DO_TX                                            2     2      0    6038
                                             12 COMRAM     2     2      0
                                NULL *
            _I2C_CallbackReturnReset *
             _I2C_CallbackReturnStop *
           _I2C_DO_SEND_RESTART_READ
          _I2C_DO_SEND_RESTART_WRITE
                   _I2C_DO_SEND_STOP
                   _I2C_MasterIsNack
               _I2C_MasterSendTxData
              _rd1RegCompleteHandler *
              _rd2RegCompleteHandler *
            _rdBlkRegCompleteHandler *
              _wr1RegCompleteHandler *
              _wr2RegCompleteHandler *
 ---------------------------------------------------------------------------------
 (9) _I2C_MasterIsNack                                     0     0      0       0
 ---------------------------------------------------------------------------------
 (10) _I2C_DO_SEND_RESTART_WRITE                           0     0      0       0
            _I2C_MasterEnableRestart
 ---------------------------------------------------------------------------------
 (10) _I2C_DO_SEND_RESTART_READ                            0     0      0       0
            _I2C_MasterEnableRestart
 ---------------------------------------------------------------------------------
 (9) _I2C_DO_SEND_ADR_WRITE                                0     0      0      22
               _I2C_MasterSendTxData
 ---------------------------------------------------------------------------------
 (9) _I2C_DO_SEND_ADR_READ                                 0     0      0      22
               _I2C_MasterSendTxData
 ---------------------------------------------------------------------------------
 (10) _I2C_MasterSendTxData                                1     1      0      22
                                              0 COMRAM     1     1      0
 ---------------------------------------------------------------------------------
 (9) _I2C_DO_RX_ACK                                        0     0      0       0
                  _I2C_MasterSendAck
 ---------------------------------------------------------------------------------
 (9) _I2C_DO_RX                                            2     2      0    6016
                                             12 COMRAM     2     2      0
                                NULL *
            _I2C_CallbackReturnReset *
             _I2C_CallbackReturnStop *
             _I2C_DO_RX_NACK_RESTART
                _I2C_DO_RX_NACK_STOP
                _I2C_MasterGetRxData
                  _I2C_MasterSendAck
              _rd1RegCompleteHandler *
              _rd2RegCompleteHandler *
            _rdBlkRegCompleteHandler *
              _wr1RegCompleteHandler *
              _wr2RegCompleteHandler *
 ---------------------------------------------------------------------------------
 (10) _I2C_MasterSendAck                                   0     0      0       0
 ---------------------------------------------------------------------------------
 (10) _I2C_MasterGetRxData                                 0     0      0       0
 ---------------------------------------------------------------------------------
 (9) _I2C_DO_RX_NACK_STOP                                  0     0      0       0
                 _I2C_MasterSendNack
 ---------------------------------------------------------------------------------
 (9) _I2C_DO_RX_NACK_RESTART                               0     0      0       0
                 _I2C_MasterSendNack
 ---------------------------------------------------------------------------------
 (10) _I2C_MasterSendNack                                  0     0      0       0
 ---------------------------------------------------------------------------------
 (9) _I2C_DO_RESET                                         0     0      0       0
 ---------------------------------------------------------------------------------
 (9) _I2C_DO_RCEN                                          0     0      0       0
                  _I2C_MasterStartRx
 ---------------------------------------------------------------------------------
 (10) _I2C_MasterStartRx                                   0     0      0       0
 ---------------------------------------------------------------------------------
 (9) _I2C_DO_IDLE                                          0     0      0       0
 ---------------------------------------------------------------------------------
 (9) _I2C_DO_ADDRESS_NACK                                  2     2      0    6016
                                             12 COMRAM     2     2      0
                                NULL *
            _I2C_CallbackReturnReset *
             _I2C_CallbackReturnStop *
                _I2C_DO_SEND_RESTART
                   _I2C_DO_SEND_STOP
              _rd1RegCompleteHandler *
              _rd2RegCompleteHandler *
            _rdBlkRegCompleteHandler *
              _wr1RegCompleteHandler *
              _wr2RegCompleteHandler *
 ---------------------------------------------------------------------------------
 (10) _wr2RegCompleteHandler                               2     0      2    1142
                                              9 COMRAM     2     0      2
                    i2_I2C_SetBuffer
      i2_I2C_SetDataCompleteCallback
 ---------------------------------------------------------------------------------
 (10) _wr1RegCompleteHandler                               2     0      2    1142
                                              9 COMRAM     2     0      2
                    i2_I2C_SetBuffer
      i2_I2C_SetDataCompleteCallback
 ---------------------------------------------------------------------------------
 (10) _rdBlkRegCompleteHandler                             3     1      2    1173
                                              9 COMRAM     3     1      2
                    i2_I2C_SetBuffer
      i2_I2C_SetDataCompleteCallback
 ---------------------------------------------------------------------------------
 (10) _rd2RegCompleteHandler                               2     0      2    1142
                                              9 COMRAM     2     0      2
                    i2_I2C_SetBuffer
      i2_I2C_SetDataCompleteCallback
 ---------------------------------------------------------------------------------
 (10) _rd1RegCompleteHandler                               2     0      2    1142
                                              9 COMRAM     2     0      2
                    i2_I2C_SetBuffer
      i2_I2C_SetDataCompleteCallback
 ---------------------------------------------------------------------------------
 (11) i2_I2C_SetDataCompleteCallback                       4     0      4     699
                                              5 COMRAM     4     0      4
                  i2_I2C_SetCallback
 ---------------------------------------------------------------------------------
 (12) i2_I2C_SetCallback                                   5     1      4     287
                                              0 COMRAM     5     1      4
 ---------------------------------------------------------------------------------
 (11) i2_I2C_SetBuffer                                     4     0      4     412
                                              0 COMRAM     4     0      4
 ---------------------------------------------------------------------------------
 (10) _I2C_DO_SEND_STOP                                    0     0      0       0
                     _I2C_MasterStop
 ---------------------------------------------------------------------------------
 (11) _I2C_MasterStop                                      0     0      0       0
 ---------------------------------------------------------------------------------
 (10) _I2C_DO_SEND_RESTART                                 0     0      0       0
            _I2C_MasterEnableRestart
 ---------------------------------------------------------------------------------
 (11) _I2C_MasterEnableRestart                             0     0      0       0
 ---------------------------------------------------------------------------------
 (10) _I2C_CallbackReturnStop                              2     0      2       0
                                              9 COMRAM     2     0      2
 ---------------------------------------------------------------------------------
 (10) _I2C_CallbackReturnReset                             2     0      2     275
                                              9 COMRAM     2     0      2
 ---------------------------------------------------------------------------------
 (10) NULL(Fake)                                           2     0      2       0
 ---------------------------------------------------------------------------------
 Estimated maximum stack depth 12
 ---------------------------------------------------------------------------------

 Call Graph Graphs:

 _main (ROOT)
   _I2C_Write1ByteRegister
     _I2C_Close
       _I2C_MasterClearIrq
       _I2C_MasterClose
       _I2C_MasterDisableIrq
     _I2C_MasterWrite
       _I2C_MasterOperation
         _I2C_MasterStart
     _I2C_Open
       _I2C_MasterClearIrq
       _I2C_MasterEnableIrq
       _I2C_MasterOpen
       _I2C_SetInterruptHandler
     _I2C_SetAddressNackCallback
       _I2C_SetCallback
     _I2C_SetBuffer
     _I2C_SetDataCompleteCallback
       _I2C_SetCallback
   _SYSTEM_Initialize
     _EUSART_Initialize
       _EUSART_SetErrorHandler
       _EUSART_SetFramingErrorHandler
       _EUSART_SetOverrunErrorHandler
     _I2C_Initialize
     _INTERRUPT_Initialize
     _OSCILLATOR_Initialize
     _PIN_MANAGER_Initialize
   _TempSensor_TC74_Read_Temp
     _I2C_Read1ByteRegister
       _I2C_Close
       _I2C_MasterWrite
       _I2C_Open
       _I2C_SetAddressNackCallback
       _I2C_SetBuffer
       _I2C_SetDataCompleteCallback

 _INTERRUPT_InterruptManager (ROOT)
   NULL(Fake) *
   _I2C_MasterIsr *
     _I2C_MasterFsm
       _I2C_DO_ADDRESS_NACK *
         NULL(Fake) *
         _I2C_CallbackReturnReset *
         _I2C_CallbackReturnStop *
         _I2C_DO_SEND_RESTART *
           _I2C_MasterEnableRestart
         _I2C_DO_SEND_STOP *
           _I2C_MasterStop
         _rd1RegCompleteHandler *
           i2_I2C_SetBuffer
           i2_I2C_SetDataCompleteCallback
             i2_I2C_SetCallback
         _rd2RegCompleteHandler *
           i2_I2C_SetBuffer
           i2_I2C_SetDataCompleteCallback
         _rdBlkRegCompleteHandler *
           i2_I2C_SetBuffer
           i2_I2C_SetDataCompleteCallback
         _wr1RegCompleteHandler *
           i2_I2C_SetBuffer
           i2_I2C_SetDataCompleteCallback
         _wr2RegCompleteHandler *
           i2_I2C_SetBuffer
           i2_I2C_SetDataCompleteCallback
       _I2C_DO_IDLE *
       _I2C_DO_RCEN *
         _I2C_MasterStartRx
       _I2C_DO_RESET *
       _I2C_DO_RX *
         NULL(Fake) *
         _I2C_CallbackReturnReset *
         _I2C_CallbackReturnStop *
         _I2C_DO_RX_NACK_RESTART *
           _I2C_MasterSendNack
         _I2C_DO_RX_NACK_STOP *
           _I2C_MasterSendNack
         _I2C_MasterGetRxData *
         _I2C_MasterSendAck *
         _rd1RegCompleteHandler *
         _rd2RegCompleteHandler *
         _rdBlkRegCompleteHandler *
         _wr1RegCompleteHandler *
         _wr2RegCompleteHandler *
       _I2C_DO_RX_ACK *
         _I2C_MasterSendAck
       _I2C_DO_RX_NACK_RESTART *
       _I2C_DO_RX_NACK_STOP *
       _I2C_DO_SEND_ADR_READ *
         _I2C_MasterSendTxData
       _I2C_DO_SEND_ADR_WRITE *
         _I2C_MasterSendTxData
       _I2C_DO_SEND_RESTART *
       _I2C_DO_SEND_RESTART_READ *
         _I2C_MasterEnableRestart
       _I2C_DO_SEND_RESTART_WRITE *
         _I2C_MasterEnableRestart
       _I2C_DO_SEND_STOP *
       _I2C_DO_TX *
         NULL(Fake) *
         _I2C_CallbackReturnReset *
         _I2C_CallbackReturnStop *
         _I2C_DO_SEND_RESTART_READ *
         _I2C_DO_SEND_RESTART_WRITE *
         _I2C_DO_SEND_STOP *
         _I2C_MasterIsNack *
         _I2C_MasterSendTxData *
         _rd1RegCompleteHandler *
         _rd2RegCompleteHandler *
         _rdBlkRegCompleteHandler *
         _wr1RegCompleteHandler *
         _wr2RegCompleteHandler *
       _I2C_DO_TX_EMPTY *
         NULL(Fake) *
         _I2C_CallbackReturnReset *
         _I2C_CallbackReturnStop *
         _I2C_DO_SEND_RESTART *
         _I2C_DO_SEND_STOP *
         _I2C_MasterSetIrq *
         _rd1RegCompleteHandler *
         _rd2RegCompleteHandler *
         _rdBlkRegCompleteHandler *
         _wr1RegCompleteHandler *
         _wr2RegCompleteHandler *
       _I2C_MasterIsNack *
       i2_I2C_MasterClearIrq *

 Address spaces:
Name               Size   Autos  Total    Cost      Usage
BIGRAM             F5F      0       0      51        0.0%
EEDATA             400      0       0       0        0.0%
BITBANK14          100      0       0      32        0.0%
BANK14             100      0       0      33        0.0%
BITBANK13          100      0       0      30        0.0%
BANK13             100      0       0      31        0.0%
BITBANK12          100      0       0      28        0.0%
BANK12             100      0       0      29        0.0%
BITBANK11          100      0       0      26        0.0%
BANK11             100      0       0      27        0.0%
BITBANK10          100      0       0      24        0.0%
BANK10             100      0       0      25        0.0%
BITBANK9           100      0       0      22        0.0%
BANK9              100      0       0      23        0.0%
BITBANK8           100      0       0      20        0.0%
BANK8              100      0       0      21        0.0%
BITBANK7           100      0       0      18        0.0%
BANK7              100      0       0      19        0.0%
BITBANK6           100      0       0      16        0.0%
BANK6              100      0       0      17        0.0%
BITBANK5           100      0       0      14        0.0%
BANK5              100      0       0      15        0.0%
BITBANK4           100      0       0      12        0.0%
BANK4              100      0       0      13        0.0%
BITBANK3           100      0       0      10        0.0%
BANK3              100      0       0      11        0.0%
BITBANK2           100      0       0       8        0.0%
BANK2              100      0       0       9        0.0%
BITBANK1           100      0       0       6        0.0%
BANK1              100      0       0       7        0.0%
BITBANK0            A0      0       0       4        0.0%
BANK0               A0     10      24       5       22.5%
BITBANK15           60      0       0      34        0.0%
BANK15              60      0       0      35        0.0%
BITCOMRAM           5E      0       0       0        0.0%
COMRAM              5E     1B      4D       1       81.9%
BITBIGSFRhhlh       1D      0       0      37        0.0%
BITBIGSFRllllll     1C      0       0      49        0.0%
BITBIGSFRhhh         D      0       0      36        0.0%
BITBIGSFRlhh         C      0       0      40        0.0%
BITBIGSFRllllll      9      0       0      47        0.0%
BITBIGSFRlhll        9      0       0      42        0.0%
BITBIGSFRlhlhh       7      0       0      41        0.0%
BITBIGSFRhl          6      0       0      39        0.0%
BITBIGSFRllllhh      4      0       0      45        0.0%
BITBIGSFRllllhl      4      0       0      46        0.0%
BITBIGSFRhhll        2      0       0      38        0.0%
BITBIGSFRllllll      1      0       0      48        0.0%
BITBIGSFRlllh        1      0       0      44        0.0%
BITBIGSFRllh         1      0       0      43        0.0%
BIGSFR               0      0       0     200        0.0%
BITSFR               0      0       0     200        0.0%
SFR                  0      0       0     200        0.0%
STACK                0      0       0       2        0.0%
NULL                 0      0       0       0        0.0%
ABS                  0      0      71      50        0.0%
DATA                 0      0      71       3        0.0%
CODE                 0      0       0       0        0.0%


Microchip Technology PIC18 Macro Assembler V2.45 build 20230818022343 
Symbol Table                                                                                   Tue Sep 24 22:53:36 2024

                       ??_I2C_DO_SEND_ADR_READ 002E                    ??_TempSensor_TC74_Read_Temp 007E  
                      ??_I2C_DO_SEND_ADR_WRITE 002F                                    _SSPSTATbits 0FC7  
                                           l35 17EA                                             l78 12AA  
                                           l96 1398                          ??_I2C_DO_SEND_RESTART 002E  
                                          l301 18BC                                            l306 1402  
                                          l260 122C                                            l270 15BA  
                                          l503 1938                                            l264 169A  
                                          l256 185C                                            l425 17B0  
                                          l283 178E                                            l428 1948  
                                          l276 18E2                                            l292 181A  
                                          l533 1848                                            l446 1940  
                                          l286 1802                                            l615 1576  
                                          l536 1894                                            l473 1944  
                                          l467 193C                                            l476 194C  
                                          l660 18B2                                            l654 18A8  
                                          l657 189E                                            l569 166C  
                                          u930 179E                                            u931 179A  
                                          u940 1590                                            u941 158C  
                                          u950 15A6                                            u951 15A2  
                                          u960 13B2                                            u961 13AE  
                                          u980 11A4                                            u981 11A0  
                                          u990 177C                                            u991 1778  
                       fp__I2C_DO_RX_NACK_STOP 0000                 ?_EUSART_SetFramingErrorHandler 0072  
                                          tosl 0FFD                                            wreg 0FE8  
                 ??_I2C_SetAddressNackCallback 007B                         _I2C_Write1ByteRegister 1326  
                     ??_I2C_CallbackReturnStop 0039                                   _I2C_DO_RESET 18BE  
                      ??_rd2RegCompleteHandler 0039                                           l3000 18AA  
                                         l3010 1278                                           l3002 1232  
                                         l3020 184A                                           l3012 128E  
                                         l3004 1238                                           l3022 185A  
                                         l3014 1292                                           l3006 1250  
                                         l3040 1658                                           l3016 12A6  
                                         l3008 1264                                           l3050 1534  
                                         l3034 1936                                           l3042 165E  
                                         l3060 132A                                           l3052 1548  
                                         l3044 1660                                           l3036 163E  
                                         l3070 1380                                           l3062 132A  
                                         l3054 1556                                           l3046 166A  
                                         l3038 1656                                           l3230 160E  
                                         l3222 15FE                                           l3072 1384  
                                         l3064 1342                                           l3056 1564  
                                         l3048 188C                                           l3232 161E  
                                         l3224 1602                                           l3066 1356  
                                         l3058 1572                                           l3090 1840  
                                         l3074 17D8                                           l3226 1604  
                                         l2700 1946                                           l3068 136A  
                                         l3092 1844                                           l3084 1834  
                                         l3076 17D8                                           l3228 1606  
                                         l2710 1596                                           l2702 157C  
                                         l3086 1838                                           l3078 17E8  
                                         l2712 15A6                                           l2704 1582  
                                         l2800 11BA                                           l3088 183C  
                                         l2626 193E                                           l2714 15AE  
                                         l2706 1590                                           l2810 11DC  
                                         l2802 11BC                                           l2722 139E  
                                         l2716 15B2                                           l2708 1592  
                                         l2820 1204                                           l2812 11E4  
                                         l2804 11C4                                           l2724 13B2  
                                         l2718 15B6                                           l2830 1224  
                                         l2822 120C                                           l2814 11EC  
                                         l2806 11CC                                           l2726 13DE  
                                         l2824 1218                                           l2816 11F4  
                                         l2808 11D4                                           l2832 122A  
                                         l2840 177C                                           l2690 179E  
                                         l2826 121C                                           l2818 11FC  
                                         l2842 1784                                           l2860 1692  
                                         l2852 166E                                           l2692 17AE  
                                         l2684 18B4                                           l2828 1220  
                                         l2844 178C                                           l2836 17EC  
                                         l2686 194A                                           l2862 1696  
                                         l2854 1674                                           l2790 11A8  
                                         l2846 1804                                           l2838 176E  
                                         l2856 1682                                           l2848 18DC  
                                         l2696 193A                                           l2688 1790  
                                         l2792 11AA                                           l2784 1190  
                                         l2698 1942                                           l2858 1686  
                                         l2794 11AC                                           l2786 1196  
                                         l2796 11AE                                           l2788 11A4  
                                         l2798 11B2                                           l2996 18A0  
                                         l2998 1896                                           STR_1 1021  
                                         u1000 1682                                           u1001 167E  
                                         u1130 1342                                           u1131 133E  
                                         u1140 1398                                           u1141 1394  
                                         u1080 1250                                           u1081 124C  
                                         u1090 12A6                                           u1091 12A2  
                                         _LATA 0F89                                           _LATB 0F8A  
                                         _LATC 0F8B                                           _LATD 0F8C  
                                         u1337 162A                                           _LATE 0F8D  
                                         _WPUB 0F7C                        ??_wr2RegCompleteHandler 0039  
                                         _main 15FE                       ?_I2C_CallbackReturnReset 0037  
                                         fsr2h 0FDA                                           indf2 0FDF  
                                         fsr2l 0FD9                               __end_of_I2C_Open 122E  
                                         btemp 004E                          ?i2_I2C_MasterClearIrq 002E  
                                         prodh 0FF4                                           prodl 0FF3  
                                         start 00C4                        _I2C_SetInterruptHandler 18B4  
                 fp__I2C_DO_SEND_RESTART_WRITE 0000                                   ___param_bank 0000  
                             ?_I2C_MasterClose 002E                               ?_I2C_MasterStart 002E  
                                _I2C_DO_RX_ACK 18F4                               ?_I2C_MasterWrite 002E  
                __end_of_OSCILLATOR_Initialize 1896                                          ?_main 002E  
                                        _ANSEL 0F7E                          _I2C_Read1ByteRegister 122E  
                                        i2l141 16C6                                          i2l135 171E  
                                        i2l144 174A                                          i2l313 1468  
                                        i2l306 14CE                                          i2l138 16F2  
                                        i2l322 188A                                          i2l147 15FC  
                                        i2l412 1964                                          i2l316 18DA  
                                        i2l404 1532                                          i2l325 10B2  
                                        i2l341 111C                                          i2l309 1928  
                                        i2l342 118A                                          i2l510 0098  
                                        i2l415 1960                                          i2l431 1958  
                                        i2l319 187E                                          i2l328 10E6  
                                        i2l353 18D0                                          i2l434 1922  
                                        i2l514 0098                                          i2l283 17D2  
                                        i2l443 195C                                          i2l452 1870  
                                        i2l380 1912                                          i2l437 196C  
                                        i2l509 0078                                          i2l286 1832  
                                        i2l455 192E                                          i2l359 1324  
                                        i2l383 190A                                          i2l392 18F2  
                                        i2l449 1968                                          i2l377 191A  
                                        i2l458 1934                                          i2l386 1902  
                                        i2l395 18EA                                          i2l476 1950  
                                        i2l389 18FA                                          i2l398 18C6  
                                        i2l479 1954                                          _RCREG 0FAE  
                                        _RCSTA 0FAB                                          _SPBRG 0FAF  
                            ??_I2C_DO_TX_EMPTY 003A                                          _TRISA 0F92  
                                        _TRISB 0F93                                          _TRISC 0F94  
                                        _TRISD 0F95                                          _TRISE 0F96  
                                        _TXREG 0FAD                                          _TXSTA 0FAC  
                            __end_of_I2C_DO_RX 118C                              __end_of_I2C_DO_TX 10E8  
                    _TempSensor_TC74_Read_Temp 17D4                              __end_of_I2C_Close 169C  
                             fp__I2C_MasterIsr 0000                 I2C_MasterOperation@returnValue 0073  
                      _I2C_MasterEnableRestart 196A                                          pclath 0FFA  
                                        pclatu 0FFB                                          tablat 0FF5  
                             ?_I2C_SetCallback 0072                   I2C_SetAddressNackCallback@cb 0077  
                                        ttemp5 004F                                          ttemp6 0052  
                                        ttemp7 0056                                          status 0FD8  
                                        wtemp8 004F                              ?_I2C_DO_SEND_STOP 002E  
                           ??_I2C_DO_SEND_STOP 002E                       fp__rd1RegCompleteHandler 0000  
                              __initialization 174C                          i2I2C_SetBuffer@buffer 002E  
                                 __end_of_main 163E                       fp__wr1RegCompleteHandler 0000  
                    ?_I2C_DO_SEND_RESTART_READ 002E                                 ?_I2C_DO_RX_ACK 002E  
                  ?_INTERRUPT_InterruptManager 002E                                         ??_main 0080  
                            ?_I2C_MasterIsNack 002E                                  __activetblptr 0003  
                            ?_I2C_MasterSetIrq 002E                             ??_I2C_MasterIsNack 002E  
                           ??_I2C_MasterSetIrq 002E              _EUSART_DefaultFramingErrorHandler 0000  
                   _EUSART_OverrunErrorHandler 0049                __end_of_I2C_CallbackReturnReset 1962  
              i2I2C_SetDataCompleteCallback@cb 0033                  I2C_SetDataCompleteCallback@cb 0077  
                                       _ANSELH 0F7F                                         i2l3030 142A  
                                       i2l3032 142E                                         i2l3024 1404  
                                       i2l1610 18D4                                         i2l3026 1408  
                                       i2l3210 0032                                         i2l1508 195A  
                                       i2l1516 1952                                         i2l1612 18D8  
                                       i2l1700 18CE                                         i2l3028 1416  
                                       i2l3212 0040                                         i2l3214 004E  
                                       i2l3320 12FE                                         i2l1608 18D2  
                                       i2l3216 005C                                         i2l3314 151C  
                                       i2l3082 1924                                         i2l3218 0086  
                                       i2l2620 146C                                         i2l3316 1164  
                                       i2l2630 1966                                         i2l2622 147E  
                                       i2l3318 108C                                         i2l1734 18BE  
                                       i2l2640 17D0                                         i2l2624 14AA  
                                       i2l2632 1930                                         i2l1736 18C0  
                                       i2l2634 17B2                                         i2l2642 181C  
                                       i2l1738 18C4                                         i2l2628 196A  
                                       i2l2636 17C0                                         i2l2644 16F4  
                                       i2l2652 16C8                                         i2l2660 169C  
                                       i2l2732 191E                                         i2l2900 105A  
                                       i2l2740 190C                                         i2l2638 17C8  
                                       i2l2670 1734                                         i2l2646 1708  
                                       i2l2654 16DC                                         i2l2662 16B0  
                                       i2l2902 10B4                                         i2l2734 1914  
                                       i2l2742 1910                                         i2l2672 1748  
                                       i2l2648 171C                                         i2l2656 16F0  
                                       i2l2664 16C4                                         i2l2680 15FA  
                                       i2l2752 1956                                         i2l2728 185E  
                                       i2l2904 10C6                                         i2l2920 10FA  
                                       i2l1696 18C8                                         i2l2736 1918  
                                       i2l2760 18E8                                         i2l1768 194E  
                                       i2l2906 10DE                                         i2l2930 1122  
                                       i2l2922 1112                                         i2l1698 18CA  
                                       i2l2770 1904                                         i2l2746 18FC  
                                       i2l2668 1720                                         i2l2676 15BC  
                                       i2l2780 195E                                         i2l2756 192A  
                                       i2l2908 10E4                                         i2l2940 1132  
                                       i2l2924 1116                                         i2l2916 10E8  
                                       i2l2772 1908                                         i2l2748 1900  
                                       i2l2764 18EC                                         i2l2678 15E6  
                                       i2l2870 187C                                         i2l2934 112A  
                                       i2l2918 10F6                                         i2l2766 18F0  
                                       i2l2758 18E4                                         i2l2776 1962  
                                       i2l2952 12BA                                         i2l2954 12BE  
                                       i2l2946 12AC                                         i2l2866 1872  
                                       i2l2874 1880                                         i2l2890 104A  
                                       i2l2882 102A                                         i2l2970 18F4  
                                       i2l2948 12B2                                         i2l2964 12CC  
                                       i2l2868 1874                                         i2l2876 1882  
                                       i2l2972 18F8                                         i2l2980 14DA  
                                       i2l2958 12C4                                         i2l2878 1888  
                                       i2l2894 1052                                         i2l2886 1042  
                                       i2l2990 14EA                                         i2l2984 14E2  
                                       i2l2976 14D0                                         i2l2978 14D2  
                                       _OSCCON 0FD3                         ??i2_I2C_MasterClearIrq 002E  
                    ??_I2C_SetInterruptHandler 0074                                         _SPBRGH 0FB0  
                                       _SSPADD 0FC8                                         _SSPBUF 0FC9  
                          _I2C_MasterEnableIrq 193A                            _I2C_MasterGetRxData 1956  
                                _I2C_MasterFsm 1404                                  _I2C_MasterIsr 1924  
                                       clear_0 1752                                         clear_1 175E  
                            I2C_SetCallback@cb 0072                        fp__I2C_DO_SEND_ADR_READ 0000  
                       ?_I2C_Read1ByteRegister 007B                                         isa$std 0001  
                                _I2C_SetBuffer 176E                   __end_of_I2C_MasterDisableIrq 1946  
                         ?_I2C_MasterEnableIrq 002E                            _I2C_DO_ADDRESS_NACK 14D0  
                         ?_I2C_MasterGetRxData 002E                                      ?_I2C_Open 002E  
           __end_of_I2C_SetAddressNackCallback 181C                     _I2C_SetAddressNackCallback 1804  
                                 __mediumconst 0000                                         tblptrh 0FF7  
                                       tblptrl 0FF6                                         tblptru 0FF8  
                    ??_I2C_MasterEnableRestart 002E        I2C_SetInterruptHandler@InterruptHandler 0072  
                            _SYSTEM_Initialize 1834                                     __accesstop 0060  
                      __end_of__initialization 1764                            _I2C_MasterOperation 1578  
                           ?_SYSTEM_Initialize 002E                                  ___rparam_used 0001  
                         ?_I2C_DO_ADDRESS_NACK 002E                        _rdBlkRegCompleteHandler 15BC  
                   fp__rdBlkRegCompleteHandler 0000                                 __pcstackCOMRAM 002E  
                               ?_I2C_MasterFsm 002E                                 ?_I2C_MasterIsr 002E  
                              ??_I2C_DO_RX_ACK 002E                         _I2C_CallbackReturnStop 1962  
                          ??_SYSTEM_Initialize 0074                                 ?_I2C_SetBuffer 0072  
                __end_of_I2C_DO_SEND_ADR_WRITE 188C                     ?_I2C_DO_SEND_RESTART_WRITE 002E  
                         ?_I2C_MasterOperation 002E                          ??_I2C_MasterEnableIrq 0072  
                        ??_I2C_MasterGetRxData 002E                        ?_I2C_Write1ByteRegister 007B  
                                   ??_I2C_Open 0074                     __end_of_I2C_MasterClearIrq 194E  
              ??_EUSART_SetOverrunErrorHandler 0074                      __end_of_SYSTEM_Initialize 184A  
                            _I2C_MasterSendAck 192A                                     __pbssBANK0 0060  
                                ??_I2C_DO_IDLE 002E                                  ??_I2C_DO_RCEN 002E  
                __end_of_rd2RegCompleteHandler 16F4                   __end_of_I2C_MasterSendTxData 1924  
                           ?_I2C_MasterSendAck 002E                              _I2C_MasterStartRx 195A  
                                   __pnvCOMRAM 0049                          ??_I2C_DO_ADDRESS_NACK 003A  
                __end_of_wr2RegCompleteHandler 174C                            _I2C_DO_RX_NACK_STOP 18EC  
                        _rd1RegCompleteHandler 16F4                             ?_I2C_MasterStartRx 002E  
                   __end_of_I2C_MasterSendNack 1936                          _wr1RegCompleteHandler 169C  
                          ??_I2C_MasterSendAck 002E                       rd1RegCompleteHandler@ptr 0037  
                  __end_of_I2C_DO_SEND_RESTART 190C                                _I2C_DO_TX_EMPTY 12AC  
                          I2C_SetBuffer@buffer 0072                            ??_I2C_MasterStartRx 002E  
                                      _BAUDCON 0FB8                          ??_I2C_MasterOperation 0072  
             i2I2C_SetDataCompleteCallback@ptr 0035                 I2C_SetDataCompleteCallback@ptr 0079  
               __end_of_I2C_Write1ByteRegister 139A                       ??_I2C_DO_RX_NACK_RESTART 002E  
            __end_of_I2C_DO_SEND_RESTART_WRITE 1914                           ?_I2C_DO_RX_NACK_STOP 002E  
                    __end_of_I2C_MasterSendAck 1930                                        _OSCTUNE 0F9B  
                                      i2u91_40 147E                                        i2u91_41 147A  
                                      i2u92_40 17C0                                        i2u92_41 17BC  
                                      i2u97_40 186E                                        i2u97_41 1868  
                                      i2u97_46 1870                       ??_EUSART_SetErrorHandler 0074  
                                      _SSPCON1 0FC6                                        _SSPCON2 0FC5  
                                      _SSPSTAT 0FC7                      __end_of_I2C_MasterStartRx 195E  
                         I2C_Close@returnValue 0072                   ?_I2C_SetDataCompleteCallback 0077  
                                    _I2C_DO_RX 10E8                                      _I2C_DO_TX 102A  
             __end_of_I2C_DO_SEND_RESTART_READ 191C                   I2C_Read1ByteRegister@address 007C  
                                    _I2C_Close 166E                      ??_rdBlkRegCompleteHandler 0039  
                                      _RecTemp 004D                           _I2C_MasterDisableIrq 1942  
                            ??i2_I2C_SetBuffer 0032                                ??_I2C_MasterFsm 003C  
                              ??_I2C_MasterIsr 003F                                        __Hparam 0000  
                                      __Lparam 0000                            __end_of_I2C_DO_IDLE 18DC  
                          __end_of_I2C_DO_RCEN 18D2                                ??_I2C_SetBuffer 0076  
                      I2C_SetBuffer@bufferSize 0074                                   __psmallconst 1000  
                               _I2C_MasterOpen 1790                                        __pcinit 174C  
                               _I2C_MasterStop 1966                                 _I2C_Initialize 184A  
                                      __ramtop 1000                                        __ptext0 15FE  
                                      __ptext1 17D4                                        __ptext2 122E  
                                      __ptext3 1834                                        __ptext4 163E  
                                      __ptext5 188C                                        __ptext6 1936  
                                      __ptext7 184A                                        __ptext8 1534  
                                      __ptext9 1896                          ??_I2C_DO_RX_NACK_STOP 002E  
                        _OSCILLATOR_Initialize 188C                             I2C_SetCallback@idx 0076  
                     ??_PIN_MANAGER_Initialize 0072                  I2C_CallbackReturnReset@funPtr 0037  
                           I2C_SetCallback@ptr 0074                       wr1RegCompleteHandler@ptr 0037  
                    I2C_Write1ByteRegister@reg 007B                       fp__I2C_DO_SEND_ADR_WRITE 0000  
                         end_of_initialization 1764                                     ?_I2C_DO_RX 002E  
                                   ?_I2C_DO_TX 002E          __end_of_EUSART_SetOverrunErrorHandler 18A0  
                _EUSART_SetOverrunErrorHandler 1896                                     ?_I2C_Close 002E  
                       ?_rd1RegCompleteHandler 0037                        __end_of_I2C_DO_TX_EMPTY 1326  
                        ?_I2C_MasterDisableIrq 002E                              _EUSART_Initialize 1534  
                       ?_wr1RegCompleteHandler 0037                       fp__rd2RegCompleteHandler 0000  
                           ?_EUSART_Initialize 002E                                      _RCSTAbits 0FAB  
                                      postdec2 0FDD                        ??_I2C_Read1ByteRegister 007C  
                       __end_of_I2C_MasterOpen 17B2                       fp__wr2RegCompleteHandler 0000  
                                      postinc0 0FEE                                        postinc2 0FDE  
                       __end_of_I2C_MasterStop 196A                         __end_of_I2C_Initialize 185E  
                    fp__I2C_CallbackReturnStop 0000                            ??_EUSART_Initialize 0074  
              __end_of_rdBlkRegCompleteHandler 15FE                           _I2C_MasterSendTxData 191C  
                              fp__I2C_DO_RESET 0000                    ?_I2C_SetAddressNackCallback 0077  
                    __end_of_EUSART_Initialize 1578                                    _I2C_DO_IDLE 18D2  
                                  _I2C_DO_RCEN 18C8                     rdBlkRegCompleteHandler@ptr 0037  
                I2C_Write1ByteRegister@address 007D                                      _TXSTAbits 0FAC  
                      ?_I2C_CallbackReturnStop 0037                       _I2C_DO_SEND_RESTART_READ 1914  
                  fp__I2C_DO_SEND_RESTART_READ 0000                              i2_I2C_SetCallback 146A  
                 I2C_CallbackReturnStop@funPtr 0037                                ?_I2C_MasterOpen 002E  
                 __end_of_INTERRUPT_Initialize 193A                                ?_I2C_MasterStop 002E  
                              ?_I2C_Initialize 002E                        _I2C_CallbackReturnReset 195E  
                     I2C_Read1ByteRegister@reg 007B                     fp__I2C_CallbackReturnReset 0000  
                   _EUSART_DefaultErrorHandler 0000                             ?i2_I2C_SetCallback 002E  
              ??i2_I2C_SetDataCompleteCallback 0037                          ?_I2C_MasterSendTxData 002E  
                       ?_OSCILLATOR_Initialize 002E                    ??_I2C_DO_SEND_RESTART_WRITE 002E  
                          ??i2_I2C_SetCallback 0032                            start_initialization 174C  
                                ?_I2C_DO_RESET 002E                       ?_I2C_SetInterruptHandler 0072  
                                  ??_I2C_DO_RX 003A                                    ??_I2C_DO_TX 003A  
                            ??_I2C_MasterClose 0072                         ??_I2C_MasterDisableIrq 0072  
                                  ??_I2C_Close 0072                              ??_I2C_MasterStart 0072  
                            ??_I2C_MasterWrite 0074                 __end_of_I2C_CallbackReturnStop 1966  
                       _I2C_DO_RX_NACK_RESTART 18E4                               ?_I2C_DO_TX_EMPTY 002E  
                           _I2C_MasterClearIrq 194A                      __end_ofi2_I2C_SetCallback 14D0  
               ?_EUSART_SetOverrunErrorHandler 0072                     _EUSART_FramingErrorHandler 004B  
                       _EUSART_SetErrorHandler 18AA                    __end_of_I2C_MasterEnableIrq 193E  
                          ?_I2C_MasterClearIrq 002E                    __end_of_I2C_MasterGetRxData 195A  
                        __end_of_I2C_DO_RX_ACK 18FC                               _I2C_DO_SEND_STOP 18FC  
                            ??_I2C_SetCallback 0076                            I2C_Open@returnValue 0075  
                           _I2C_MasterSendNack 1930                       ?_I2C_MasterEnableRestart 002E  
                            _i2c_fsmStateTable 1001                         fp__I2C_DO_SEND_RESTART 0000  
                        _I2C_DO_SEND_ADR_WRITE 1880                                    __pbssCOMRAM 0001  
                                __pcstackBANK0 0072                                 ??_I2C_DO_RESET 002E  
                          ?_I2C_MasterSendNack 002E                                i2_I2C_SetBuffer 17B2  
                 __end_of_I2C_DO_SEND_ADR_READ 1880                           ??_I2C_MasterClearIrq 0072  
                  __end_of_I2C_DO_ADDRESS_NACK 1534                               _I2C_MasterIsNack 185E  
                    _I2C_DO_SEND_RESTART_WRITE 190C                               _I2C_MasterSetIrq 1952  
                                    __pnvBANK0 0082                          _rd2RegCompleteHandler 16C8  
                       _PIN_MANAGER_Initialize 163E                          _wr2RegCompleteHandler 1720  
                    ??_I2C_CallbackReturnReset 0039                    __end_of_I2C_MasterOperation 15BC  
                         ??_I2C_MasterSendNack 002E                       rd2RegCompleteHandler@ptr 0037  
                                    __pintcode 0008                         ??_I2C_MasterSendTxData 002E  
                    __end_of_i2c_fsmStateTable 1021                   ??_INTERRUPT_InterruptManager 003F  
                                 fp__I2C_DO_RX 0000                                   fp__I2C_DO_TX 0000  
                                  __smallconst 1000                __end_of_I2C_SetInterruptHandler 18BE  
        __end_ofi2_I2C_SetDataCompleteCallback 1834                  i2_I2C_SetDataCompleteCallback 181C  
                      I2C_MasterOperation@read 0072                                       _I2C_Open 118C  
                      ??_rd1RegCompleteHandler 0039                           _INTERRUPT_Initialize 1936  
        TempSensor_TC74_Read_Temp@TC74_Address 007E                        ??_wr1RegCompleteHandler 0039  
       EUSART_SetErrorHandler@interruptHandler 0072                                       _PIE1bits 0F9D  
                                     _PIE2bits 0FA0                              _eusartRxLastError 002D  
                                     i2u101_40 103E                                       i2u101_41 103A  
                                     i2u110_40 1416                                       i2u110_41 1412  
                                     i2u103_40 10DE                                       i2u102_48 1068  
                                     i2u111_40 142A                                       i2u103_41 10DA  
                                     i2u102_49 107A                                       i2u111_41 1426  
                                     i2u104_40 1112                                       i2u104_41 110E  
                                     i2u112_48 1454                                       i2u112_49 1466  
                                     i2u105_48 1140                                       i2u105_49 1152  
                                     i2u106_48 12DA                                       i2u131_40 0086  
                                     i2u130_48 0062                                       i2u106_49 12EC  
                                     i2u131_41 0082                                       i2u130_49 0074  
                                     i2u107_48 14F8                                       i2u132_40 0094  
                                     i2u107_49 150A                                       i2u132_41 0090  
                                     i2u127_40 0040                                       i2u127_41 003C  
                                     i2u128_40 004E                                       i2u128_41 004A  
                                     i2u129_40 005C                                       i2u129_41 0058  
                                     _PIR1bits 0F9E                ??_EUSART_SetFramingErrorHandler 0074  
                                     _PIR2bits 0FA1                          __end_of_I2C_MasterFsm 146A  
                        __end_of_I2C_MasterIsr 192A                                       _RCONbits 0FD0  
                  __end_of_I2C_DO_RX_NACK_STOP 18F4                     ?_TempSensor_TC74_Read_Temp 002E  
            _EUSART_DefaultOverrunErrorHandler 0000                __end_of_I2C_MasterEnableRestart 196E  
                               fp__I2C_DO_IDLE 0000                                 fp__I2C_DO_RCEN 0000  
                __end_of_I2C_Read1ByteRegister 12AC                          __end_of_I2C_SetBuffer 1790  
                       ?_I2C_DO_SEND_ADR_WRITE 002E                        __end_ofi2_I2C_SetBuffer 17D4  
                     I2C_MasterSendTxData@data 002E                       wr2RegCompleteHandler@ptr 0037  
                                  _INTCON2bits 0FF1                     ??_I2C_DO_SEND_RESTART_READ 002E  
                        ?_INTERRUPT_Initialize 002E                       ?_rdBlkRegCompleteHandler 0037  
                    i2I2C_SetBuffer@bufferSize 0030                                     _I2C_Status 0001  
                                 ?_I2C_DO_IDLE 002E                                   ?_I2C_DO_RCEN 002E  
                       ?_rd2RegCompleteHandler 0037                               ??_I2C_MasterOpen 0072  
                       ?_wr2RegCompleteHandler 0037                               ??_I2C_MasterStop 002E  
                             ??_I2C_Initialize 0072                      fp__I2C_DO_RX_NACK_RESTART 0000  
                                     __Hrparam 0000                                       __Lrparam 0000  
                         __end_of_I2C_DO_RESET 18C8                       ??_I2C_Write1ByteRegister 007D  
                      ??_OSCILLATOR_Initialize 0072                            _EUSART_ErrorHandler 0082  
            __end_of_TempSensor_TC74_Read_Temp 17EC                            _RealTimeClockDS1307 0025  
                         _I2C_DO_SEND_ADR_READ 1872               I2C_Read1ByteRegister@returnValue 007D  
                 __end_ofi2_I2C_MasterClearIrq 1952                                _I2C_MasterClose 1946  
                I2C_SetAddressNackCallback@ptr 0079                                I2C_Open@address 0074  
                          fp__I2C_DO_SEND_STOP 0000                           i2I2C_SetCallback@idx 0032  
                              _I2C_MasterStart 193E                           i2I2C_SetCallback@ptr 0030  
                              _I2C_MasterWrite 18DC                                       __ptext10 18A0  
                                     __ptext11 18AA                                       __ptext20 193A  
                                     __ptext12 1326                                       __ptext21 18DC  
                                     __ptext13 17EC                                       __ptext30 1404  
                                     __ptext22 1578                                       __ptext14 176E  
                                     __ptext31 194E                                       __ptext23 193E  
                                     __ptext15 1804                                       __ptext40 1914  
                                     __ptext32 14D0                                       __ptext24 166E  
                                     __ptext16 139A                                       __ptext41 18C8  
                                     __ptext33 18BE                                       __ptext25 1942  
                                     __ptext17 118C                                       __ptext50 191C  
                                     __ptext42 10E8                                       __ptext34 18E4  
                                     __ptext26 1946                                       __ptext18 18B4  
                                     __ptext51 192A                                       __ptext43 102A  
                                     __ptext35 18EC                                       __ptext27 194A  
                                     __ptext19 1790                                       __ptext60 16F4  
                                     __ptext52 1956                                       __ptext44 1880  
                                     __ptext36 18F4                                       __ptext61 1720  
                                     __ptext53 1930                                       __ptext45 1872  
                                     __ptext37 18FC                                       __ptext29 1924  
                                     __ptext62 181C                                       __ptext54 195A  
                                     __ptext46 18D2                                       __ptext38 1904  
                                     __ptext63 146A                                       __ptext55 195E  
                                     __ptext47 12AC                                       __ptext39 190C  
                                     __ptext64 17B2                                       __ptext56 1962  
                                     __ptext48 1952                                       __ptext65 1966  
                                     __ptext57 15BC                                       __ptext49 185E  
                                     __ptext66 196A                                       __ptext58 169C  
                                     __ptext67 0000                                       __ptext59 16C8  
          __end_of_I2C_SetDataCompleteCallback 1804                 ?i2_I2C_SetDataCompleteCallback 0033  
                  _I2C_SetDataCompleteCallback 17EC                        ?_I2C_DO_RX_NACK_RESTART 002E  
                     __end_of_I2C_DO_SEND_STOP 1904                        ?_EUSART_SetErrorHandler 0072  
                              _I2C_SetCallback 139A                  ??_I2C_SetDataCompleteCallback 007B  
                   I2C_Write1ByteRegister@data 007C  EUSART_SetOverrunErrorHandler@interruptHandler 0072  
                                     isa$xinst 0000                                       int$flags 004E  
                        ?_I2C_DO_SEND_ADR_READ 002E             __end_of_INTERRUPT_InterruptManager 00C4  
                   _INTERRUPT_InterruptManager 0008          __end_of_EUSART_SetFramingErrorHandler 18AA  
                _EUSART_SetFramingErrorHandler 18A0                       __end_of_I2C_MasterIsNack 1872  
                     __end_of_I2C_MasterSetIrq 1956                               ?i2_I2C_SetBuffer 002E  
                                   _INTCONbits 0FF2                         ??_INTERRUPT_Initialize 0072  
               __end_of_I2C_DO_RX_NACK_RESTART 18EC                                       intlevel2 0000  
                          i2I2C_SetCallback@cb 002E                        ?_PIN_MANAGER_Initialize 002E  
               __end_of_EUSART_SetErrorHandler 18B4                            _I2C_DO_SEND_RESTART 1904  
                       fp__I2C_DO_ADDRESS_NACK 0000        TempSensor_TC74_Read_Temp@TC74_TempValue 007F  
EUSART_SetFramingErrorHandler@interruptHandler 0072                        __end_of_I2C_MasterClose 194A  
                           fp__I2C_DO_TX_EMPTY 0000                        __end_of_I2C_MasterStart 1942  
                      __end_of_I2C_MasterWrite 18E4                       _RealTimeClockDS1307_Pack 0060  
                         ?_I2C_DO_SEND_RESTART 002E                                    _SSPCON1bits 0FC6  
                                  _SSPCON2bits 0FC5                        __end_of_I2C_SetCallback 1404  
               __end_of_PIN_MANAGER_Initialize 166E                  __end_of_rd1RegCompleteHandler 1720  
                             fp__I2C_DO_RX_ACK 0000                  __end_of_wr1RegCompleteHandler 16C8  
                        _MSSP_InterruptHandler 002B                           i2_I2C_MasterClearIrq 194E  
