

Microchip MPLAB XC8 Assembler V2.45 build 20230818022343 
                                                                                               Tue Sep 24 22:58:41 2024

Microchip MPLAB XC8 C Compiler v2.45 (Free license) build 20230818022343 Og1 
     1                           	processor	18F46K20
     2                           	fnconf	rparam,??,?,0
     3                           	pagewidth 120
     4                           	opt	flic
     5                           	psect	cinit,global,reloc=2,class=CODE,delta=1
     6                           	psect	bssCOMRAM,global,class=COMRAM,space=1,delta=1,lowdata,noexec
     7                           	psect	cstackCOMRAM,global,class=COMRAM,space=1,delta=1,lowdata,noexec
     8                           	psect	text0,global,reloc=2,class=CODE,delta=1
     9                           	psect	text1,global,reloc=2,class=CODE,delta=1
    10                           	psect	text2,global,reloc=2,class=CODE,delta=1
    11                           	psect	text3,global,reloc=2,class=CODE,delta=1
    12                           	psect	text4,global,reloc=2,class=CODE,delta=1
    13                           	psect	text5,global,reloc=2,class=CODE,delta=1
    14                           	psect	text6,global,reloc=2,class=CODE,delta=1
    15                           	psect	text7,global,reloc=2,class=CODE,delta=1
    16                           	psect	text8,global,reloc=2,class=CODE,delta=1
    17                           	psect	text9,global,reloc=2,class=CODE,delta=1,inline
    18                           	psect	text10,global,reloc=2,class=CODE,delta=1,inline
    19                           	psect	text11,global,reloc=2,class=CODE,delta=1
    20                           	psect	text12,global,reloc=2,class=CODE,delta=1
    21                           	psect	text13,global,reloc=2,class=CODE,delta=1
    22                           	psect	text14,global,reloc=2,class=CODE,delta=1
    23                           	psect	text15,global,reloc=2,class=CODE,delta=1,inline
    24                           	psect	text16,global,reloc=2,class=CODE,delta=1,inline
    25                           	psect	intcode,global,reloc=2,class=CODE,delta=1
    26                           	psect	text18,global,reloc=2,class=CODE,delta=1
    27                           	psect	text19,global,reloc=2,class=CODE,delta=1
    28                           	psect	text20,global,reloc=2,class=CODE,delta=1
    29                           	psect	text21,global,reloc=2,class=CODE,delta=1,inline
    30                           	psect	text22,global,reloc=2,class=CODE,delta=1,inline
    31                           	psect	text23,global,reloc=2,class=CODE,delta=1
    32                           	psect	text24,global,reloc=2,class=CODE,delta=1
    33                           	psect	text25,global,reloc=2,class=CODE,delta=1
    34                           	psect	text26,global,reloc=2,class=CODE,delta=1,inline
    35                           	psect	text27,global,reloc=2,class=CODE,delta=1,inline
    36                           	psect	text28,global,reloc=2,class=CODE,delta=1,inline
    37                           	psect	text29,global,reloc=2,class=CODE,delta=1,inline
    38                           	psect	text30,global,reloc=2,class=CODE,delta=1,inline
    39                           	psect	text31,global,reloc=2,class=CODE,delta=1
    40                           	psect	text32,global,reloc=2,class=CODE,delta=1
    41                           	psect	text33,global,reloc=2,class=CODE,delta=1,inline
    42                           	psect	smallconst,global,reloc=2,class=SMALLCONST,delta=1,noexec
    43                           	psect	intsave_regs,global,class=BIGRAM,space=1,delta=1,noexec
    44                           	psect	text34,global,reloc=2,class=CODE,delta=1,inline
    45                           	psect	rparam,global,class=COMRAM,space=1,delta=1,noexec
    46                           	psect	temp,global,ovrld,common,class=COMRAM,space=1,delta=1
    47                           	psect	config,global,abs,ovrld,class=CONFIG,space=4,delta=1,noexec
    48   000000                     
    49                           ; Generated 21/07/2023 GMT
    50                           ; 
    51                           ; Copyright © 2023, Microchip Technology Inc. and its subsidiaries ("Microchip")
    52                           ; All rights reserved.
    53                           ; 
    54                           ; This software is developed by Microchip Technology Inc. and its subsidiaries ("Microch
      +                          ip").
    55                           ; 
    56                           ; Redistribution and use in source and binary forms, with or without modification, are
    57                           ; permitted provided that the following conditions are met:
    58                           ; 
    59                           ;     1. Redistributions of source code must retain the above copyright notice, this lis
      +                          t of
    60                           ;        conditions and the following disclaimer.
    61                           ; 
    62                           ;     2. Redistributions in binary form must reproduce the above copyright notice, this 
      +                          list
    63                           ;        of conditions and the following disclaimer in the documentation and/or other
    64                           ;        materials provided with the distribution. Publication is not required when
    65                           ;        this file is used in an embedded application.
    66                           ; 
    67                           ;     3. Microchip's name may not be used to endorse or promote products derived from th
      +                          is
    68                           ;        software without specific prior written permission.
    69                           ; 
    70                           ; THIS SOFTWARE IS PROVIDED BY MICROCHIP "AS IS" AND ANY EXPRESS OR IMPLIED WARRANTIES,
    71                           ; INCLUDING, BUT NOT LIMITED TO, THE IMPLIED WARRANTIES OF MERCHANTABILITY AND FITNESS F
      +                          OR
    72                           ; PURPOSE ARE DISCLAIMED.  IN NO EVENT SHALL MICROCHIP BE LIABLE FOR ANY DIRECT, INDIREC
      +                          T,
    73                           ; INCIDENTAL, SPECIAL, EXEMPLARY, OR CONSEQUENTIAL DAMAGES (INCLUDING BUT NOT LIMITED TO
    74                           ; PROCUREMENT OF SUBSTITUTE GOODS OR SERVICES; LOSS OF USE, DATA OR PROFITS; OR BUSINESS
    75                           ; INTERRUPTION) HOWSOEVER CAUSED AND ON ANY THEORY OF LIABILITY, WHETHER IN CONTRACT, ST
      +                          RICT
    76                           ; LIABILITY, OR TORT (INCLUDING NEGLIGENCE OR OTHERWISE) ARISING IN ANY WAY OUT OF THE U
      +                          SE OF
    77                           ; THIS SOFTWARE, EVEN IF ADVISED OF THE POSSIBILITY OF SUCH DAMAGE.
    78                           ; 
    79                           ; 
    80                           ; Code-generator required, PIC18F46K20 Definitions
    81                           ; 
    82                           ; SFR Addresses
    83   000000                     
    84 ;; Function _I2C_SlaveDefWrColInterruptHandler is unused but had its address taken
    85   000000                     
    86 ;; Function _I2C_SlaveDefBusColInterruptHandler is unused but had its address taken
    87   000000                     _SSPADD	set	4040
    88   000000                     _TRISD	set	3989
    89   000000                     _TRISC	set	3988
    90   000000                     _TRISB	set	3987
    91   000000                     _LATC	set	3979
    92   000000                     _LATB	set	3978
    93   000000                     _SSPCON2bits	set	4037
    94   000000                     _SSPSTATbits	set	4039
    95   000000                     _SSPCON1bits	set	4038
    96   000000                     _LATCbits	set	3979
    97   000000                     _SSPMSK	set	3959
    98   000000                     _WPUB	set	3964
    99   000000                     _ANSEL	set	3966
   100   000000                     _LATA	set	3977
   101   000000                     _LATD	set	3980
   102   000000                     _LATE	set	3981
   103   000000                     _TRISA	set	3986
   104   000000                     _TRISE	set	3990
   105   000000                     _OSCTUNE	set	3995
   106   000000                     _PIE1bits	set	3997
   107   000000                     _PIE2bits	set	4000
   108   000000                     _SSPBUF	set	4041
   109   000000                     _INTCON2bits	set	4081
   110   000000                     _ANSELH	set	3967
   111   000000                     _INTCONbits	set	4082
   112   000000                     _RCONbits	set	4048
   113   000000                     _OSCCON	set	4051
   114   000000                     _SSPCON2	set	4037
   115   000000                     _SSPCON1	set	4038
   116   000000                     _SSPSTAT	set	4039
   117   000000                     _PIR2bits	set	4001
   118   000000                     _PIR1bits	set	3998
   119                           
   120                           ; #config settings
   121                           
   122                           	psect	cinit
   123   001270                     __pcinit:
   124                           	callstack 0
   125   001270                     start_initialization:
   126                           	callstack 0
   127   001270                     __initialization:
   128                           	callstack 0
   129                           
   130                           ; Clear objects allocated to COMRAM (17 bytes)
   131   001270  EE00  F001         	lfsr	0,__pbssCOMRAM
   132   001274  0E11               	movlw	17
   133   001276                     clear_0:
   134   001276  6AEE               	clrf	postinc0,c
   135   001278  06E8               	decf	wreg,f,c
   136   00127A  E1FD               	bnz	clear_0
   137   00127C                     end_of_initialization:
   138                           	callstack 0
   139   00127C                     __end_of__initialization:
   140                           	callstack 0
   141   00127C  9019               	bcf	int$flags,0,c	;clear compiler interrupt flag (level 1)
   142   00127E  9219               	bcf	int$flags,1,c	;clear compiler interrupt flag (level 2)
   143   001280  0E00               	movlw	low (__Lmediumconst shr (0+16))
   144   001282  6EF8               	movwf	tblptru,c
   145   001284  0100               	movlb	0
   146   001286  EFAE  F008         	goto	_main	;jump to C main() function
   147                           
   148                           	psect	bssCOMRAM
   149   000001                     __pbssCOMRAM:
   150                           	callstack 0
   151   000001                     _I2C_SlaveWrColInterruptHandler:
   152                           	callstack 0
   153   000001                     	ds	2
   154   000003                     _I2C_SlaveBusColInterruptHandler:
   155                           	callstack 0
   156   000003                     	ds	2
   157   000005                     _I2C_SlaveAddrInterruptHandler:
   158                           	callstack 0
   159   000005                     	ds	2
   160   000007                     _I2C_SlaveWrInterruptHandler:
   161                           	callstack 0
   162   000007                     	ds	2
   163   000009                     _I2C_SlaveRdInterruptHandler:
   164                           	callstack 0
   165   000009                     	ds	2
   166   00000B                     _MSSP_InterruptHandler:
   167                           	callstack 0
   168   00000B                     	ds	2
   169   00000D                     _i2cSlaveState:
   170                           	callstack 0
   171   00000D                     	ds	1
   172   00000E                     _i2cSlaveAddr:
   173                           	callstack 0
   174   00000E                     	ds	1
   175   00000F                     _i2cRdData:
   176                           	callstack 0
   177   00000F                     	ds	1
   178   000010                     _i2cWrData:
   179                           	callstack 0
   180   000010                     	ds	1
   181   000011                     _RecTC74_A7_TempValue:
   182                           	callstack 0
   183   000011                     	ds	1
   184                           
   185                           	psect	cstackCOMRAM
   186   000012                     __pcstackCOMRAM:
   187                           	callstack 0
   188   000012                     I2C_SlaveSendTxData@data:
   189                           	callstack 0
   190                           
   191                           ; 1 bytes @ 0x0
   192   000012                     	ds	1
   193   000013                     ??_I2C_Isr:
   194   000013                     
   195                           ; 1 bytes @ 0x1
   196   000013                     	ds	2
   197   000015                     ??_INTERRUPT_InterruptManager:
   198                           
   199                           ; 1 bytes @ 0x3
   200   000015                     	ds	2
   201   000017                     I2C_SlaveSetSlaveAddr@slaveAddr:
   202                           	callstack 0
   203   000017                     I2C_SlaveSetSlaveMask@maskAddr:
   204                           	callstack 0
   205   000017                     I2C_SlaveSetIsrHandler@handler:
   206                           	callstack 0
   207   000017                     I2C_SlaveSetReadIntHandler@handler:
   208                           	callstack 0
   209   000017                     I2C_SlaveSetWriteIntHandler@handler:
   210                           	callstack 0
   211   000017                     I2C_SlaveSetAddrIntHandler@handler:
   212                           	callstack 0
   213   000017                     I2C_SlaveSetWrColIntHandler@handler:
   214                           	callstack 0
   215   000017                     I2C_SlaveSetBusColIntHandler@handler:
   216                           	callstack 0
   217                           
   218                           ; 2 bytes @ 0x5
   219   000017                     	ds	2
   220   000019                     
   221                           ; 1 bytes @ 0x7
   222 ;;
   223 ;;Main: autosize = 0, tempsize = 0, incstack = 0, save=0
   224 ;;
   225 ;; *************** function _main *****************
   226 ;; Defined at:
   227 ;;		line 55 in file "main.c"
   228 ;; Parameters:    Size  Location     Type
   229 ;;		None
   230 ;; Auto vars:     Size  Location     Type
   231 ;;		None
   232 ;; Return value:  Size  Location     Type
   233 ;;                  1    wreg      void 
   234 ;; Registers used:
   235 ;;		wreg, status,2, status,0, cstack
   236 ;; Tracked objects:
   237 ;;		On entry : 0/0
   238 ;;		On exit  : 0/0
   239 ;;		Unchanged: 0/0
   240 ;; Data sizes:     COMRAM   BANK0   BANK1   BANK2   BANK3   BANK4   BANK5   BANK6   BANK7   BANK8   BANK9  BANK10  BANK1
      +1  BANK12  BANK13  BANK14  BANK15
   241 ;;      Params:         0       0       0       0       0       0       0       0       0       0       0       0       
      +0       0       0       0       0
   242 ;;      Locals:         0       0       0       0       0       0       0       0       0       0       0       0       
      +0       0       0       0       0
   243 ;;      Temps:          0       0       0       0       0       0       0       0       0       0       0       0       
      +0       0       0       0       0
   244 ;;      Totals:         0       0       0       0       0       0       0       0       0       0       0       0       
      +0       0       0       0       0
   245 ;;Total ram usage:        0 bytes
   246 ;; Hardware stack levels required when called: 7
   247 ;; This function calls:
   248 ;;		_I2C_Open
   249 ;;		_I2C_SlaveSetReadIntHandler
   250 ;;		_SYSTEM_Initialize
   251 ;; This function is called by:
   252 ;;		Startup code after reset
   253 ;; This function uses a non-reentrant model
   254 ;;
   255                           
   256                           	psect	text0
   257   00115C                     __ptext0:
   258                           	callstack 0
   259   00115C                     _main:
   260                           	callstack 24
   261   00115C                     
   262                           ;main.c: 58:     SYSTEM_Initialize();
   263   00115C  EC6D  F009         	call	_SYSTEM_Initialize	;wreg free
   264   001160                     
   265                           ;main.c: 65:     (INTCONbits.GIE = 1);
   266   001160  8EF2               	bsf	242,7,c	;volatile
   267   001162                     
   268                           ;main.c: 67:     (INTCONbits.PEIE = 1);
   269   001162  8CF2               	bsf	242,6,c	;volatile
   270                           
   271                           ;main.c: 69:     I2C_Open();
   272   001164  EC7F  F008         	call	_I2C_Open	;wreg free
   273                           
   274                           ;main.c: 70:     I2C_SlaveSetReadIntHandler(Custom_I2C_SlaveDefRdInterruptHandler);
   275   001168  0E74               	movlw	low _Custom_I2C_SlaveDefRdInterruptHandler
   276   00116A  6E17               	movwf	I2C_SlaveSetReadIntHandler@handler^0,c
   277   00116C  0E13               	movlw	high _Custom_I2C_SlaveDefRdInterruptHandler
   278   00116E  6E18               	movwf	(I2C_SlaveSetReadIntHandler@handler+1)^0,c
   279   001170  EC92  F009         	call	_I2C_SlaveSetReadIntHandler	;wreg free
   280   001174                     l1379:
   281                           
   282                           ;main.c: 73:     {;main.c: 75:         if(RecTC74_A7_TempValue > 35){
   283   001174  0E23               	movlw	35
   284   001176  6411               	cpfsgt	_RecTC74_A7_TempValue^0,c
   285   001178  EFC0  F008         	goto	u311
   286   00117C  EFC2  F008         	goto	u310
   287   001180                     u311:
   288   001180  EFC6  F008         	goto	l77
   289   001184                     u310:
   290   001184  808B               	bsf	139,0,c	;volatile
   291   001186  928B               	bcf	139,1,c	;volatile
   292   001188  EFBA  F008         	goto	l1379
   293   00118C                     l77:
   294   00118C  908B               	bcf	139,0,c	;volatile
   295   00118E  928B               	bcf	139,1,c	;volatile
   296   001190  EFBA  F008         	goto	l1379
   297   001194  EF43  F000         	goto	start
   298   001198                     __end_of_main:
   299                           	callstack 0
   300                           
   301 ;; *************** function _SYSTEM_Initialize *****************
   302 ;; Defined at:
   303 ;;		line 50 in file "mcc_generated_files/mcc.c"
   304 ;; Parameters:    Size  Location     Type
   305 ;;		None
   306 ;; Auto vars:     Size  Location     Type
   307 ;;		None
   308 ;; Return value:  Size  Location     Type
   309 ;;                  1    wreg      void 
   310 ;; Registers used:
   311 ;;		wreg, status,2, status,0, cstack
   312 ;; Tracked objects:
   313 ;;		On entry : 0/0
   314 ;;		On exit  : 0/0
   315 ;;		Unchanged: 0/0
   316 ;; Data sizes:     COMRAM   BANK0   BANK1   BANK2   BANK3   BANK4   BANK5   BANK6   BANK7   BANK8   BANK9  BANK10  BANK1
      +1  BANK12  BANK13  BANK14  BANK15
   317 ;;      Params:         0       0       0       0       0       0       0       0       0       0       0       0       
      +0       0       0       0       0
   318 ;;      Locals:         0       0       0       0       0       0       0       0       0       0       0       0       
      +0       0       0       0       0
   319 ;;      Temps:          0       0       0       0       0       0       0       0       0       0       0       0       
      +0       0       0       0       0
   320 ;;      Totals:         0       0       0       0       0       0       0       0       0       0       0       0       
      +0       0       0       0       0
   321 ;;Total ram usage:        0 bytes
   322 ;; Hardware stack levels used: 1
   323 ;; Hardware stack levels required when called: 6
   324 ;; This function calls:
   325 ;;		_I2C_Initialize
   326 ;;		_INTERRUPT_Initialize
   327 ;;		_OSCILLATOR_Initialize
   328 ;;		_PIN_MANAGER_Initialize
   329 ;; This function is called by:
   330 ;;		_main
   331 ;; This function uses a non-reentrant model
   332 ;;
   333                           
   334                           	psect	text1
   335   0012DA                     __ptext1:
   336                           	callstack 0
   337   0012DA                     _SYSTEM_Initialize:
   338                           	callstack 24
   339   0012DA                     
   340                           ;mcc_generated_files/mcc.c: 53:     INTERRUPT_Initialize();
   341   0012DA  ECBD  F009         	call	_INTERRUPT_Initialize	;wreg free
   342   0012DE                     
   343                           ;mcc_generated_files/mcc.c: 54:     I2C_Initialize();
   344   0012DE  EC76  F009         	call	_I2C_Initialize	;wreg free
   345   0012E2                     
   346                           ;mcc_generated_files/mcc.c: 55:     PIN_MANAGER_Initialize();
   347   0012E2  ECCC  F008         	call	_PIN_MANAGER_Initialize	;wreg free
   348   0012E6                     
   349                           ;mcc_generated_files/mcc.c: 56:     OSCILLATOR_Initialize();
   350   0012E6  EC7E  F009         	call	_OSCILLATOR_Initialize	;wreg free
   351   0012EA  0012               	return		;funcret
   352   0012EC                     __end_of_SYSTEM_Initialize:
   353                           	callstack 0
   354                           
   355 ;; *************** function _PIN_MANAGER_Initialize *****************
   356 ;; Defined at:
   357 ;;		line 55 in file "mcc_generated_files/pin_manager.c"
   358 ;; Parameters:    Size  Location     Type
   359 ;;		None
   360 ;; Auto vars:     Size  Location     Type
   361 ;;		None
   362 ;; Return value:  Size  Location     Type
   363 ;;                  1    wreg      void 
   364 ;; Registers used:
   365 ;;		wreg, status,2
   366 ;; Tracked objects:
   367 ;;		On entry : 0/0
   368 ;;		On exit  : 0/0
   369 ;;		Unchanged: 0/0
   370 ;; Data sizes:     COMRAM   BANK0   BANK1   BANK2   BANK3   BANK4   BANK5   BANK6   BANK7   BANK8   BANK9  BANK10  BANK1
      +1  BANK12  BANK13  BANK14  BANK15
   371 ;;      Params:         0       0       0       0       0       0       0       0       0       0       0       0       
      +0       0       0       0       0
   372 ;;      Locals:         0       0       0       0       0       0       0       0       0       0       0       0       
      +0       0       0       0       0
   373 ;;      Temps:          0       0       0       0       0       0       0       0       0       0       0       0       
      +0       0       0       0       0
   374 ;;      Totals:         0       0       0       0       0       0       0       0       0       0       0       0       
      +0       0       0       0       0
   375 ;;Total ram usage:        0 bytes
   376 ;; Hardware stack levels used: 1
   377 ;; Hardware stack levels required when called: 5
   378 ;; This function calls:
   379 ;;		Nothing
   380 ;; This function is called by:
   381 ;;		_SYSTEM_Initialize
   382 ;; This function uses a non-reentrant model
   383 ;;
   384                           
   385                           	psect	text2
   386   001198                     __ptext2:
   387                           	callstack 0
   388   001198                     _PIN_MANAGER_Initialize:
   389                           	callstack 24
   390   001198                     
   391                           ;mcc_generated_files/pin_manager.c: 60:     LATE = 0x00;
   392   001198  0E00               	movlw	0
   393   00119A  6E8D               	movwf	141,c	;volatile
   394                           
   395                           ;mcc_generated_files/pin_manager.c: 61:     LATD = 0x00;
   396   00119C  0E00               	movlw	0
   397   00119E  6E8C               	movwf	140,c	;volatile
   398                           
   399                           ;mcc_generated_files/pin_manager.c: 62:     LATA = 0x00;
   400   0011A0  0E00               	movlw	0
   401   0011A2  6E89               	movwf	137,c	;volatile
   402                           
   403                           ;mcc_generated_files/pin_manager.c: 63:     LATB = 0x00;
   404   0011A4  0E00               	movlw	0
   405   0011A6  6E8A               	movwf	138,c	;volatile
   406                           
   407                           ;mcc_generated_files/pin_manager.c: 64:     LATC = 0x00;
   408   0011A8  0E00               	movlw	0
   409   0011AA  6E8B               	movwf	139,c	;volatile
   410                           
   411                           ;mcc_generated_files/pin_manager.c: 69:     TRISE = 0x07;
   412   0011AC  0E07               	movlw	7
   413   0011AE  6E96               	movwf	150,c	;volatile
   414   0011B0                     
   415                           ;mcc_generated_files/pin_manager.c: 70:     TRISA = 0xFF;
   416   0011B0  6892               	setf	146,c	;volatile
   417   0011B2                     
   418                           ;mcc_generated_files/pin_manager.c: 71:     TRISB = 0xFF;
   419   0011B2  6893               	setf	147,c	;volatile
   420                           
   421                           ;mcc_generated_files/pin_manager.c: 72:     TRISC = 0xFC;
   422   0011B4  0EFC               	movlw	252
   423   0011B6  6E94               	movwf	148,c	;volatile
   424   0011B8                     
   425                           ;mcc_generated_files/pin_manager.c: 73:     TRISD = 0xFF;
   426   0011B8  6895               	setf	149,c	;volatile
   427   0011BA                     
   428                           ;mcc_generated_files/pin_manager.c: 78:     ANSEL = 0xFF;
   429   0011BA  687E               	setf	126,c	;volatile
   430                           
   431                           ;mcc_generated_files/pin_manager.c: 79:     ANSELH = 0x1F;
   432   0011BC  0E1F               	movlw	31
   433   0011BE  6E7F               	movwf	127,c	;volatile
   434                           
   435                           ;mcc_generated_files/pin_manager.c: 84:     WPUB = 0x00;
   436   0011C0  0E00               	movlw	0
   437   0011C2  6E7C               	movwf	124,c	;volatile
   438   0011C4                     
   439                           ;mcc_generated_files/pin_manager.c: 85:     INTCON2bits.nRBPU = 1;
   440   0011C4  8EF1               	bsf	241,7,c	;volatile
   441   0011C6  0012               	return		;funcret
   442   0011C8                     __end_of_PIN_MANAGER_Initialize:
   443                           	callstack 0
   444                           
   445 ;; *************** function _OSCILLATOR_Initialize *****************
   446 ;; Defined at:
   447 ;;		line 59 in file "mcc_generated_files/mcc.c"
   448 ;; Parameters:    Size  Location     Type
   449 ;;		None
   450 ;; Auto vars:     Size  Location     Type
   451 ;;		None
   452 ;; Return value:  Size  Location     Type
   453 ;;                  1    wreg      void 
   454 ;; Registers used:
   455 ;;		wreg, status,2
   456 ;; Tracked objects:
   457 ;;		On entry : 0/0
   458 ;;		On exit  : 0/0
   459 ;;		Unchanged: 0/0
   460 ;; Data sizes:     COMRAM   BANK0   BANK1   BANK2   BANK3   BANK4   BANK5   BANK6   BANK7   BANK8   BANK9  BANK10  BANK1
      +1  BANK12  BANK13  BANK14  BANK15
   461 ;;      Params:         0       0       0       0       0       0       0       0       0       0       0       0       
      +0       0       0       0       0
   462 ;;      Locals:         0       0       0       0       0       0       0       0       0       0       0       0       
      +0       0       0       0       0
   463 ;;      Temps:          0       0       0       0       0       0       0       0       0       0       0       0       
      +0       0       0       0       0
   464 ;;      Totals:         0       0       0       0       0       0       0       0       0       0       0       0       
      +0       0       0       0       0
   465 ;;Total ram usage:        0 bytes
   466 ;; Hardware stack levels used: 1
   467 ;; Hardware stack levels required when called: 5
   468 ;; This function calls:
   469 ;;		Nothing
   470 ;; This function is called by:
   471 ;;		_SYSTEM_Initialize
   472 ;; This function uses a non-reentrant model
   473 ;;
   474                           
   475                           	psect	text3
   476   0012FC                     __ptext3:
   477                           	callstack 0
   478   0012FC                     _OSCILLATOR_Initialize:
   479                           	callstack 24
   480   0012FC                     
   481                           ;mcc_generated_files/mcc.c: 62:     OSCCON = 0x30;
   482   0012FC  0E30               	movlw	48
   483   0012FE  6ED3               	movwf	211,c	;volatile
   484                           
   485                           ;mcc_generated_files/mcc.c: 64:     OSCTUNE = 0x00;
   486   001300  0E00               	movlw	0
   487   001302  6E9B               	movwf	155,c	;volatile
   488   001304  0012               	return		;funcret
   489   001306                     __end_of_OSCILLATOR_Initialize:
   490                           	callstack 0
   491                           
   492 ;; *************** function _INTERRUPT_Initialize *****************
   493 ;; Defined at:
   494 ;;		line 52 in file "mcc_generated_files/interrupt_manager.c"
   495 ;; Parameters:    Size  Location     Type
   496 ;;		None
   497 ;; Auto vars:     Size  Location     Type
   498 ;;		None
   499 ;; Return value:  Size  Location     Type
   500 ;;                  1    wreg      void 
   501 ;; Registers used:
   502 ;;		None
   503 ;; Tracked objects:
   504 ;;		On entry : 0/0
   505 ;;		On exit  : 0/0
   506 ;;		Unchanged: 0/0
   507 ;; Data sizes:     COMRAM   BANK0   BANK1   BANK2   BANK3   BANK4   BANK5   BANK6   BANK7   BANK8   BANK9  BANK10  BANK1
      +1  BANK12  BANK13  BANK14  BANK15
   508 ;;      Params:         0       0       0       0       0       0       0       0       0       0       0       0       
      +0       0       0       0       0
   509 ;;      Locals:         0       0       0       0       0       0       0       0       0       0       0       0       
      +0       0       0       0       0
   510 ;;      Temps:          0       0       0       0       0       0       0       0       0       0       0       0       
      +0       0       0       0       0
   511 ;;      Totals:         0       0       0       0       0       0       0       0       0       0       0       0       
      +0       0       0       0       0
   512 ;;Total ram usage:        0 bytes
   513 ;; Hardware stack levels used: 1
   514 ;; Hardware stack levels required when called: 5
   515 ;; This function calls:
   516 ;;		Nothing
   517 ;; This function is called by:
   518 ;;		_SYSTEM_Initialize
   519 ;; This function uses a non-reentrant model
   520 ;;
   521                           
   522                           	psect	text4
   523   00137A                     __ptext4:
   524                           	callstack 0
   525   00137A                     _INTERRUPT_Initialize:
   526                           	callstack 24
   527   00137A                     
   528                           ;mcc_generated_files/interrupt_manager.c: 55:     RCONbits.IPEN = 0;
   529   00137A  9ED0               	bcf	208,7,c	;volatile
   530   00137C  0012               	return		;funcret
   531   00137E                     __end_of_INTERRUPT_Initialize:
   532                           	callstack 0
   533                           
   534 ;; *************** function _I2C_Initialize *****************
   535 ;; Defined at:
   536 ;;		line 108 in file "mcc_generated_files/i2c_slave.c"
   537 ;; Parameters:    Size  Location     Type
   538 ;;		None
   539 ;; Auto vars:     Size  Location     Type
   540 ;;		None
   541 ;; Return value:  Size  Location     Type
   542 ;;                  1    wreg      void 
   543 ;; Registers used:
   544 ;;		wreg, status,2, status,0
   545 ;; Tracked objects:
   546 ;;		On entry : 0/0
   547 ;;		On exit  : 0/0
   548 ;;		Unchanged: 0/0
   549 ;; Data sizes:     COMRAM   BANK0   BANK1   BANK2   BANK3   BANK4   BANK5   BANK6   BANK7   BANK8   BANK9  BANK10  BANK1
      +1  BANK12  BANK13  BANK14  BANK15
   550 ;;      Params:         0       0       0       0       0       0       0       0       0       0       0       0       
      +0       0       0       0       0
   551 ;;      Locals:         0       0       0       0       0       0       0       0       0       0       0       0       
      +0       0       0       0       0
   552 ;;      Temps:          0       0       0       0       0       0       0       0       0       0       0       0       
      +0       0       0       0       0
   553 ;;      Totals:         0       0       0       0       0       0       0       0       0       0       0       0       
      +0       0       0       0       0
   554 ;;Total ram usage:        0 bytes
   555 ;; Hardware stack levels used: 1
   556 ;; Hardware stack levels required when called: 5
   557 ;; This function calls:
   558 ;;		Nothing
   559 ;; This function is called by:
   560 ;;		_SYSTEM_Initialize
   561 ;;		_I2C_Enable
   562 ;; This function uses a non-reentrant model
   563 ;;
   564                           
   565                           	psect	text5
   566   0012EC                     __ptext5:
   567                           	callstack 0
   568   0012EC                     _I2C_Initialize:
   569                           	callstack 24
   570   0012EC                     
   571                           ;mcc_generated_files/i2c_slave.c: 110:     SSPSTAT = 0x80;
   572   0012EC  0E80               	movlw	128
   573   0012EE  6EC7               	movwf	199,c	;volatile
   574   0012F0                     
   575                           ;mcc_generated_files/i2c_slave.c: 111:     SSPCON1 |= 0x06;
   576   0012F0  0E06               	movlw	6
   577   0012F2  12C6               	iorwf	198,f,c	;volatile
   578   0012F4                     
   579                           ;mcc_generated_files/i2c_slave.c: 112:     SSPCON2 = 0x00;
   580   0012F4  0E00               	movlw	0
   581   0012F6  6EC5               	movwf	197,c	;volatile
   582   0012F8                     
   583                           ;mcc_generated_files/i2c_slave.c: 113:     SSPCON1bits.SSPEN = 0;
   584   0012F8  9AC6               	bcf	198,5,c	;volatile
   585   0012FA  0012               	return		;funcret
   586   0012FC                     __end_of_I2C_Initialize:
   587                           	callstack 0
   588                           
   589 ;; *************** function _I2C_Open *****************
   590 ;; Defined at:
   591 ;;		line 116 in file "mcc_generated_files/i2c_slave.c"
   592 ;; Parameters:    Size  Location     Type
   593 ;;		None
   594 ;; Auto vars:     Size  Location     Type
   595 ;;		None
   596 ;; Return value:  Size  Location     Type
   597 ;;                  1    wreg      void 
   598 ;; Registers used:
   599 ;;		wreg, status,2, status,0, cstack
   600 ;; Tracked objects:
   601 ;;		On entry : 0/0
   602 ;;		On exit  : 0/0
   603 ;;		Unchanged: 0/0
   604 ;; Data sizes:     COMRAM   BANK0   BANK1   BANK2   BANK3   BANK4   BANK5   BANK6   BANK7   BANK8   BANK9  BANK10  BANK1
      +1  BANK12  BANK13  BANK14  BANK15
   605 ;;      Params:         0       0       0       0       0       0       0       0       0       0       0       0       
      +0       0       0       0       0
   606 ;;      Locals:         0       0       0       0       0       0       0       0       0       0       0       0       
      +0       0       0       0       0
   607 ;;      Temps:          0       0       0       0       0       0       0       0       0       0       0       0       
      +0       0       0       0       0
   608 ;;      Totals:         0       0       0       0       0       0       0       0       0       0       0       0       
      +0       0       0       0       0
   609 ;;Total ram usage:        0 bytes
   610 ;; Hardware stack levels used: 1
   611 ;; Hardware stack levels required when called: 6
   612 ;; This function calls:
   613 ;;		_I2C_SlaveEnableIrq
   614 ;;		_I2C_SlaveOpen
   615 ;;		_I2C_SlaveSetAddrIntHandler
   616 ;;		_I2C_SlaveSetBusColIntHandler
   617 ;;		_I2C_SlaveSetIsrHandler
   618 ;;		_I2C_SlaveSetReadIntHandler
   619 ;;		_I2C_SlaveSetSlaveAddr
   620 ;;		_I2C_SlaveSetSlaveMask
   621 ;;		_I2C_SlaveSetWrColIntHandler
   622 ;;		_I2C_SlaveSetWriteIntHandler
   623 ;; This function is called by:
   624 ;;		_main
   625 ;; This function uses a non-reentrant model
   626 ;;
   627                           
   628                           	psect	text6
   629   0010FE                     __ptext6:
   630                           	callstack 0
   631   0010FE                     _I2C_Open:
   632                           	callstack 24
   633   0010FE                     
   634                           ;mcc_generated_files/i2c_slave.c: 118:     I2C_SlaveOpen();
   635   0010FE  EC29  F009         	call	_I2C_SlaveOpen	;wreg free
   636   001102                     
   637                           ;mcc_generated_files/i2c_slave.c: 119:     I2C_SlaveSetSlaveAddr(112);
   638   001102  0E70               	movlw	112
   639   001104  ECA6  F009         	call	_I2C_SlaveSetSlaveAddr
   640   001108                     
   641                           ;mcc_generated_files/i2c_slave.c: 120:     I2C_SlaveSetSlaveMask(127);
   642   001108  0E7F               	movlw	127
   643   00110A  EC8D  F009         	call	_I2C_SlaveSetSlaveMask
   644   00110E                     
   645                           ;mcc_generated_files/i2c_slave.c: 121:     I2C_SlaveSetIsrHandler(I2C_Isr);
   646   00110E  0E02               	movlw	low _I2C_Isr
   647   001110  6E17               	movwf	I2C_SlaveSetIsrHandler@handler^0,c
   648   001112  0E10               	movlw	high _I2C_Isr
   649   001114  6E18               	movwf	(I2C_SlaveSetIsrHandler@handler+1)^0,c
   650   001116  EC97  F009         	call	_I2C_SlaveSetIsrHandler	;wreg free
   651   00111A                     
   652                           ;mcc_generated_files/i2c_slave.c: 122:     I2C_SlaveSetBusColIntHandler(I2C_SlaveDefBusC
      +                          olInterruptHandler);
   653   00111A  0E00               	movlw	0
   654   00111C  6E17               	movwf	I2C_SlaveSetBusColIntHandler@handler^0,c
   655   00111E  0E00               	movlw	0
   656   001120  6E18               	movwf	(I2C_SlaveSetBusColIntHandler@handler+1)^0,c
   657   001122  EC9C  F009         	call	_I2C_SlaveSetBusColIntHandler	;wreg free
   658   001126                     
   659                           ;mcc_generated_files/i2c_slave.c: 123:     I2C_SlaveSetWriteIntHandler(I2C_SlaveDefWrInt
      +                          erruptHandler);
   660   001126  0E54               	movlw	low _I2C_SlaveDefWrInterruptHandler
   661   001128  6E17               	movwf	I2C_SlaveSetWriteIntHandler@handler^0,c
   662   00112A  0E13               	movlw	high _I2C_SlaveDefWrInterruptHandler
   663   00112C  6E18               	movwf	(I2C_SlaveSetWriteIntHandler@handler+1)^0,c
   664   00112E  EC83  F009         	call	_I2C_SlaveSetWriteIntHandler	;wreg free
   665   001132                     
   666                           ;mcc_generated_files/i2c_slave.c: 124:     I2C_SlaveSetReadIntHandler(I2C_SlaveDefRdInte
      +                          rruptHandler);
   667   001132  0E64               	movlw	low _I2C_SlaveDefRdInterruptHandler
   668   001134  6E17               	movwf	I2C_SlaveSetReadIntHandler@handler^0,c
   669   001136  0E13               	movlw	high _I2C_SlaveDefRdInterruptHandler
   670   001138  6E18               	movwf	(I2C_SlaveSetReadIntHandler@handler+1)^0,c
   671   00113A  EC92  F009         	call	_I2C_SlaveSetReadIntHandler	;wreg free
   672   00113E                     
   673                           ;mcc_generated_files/i2c_slave.c: 125:     I2C_SlaveSetAddrIntHandler(I2C_SlaveDefAddrIn
      +                          terruptHandler);
   674   00113E  0E6C               	movlw	low _I2C_SlaveDefAddrInterruptHandler
   675   001140  6E17               	movwf	I2C_SlaveSetAddrIntHandler@handler^0,c
   676   001142  0E13               	movlw	high _I2C_SlaveDefAddrInterruptHandler
   677   001144  6E18               	movwf	(I2C_SlaveSetAddrIntHandler@handler+1)^0,c
   678   001146  ECA1  F009         	call	_I2C_SlaveSetAddrIntHandler	;wreg free
   679   00114A                     
   680                           ;mcc_generated_files/i2c_slave.c: 126:     I2C_SlaveSetWrColIntHandler(I2C_SlaveDefWrCol
      +                          InterruptHandler);
   681   00114A  0E00               	movlw	0
   682   00114C  6E17               	movwf	I2C_SlaveSetWrColIntHandler@handler^0,c
   683   00114E  0E00               	movlw	0
   684   001150  6E18               	movwf	(I2C_SlaveSetWrColIntHandler@handler+1)^0,c
   685   001152  EC88  F009         	call	_I2C_SlaveSetWrColIntHandler	;wreg free
   686   001156                     
   687                           ;mcc_generated_files/i2c_slave.c: 127:     I2C_SlaveEnableIrq();
   688   001156  ECBF  F009         	call	_I2C_SlaveEnableIrq	;wreg free
   689   00115A  0012               	return		;funcret
   690   00115C                     __end_of_I2C_Open:
   691                           	callstack 0
   692                           
   693 ;; *************** function _I2C_SlaveSetWriteIntHandler *****************
   694 ;; Defined at:
   695 ;;		line 246 in file "mcc_generated_files/i2c_slave.c"
   696 ;; Parameters:    Size  Location     Type
   697 ;;  handler         2    5[COMRAM] PTR FTN()void 
   698 ;;		 -> I2C_SlaveDefWrInterruptHandler(1), 
   699 ;; Auto vars:     Size  Location     Type
   700 ;;		None
   701 ;; Return value:  Size  Location     Type
   702 ;;                  1    wreg      void 
   703 ;; Registers used:
   704 ;;		wreg, status,2, status,0
   705 ;; Tracked objects:
   706 ;;		On entry : 0/0
   707 ;;		On exit  : 0/0
   708 ;;		Unchanged: 0/0
   709 ;; Data sizes:     COMRAM   BANK0   BANK1   BANK2   BANK3   BANK4   BANK5   BANK6   BANK7   BANK8   BANK9  BANK10  BANK1
      +1  BANK12  BANK13  BANK14  BANK15
   710 ;;      Params:         2       0       0       0       0       0       0       0       0       0       0       0       
      +0       0       0       0       0
   711 ;;      Locals:         0       0       0       0       0       0       0       0       0       0       0       0       
      +0       0       0       0       0
   712 ;;      Temps:          0       0       0       0       0       0       0       0       0       0       0       0       
      +0       0       0       0       0
   713 ;;      Totals:         2       0       0       0       0       0       0       0       0       0       0       0       
      +0       0       0       0       0
   714 ;;Total ram usage:        2 bytes
   715 ;; Hardware stack levels used: 1
   716 ;; Hardware stack levels required when called: 5
   717 ;; This function calls:
   718 ;;		Nothing
   719 ;; This function is called by:
   720 ;;		_I2C_Open
   721 ;; This function uses a non-reentrant model
   722 ;;
   723                           
   724                           	psect	text7
   725   001306                     __ptext7:
   726                           	callstack 0
   727   001306                     _I2C_SlaveSetWriteIntHandler:
   728                           	callstack 24
   729   001306                     
   730                           ;mcc_generated_files/i2c_slave.c: 247:     I2C_SlaveWrInterruptHandler = handler;
   731   001306  C017  F007         	movff	I2C_SlaveSetWriteIntHandler@handler,_I2C_SlaveWrInterruptHandler
   732   00130A  C018  F008         	movff	I2C_SlaveSetWriteIntHandler@handler+1,_I2C_SlaveWrInterruptHandler+1
   733   00130E  0012               	return		;funcret
   734   001310                     __end_of_I2C_SlaveSetWriteIntHandler:
   735                           	callstack 0
   736                           
   737 ;; *************** function _I2C_SlaveSetWrColIntHandler *****************
   738 ;; Defined at:
   739 ;;		line 279 in file "mcc_generated_files/i2c_slave.c"
   740 ;; Parameters:    Size  Location     Type
   741 ;;  handler         2    5[COMRAM] PTR FTN()void 
   742 ;;		 -> I2C_SlaveDefWrColInterruptHandler(1), 
   743 ;; Auto vars:     Size  Location     Type
   744 ;;		None
   745 ;; Return value:  Size  Location     Type
   746 ;;                  1    wreg      void 
   747 ;; Registers used:
   748 ;;		wreg, status,2, status,0
   749 ;; Tracked objects:
   750 ;;		On entry : 0/0
   751 ;;		On exit  : 0/0
   752 ;;		Unchanged: 0/0
   753 ;; Data sizes:     COMRAM   BANK0   BANK1   BANK2   BANK3   BANK4   BANK5   BANK6   BANK7   BANK8   BANK9  BANK10  BANK1
      +1  BANK12  BANK13  BANK14  BANK15
   754 ;;      Params:         2       0       0       0       0       0       0       0       0       0       0       0       
      +0       0       0       0       0
   755 ;;      Locals:         0       0       0       0       0       0       0       0       0       0       0       0       
      +0       0       0       0       0
   756 ;;      Temps:          0       0       0       0       0       0       0       0       0       0       0       0       
      +0       0       0       0       0
   757 ;;      Totals:         2       0       0       0       0       0       0       0       0       0       0       0       
      +0       0       0       0       0
   758 ;;Total ram usage:        2 bytes
   759 ;; Hardware stack levels used: 1
   760 ;; Hardware stack levels required when called: 5
   761 ;; This function calls:
   762 ;;		Nothing
   763 ;; This function is called by:
   764 ;;		_I2C_Open
   765 ;; This function uses a non-reentrant model
   766 ;;
   767                           
   768                           	psect	text8
   769   001310                     __ptext8:
   770                           	callstack 0
   771   001310                     _I2C_SlaveSetWrColIntHandler:
   772                           	callstack 24
   773   001310                     
   774                           ;mcc_generated_files/i2c_slave.c: 280:     I2C_SlaveWrColInterruptHandler = handler;
   775   001310  C017  F001         	movff	I2C_SlaveSetWrColIntHandler@handler,_I2C_SlaveWrColInterruptHandler
   776   001314  C018  F002         	movff	I2C_SlaveSetWrColIntHandler@handler+1,_I2C_SlaveWrColInterruptHandler+1
   777   001318  0012               	return		;funcret
   778   00131A                     __end_of_I2C_SlaveSetWrColIntHandler:
   779                           	callstack 0
   780                           
   781 ;; *************** function _I2C_SlaveSetSlaveMask *****************
   782 ;; Defined at:
   783 ;;		line 336 in file "mcc_generated_files/i2c_slave.c"
   784 ;; Parameters:    Size  Location     Type
   785 ;;  maskAddr        1    wreg     unsigned char 
   786 ;; Auto vars:     Size  Location     Type
   787 ;;  maskAddr        1    5[COMRAM] unsigned char 
   788 ;; Return value:  Size  Location     Type
   789 ;;                  1    wreg      void 
   790 ;; Registers used:
   791 ;;		wreg, status,2, status,0
   792 ;; Tracked objects:
   793 ;;		On entry : 0/0
   794 ;;		On exit  : 0/0
   795 ;;		Unchanged: 0/0
   796 ;; Data sizes:     COMRAM   BANK0   BANK1   BANK2   BANK3   BANK4   BANK5   BANK6   BANK7   BANK8   BANK9  BANK10  BANK1
      +1  BANK12  BANK13  BANK14  BANK15
   797 ;;      Params:         0       0       0       0       0       0       0       0       0       0       0       0       
      +0       0       0       0       0
   798 ;;      Locals:         1       0       0       0       0       0       0       0       0       0       0       0       
      +0       0       0       0       0
   799 ;;      Temps:          0       0       0       0       0       0       0       0       0       0       0       0       
      +0       0       0       0       0
   800 ;;      Totals:         1       0       0       0       0       0       0       0       0       0       0       0       
      +0       0       0       0       0
   801 ;;Total ram usage:        1 bytes
   802 ;; Hardware stack levels used: 1
   803 ;; Hardware stack levels required when called: 5
   804 ;; This function calls:
   805 ;;		Nothing
   806 ;; This function is called by:
   807 ;;		_I2C_Open
   808 ;; This function uses a non-reentrant model
   809 ;;
   810                           
   811                           	psect	text9
   812   00131A                     __ptext9:
   813                           	callstack 0
   814   00131A                     _I2C_SlaveSetSlaveMask:
   815                           	callstack 24
   816                           
   817                           ;incstack = 0
   818                           ;I2C_SlaveSetSlaveMask@maskAddr stored from wreg
   819   00131A  6E17               	movwf	I2C_SlaveSetSlaveMask@maskAddr^0,c
   820   00131C                     
   821                           ;mcc_generated_files/i2c_slave.c: 336: static __attribute__((inline)) void I2C_SlaveSetS
      +                          laveMask(uint8_t maskAddr);mcc_generated_files/i2c_slave.c: 337: {;mcc_generated_files/i
      +                          2c_slave.c: 338:     SSPMSK = (uint8_t) (maskAddr << 1);
   822   00131C  5017               	movf	I2C_SlaveSetSlaveMask@maskAddr^0,w,c
   823   00131E  2417               	addwf	I2C_SlaveSetSlaveMask@maskAddr^0,w,c
   824   001320  6E77               	movwf	119,c	;volatile
   825   001322  0012               	return		;funcret
   826   001324                     __end_of_I2C_SlaveSetSlaveMask:
   827                           	callstack 0
   828                           
   829 ;; *************** function _I2C_SlaveSetSlaveAddr *****************
   830 ;; Defined at:
   831 ;;		line 331 in file "mcc_generated_files/i2c_slave.c"
   832 ;; Parameters:    Size  Location     Type
   833 ;;  slaveAddr       1    wreg     unsigned char 
   834 ;; Auto vars:     Size  Location     Type
   835 ;;  slaveAddr       1    5[COMRAM] unsigned char 
   836 ;; Return value:  Size  Location     Type
   837 ;;                  1    wreg      void 
   838 ;; Registers used:
   839 ;;		wreg
   840 ;; Tracked objects:
   841 ;;		On entry : 0/0
   842 ;;		On exit  : 0/0
   843 ;;		Unchanged: 0/0
   844 ;; Data sizes:     COMRAM   BANK0   BANK1   BANK2   BANK3   BANK4   BANK5   BANK6   BANK7   BANK8   BANK9  BANK10  BANK1
      +1  BANK12  BANK13  BANK14  BANK15
   845 ;;      Params:         0       0       0       0       0       0       0       0       0       0       0       0       
      +0       0       0       0       0
   846 ;;      Locals:         1       0       0       0       0       0       0       0       0       0       0       0       
      +0       0       0       0       0
   847 ;;      Temps:          0       0       0       0       0       0       0       0       0       0       0       0       
      +0       0       0       0       0
   848 ;;      Totals:         1       0       0       0       0       0       0       0       0       0       0       0       
      +0       0       0       0       0
   849 ;;Total ram usage:        1 bytes
   850 ;; Hardware stack levels used: 1
   851 ;; Hardware stack levels required when called: 5
   852 ;; This function calls:
   853 ;;		Nothing
   854 ;; This function is called by:
   855 ;;		_I2C_Open
   856 ;; This function uses a non-reentrant model
   857 ;;
   858                           
   859                           	psect	text10
   860   00134C                     __ptext10:
   861                           	callstack 0
   862   00134C                     _I2C_SlaveSetSlaveAddr:
   863                           	callstack 24
   864                           
   865                           ;incstack = 0
   866                           ;I2C_SlaveSetSlaveAddr@slaveAddr stored from wreg
   867   00134C  6E17               	movwf	I2C_SlaveSetSlaveAddr@slaveAddr^0,c
   868   00134E                     
   869                           ;mcc_generated_files/i2c_slave.c: 331: static __attribute__((inline)) void I2C_SlaveSetS
      +                          laveAddr(uint8_t slaveAddr);mcc_generated_files/i2c_slave.c: 332: {;mcc_generated_files/
      +                          i2c_slave.c: 333:     SSPADD = (uint8_t) (slaveAddr);
   870   00134E  C017  FFC8         	movff	I2C_SlaveSetSlaveAddr@slaveAddr,4040	;volatile
   871   001352  0012               	return		;funcret
   872   001354                     __end_of_I2C_SlaveSetSlaveAddr:
   873                           	callstack 0
   874                           
   875 ;; *************** function _I2C_SlaveSetReadIntHandler *****************
   876 ;; Defined at:
   877 ;;		line 229 in file "mcc_generated_files/i2c_slave.c"
   878 ;; Parameters:    Size  Location     Type
   879 ;;  handler         2    5[COMRAM] PTR FTN()void 
   880 ;;		 -> I2C_SlaveDefRdInterruptHandler(1), Custom_I2C_SlaveDefRdInterruptHandler(1), 
   881 ;; Auto vars:     Size  Location     Type
   882 ;;		None
   883 ;; Return value:  Size  Location     Type
   884 ;;                  1    wreg      void 
   885 ;; Registers used:
   886 ;;		wreg, status,2, status,0
   887 ;; Tracked objects:
   888 ;;		On entry : 0/0
   889 ;;		On exit  : 0/0
   890 ;;		Unchanged: 0/0
   891 ;; Data sizes:     COMRAM   BANK0   BANK1   BANK2   BANK3   BANK4   BANK5   BANK6   BANK7   BANK8   BANK9  BANK10  BANK1
      +1  BANK12  BANK13  BANK14  BANK15
   892 ;;      Params:         2       0       0       0       0       0       0       0       0       0       0       0       
      +0       0       0       0       0
   893 ;;      Locals:         0       0       0       0       0       0       0       0       0       0       0       0       
      +0       0       0       0       0
   894 ;;      Temps:          0       0       0       0       0       0       0       0       0       0       0       0       
      +0       0       0       0       0
   895 ;;      Totals:         2       0       0       0       0       0       0       0       0       0       0       0       
      +0       0       0       0       0
   896 ;;Total ram usage:        2 bytes
   897 ;; Hardware stack levels used: 1
   898 ;; Hardware stack levels required when called: 5
   899 ;; This function calls:
   900 ;;		Nothing
   901 ;; This function is called by:
   902 ;;		_main
   903 ;;		_I2C_Open
   904 ;; This function uses a non-reentrant model
   905 ;;
   906                           
   907                           	psect	text11
   908   001324                     __ptext11:
   909                           	callstack 0
   910   001324                     _I2C_SlaveSetReadIntHandler:
   911                           	callstack 25
   912   001324                     
   913                           ;mcc_generated_files/i2c_slave.c: 230:     I2C_SlaveRdInterruptHandler = handler;
   914   001324  C017  F009         	movff	I2C_SlaveSetReadIntHandler@handler,_I2C_SlaveRdInterruptHandler
   915   001328  C018  F00A         	movff	I2C_SlaveSetReadIntHandler@handler+1,_I2C_SlaveRdInterruptHandler+1
   916   00132C  0012               	return		;funcret
   917   00132E                     __end_of_I2C_SlaveSetReadIntHandler:
   918                           	callstack 0
   919                           
   920 ;; *************** function _I2C_SlaveSetIsrHandler *****************
   921 ;; Defined at:
   922 ;;		line 223 in file "mcc_generated_files/i2c_slave.c"
   923 ;; Parameters:    Size  Location     Type
   924 ;;  handler         2    5[COMRAM] PTR FTN()void 
   925 ;;		 -> I2C_Isr(1), 
   926 ;; Auto vars:     Size  Location     Type
   927 ;;		None
   928 ;; Return value:  Size  Location     Type
   929 ;;                  1    wreg      void 
   930 ;; Registers used:
   931 ;;		wreg, status,2, status,0
   932 ;; Tracked objects:
   933 ;;		On entry : 0/0
   934 ;;		On exit  : 0/0
   935 ;;		Unchanged: 0/0
   936 ;; Data sizes:     COMRAM   BANK0   BANK1   BANK2   BANK3   BANK4   BANK5   BANK6   BANK7   BANK8   BANK9  BANK10  BANK1
      +1  BANK12  BANK13  BANK14  BANK15
   937 ;;      Params:         2       0       0       0       0       0       0       0       0       0       0       0       
      +0       0       0       0       0
   938 ;;      Locals:         0       0       0       0       0       0       0       0       0       0       0       0       
      +0       0       0       0       0
   939 ;;      Temps:          0       0       0       0       0       0       0       0       0       0       0       0       
      +0       0       0       0       0
   940 ;;      Totals:         2       0       0       0       0       0       0       0       0       0       0       0       
      +0       0       0       0       0
   941 ;;Total ram usage:        2 bytes
   942 ;; Hardware stack levels used: 1
   943 ;; Hardware stack levels required when called: 5
   944 ;; This function calls:
   945 ;;		Nothing
   946 ;; This function is called by:
   947 ;;		_I2C_Open
   948 ;; This function uses a non-reentrant model
   949 ;;
   950                           
   951                           	psect	text12
   952   00132E                     __ptext12:
   953                           	callstack 0
   954   00132E                     _I2C_SlaveSetIsrHandler:
   955                           	callstack 24
   956   00132E                     
   957                           ;mcc_generated_files/i2c_slave.c: 223: void I2C_SlaveSetIsrHandler(i2cInterruptHandler h
      +                          andler);mcc_generated_files/i2c_slave.c: 224: {;mcc_generated_files/i2c_slave.c: 225:   
      +                            MSSP_InterruptHandler = handler;
   958   00132E  C017  F00B         	movff	I2C_SlaveSetIsrHandler@handler,_MSSP_InterruptHandler
   959   001332  C018  F00C         	movff	I2C_SlaveSetIsrHandler@handler+1,_MSSP_InterruptHandler+1
   960   001336  0012               	return		;funcret
   961   001338                     __end_of_I2C_SlaveSetIsrHandler:
   962                           	callstack 0
   963                           
   964 ;; *************** function _I2C_SlaveSetBusColIntHandler *****************
   965 ;; Defined at:
   966 ;;		line 295 in file "mcc_generated_files/i2c_slave.c"
   967 ;; Parameters:    Size  Location     Type
   968 ;;  handler         2    5[COMRAM] PTR FTN()void 
   969 ;;		 -> I2C_SlaveDefBusColInterruptHandler(1), 
   970 ;; Auto vars:     Size  Location     Type
   971 ;;		None
   972 ;; Return value:  Size  Location     Type
   973 ;;                  1    wreg      void 
   974 ;; Registers used:
   975 ;;		wreg, status,2, status,0
   976 ;; Tracked objects:
   977 ;;		On entry : 0/0
   978 ;;		On exit  : 0/0
   979 ;;		Unchanged: 0/0
   980 ;; Data sizes:     COMRAM   BANK0   BANK1   BANK2   BANK3   BANK4   BANK5   BANK6   BANK7   BANK8   BANK9  BANK10  BANK1
      +1  BANK12  BANK13  BANK14  BANK15
   981 ;;      Params:         2       0       0       0       0       0       0       0       0       0       0       0       
      +0       0       0       0       0
   982 ;;      Locals:         0       0       0       0       0       0       0       0       0       0       0       0       
      +0       0       0       0       0
   983 ;;      Temps:          0       0       0       0       0       0       0       0       0       0       0       0       
      +0       0       0       0       0
   984 ;;      Totals:         2       0       0       0       0       0       0       0       0       0       0       0       
      +0       0       0       0       0
   985 ;;Total ram usage:        2 bytes
   986 ;; Hardware stack levels used: 1
   987 ;; Hardware stack levels required when called: 5
   988 ;; This function calls:
   989 ;;		Nothing
   990 ;; This function is called by:
   991 ;;		_I2C_Open
   992 ;; This function uses a non-reentrant model
   993 ;;
   994                           
   995                           	psect	text13
   996   001338                     __ptext13:
   997                           	callstack 0
   998   001338                     _I2C_SlaveSetBusColIntHandler:
   999                           	callstack 24
  1000   001338                     
  1001                           ;mcc_generated_files/i2c_slave.c: 296:     I2C_SlaveBusColInterruptHandler = handler;
  1002   001338  C017  F003         	movff	I2C_SlaveSetBusColIntHandler@handler,_I2C_SlaveBusColInterruptHandler
  1003   00133C  C018  F004         	movff	I2C_SlaveSetBusColIntHandler@handler+1,_I2C_SlaveBusColInterruptHandler+1
  1004   001340  0012               	return		;funcret
  1005   001342                     __end_of_I2C_SlaveSetBusColIntHandler:
  1006                           	callstack 0
  1007                           
  1008 ;; *************** function _I2C_SlaveSetAddrIntHandler *****************
  1009 ;; Defined at:
  1010 ;;		line 263 in file "mcc_generated_files/i2c_slave.c"
  1011 ;; Parameters:    Size  Location     Type
  1012 ;;  handler         2    5[COMRAM] PTR FTN()void 
  1013 ;;		 -> I2C_SlaveDefAddrInterruptHandler(1), 
  1014 ;; Auto vars:     Size  Location     Type
  1015 ;;		None
  1016 ;; Return value:  Size  Location     Type
  1017 ;;                  1    wreg      void 
  1018 ;; Registers used:
  1019 ;;		wreg, status,2, status,0
  1020 ;; Tracked objects:
  1021 ;;		On entry : 0/0
  1022 ;;		On exit  : 0/0
  1023 ;;		Unchanged: 0/0
  1024 ;; Data sizes:     COMRAM   BANK0   BANK1   BANK2   BANK3   BANK4   BANK5   BANK6   BANK7   BANK8   BANK9  BANK10  BANK1
      +1  BANK12  BANK13  BANK14  BANK15
  1025 ;;      Params:         2       0       0       0       0       0       0       0       0       0       0       0       
      +0       0       0       0       0
  1026 ;;      Locals:         0       0       0       0       0       0       0       0       0       0       0       0       
      +0       0       0       0       0
  1027 ;;      Temps:          0       0       0       0       0       0       0       0       0       0       0       0       
      +0       0       0       0       0
  1028 ;;      Totals:         2       0       0       0       0       0       0       0       0       0       0       0       
      +0       0       0       0       0
  1029 ;;Total ram usage:        2 bytes
  1030 ;; Hardware stack levels used: 1
  1031 ;; Hardware stack levels required when called: 5
  1032 ;; This function calls:
  1033 ;;		Nothing
  1034 ;; This function is called by:
  1035 ;;		_I2C_Open
  1036 ;; This function uses a non-reentrant model
  1037 ;;
  1038                           
  1039                           	psect	text14
  1040   001342                     __ptext14:
  1041                           	callstack 0
  1042   001342                     _I2C_SlaveSetAddrIntHandler:
  1043                           	callstack 24
  1044   001342                     
  1045                           ;mcc_generated_files/i2c_slave.c: 264:     I2C_SlaveAddrInterruptHandler = handler;
  1046   001342  C017  F005         	movff	I2C_SlaveSetAddrIntHandler@handler,_I2C_SlaveAddrInterruptHandler
  1047   001346  C018  F006         	movff	I2C_SlaveSetAddrIntHandler@handler+1,_I2C_SlaveAddrInterruptHandler+1
  1048   00134A  0012               	return		;funcret
  1049   00134C                     __end_of_I2C_SlaveSetAddrIntHandler:
  1050                           	callstack 0
  1051                           
  1052 ;; *************** function _I2C_SlaveOpen *****************
  1053 ;; Defined at:
  1054 ;;		line 310 in file "mcc_generated_files/i2c_slave.c"
  1055 ;; Parameters:    Size  Location     Type
  1056 ;;		None
  1057 ;; Auto vars:     Size  Location     Type
  1058 ;;		None
  1059 ;; Return value:  Size  Location     Type
  1060 ;;                  1    wreg      _Bool 
  1061 ;; Registers used:
  1062 ;;		wreg, status,2, status,0
  1063 ;; Tracked objects:
  1064 ;;		On entry : 0/0
  1065 ;;		On exit  : 0/0
  1066 ;;		Unchanged: 0/0
  1067 ;; Data sizes:     COMRAM   BANK0   BANK1   BANK2   BANK3   BANK4   BANK5   BANK6   BANK7   BANK8   BANK9  BANK10  BANK1
      +1  BANK12  BANK13  BANK14  BANK15
  1068 ;;      Params:         0       0       0       0       0       0       0       0       0       0       0       0       
      +0       0       0       0       0
  1069 ;;      Locals:         0       0       0       0       0       0       0       0       0       0       0       0       
      +0       0       0       0       0
  1070 ;;      Temps:          0       0       0       0       0       0       0       0       0       0       0       0       
      +0       0       0       0       0
  1071 ;;      Totals:         0       0       0       0       0       0       0       0       0       0       0       0       
      +0       0       0       0       0
  1072 ;;Total ram usage:        0 bytes
  1073 ;; Hardware stack levels used: 1
  1074 ;; Hardware stack levels required when called: 5
  1075 ;; This function calls:
  1076 ;;		Nothing
  1077 ;; This function is called by:
  1078 ;;		_I2C_Open
  1079 ;; This function uses a non-reentrant model
  1080 ;;
  1081                           
  1082                           	psect	text15
  1083   001252                     __ptext15:
  1084                           	callstack 0
  1085   001252                     _I2C_SlaveOpen:
  1086                           	callstack 24
  1087   001252                     
  1088                           ;mcc_generated_files/i2c_slave.c: 312:     if(!SSPCON1bits.SSPEN)
  1089   001252  BAC6               	btfsc	198,5,c	;volatile
  1090   001254  EF2E  F009         	goto	u11
  1091   001258  EF30  F009         	goto	u10
  1092   00125C                     u11:
  1093   00125C  EF37  F009         	goto	l326
  1094   001260                     u10:
  1095   001260                     
  1096                           ;mcc_generated_files/i2c_slave.c: 313:     {;mcc_generated_files/i2c_slave.c: 314:      
      +                             SSPSTAT = 0x80;
  1097   001260  0E80               	movlw	128
  1098   001262  6EC7               	movwf	199,c	;volatile
  1099   001264                     
  1100                           ;mcc_generated_files/i2c_slave.c: 315:         SSPCON1 |= 0x06;
  1101   001264  0E06               	movlw	6
  1102   001266  12C6               	iorwf	198,f,c	;volatile
  1103   001268                     
  1104                           ;mcc_generated_files/i2c_slave.c: 316:         SSPCON2 = 0x00;
  1105   001268  0E00               	movlw	0
  1106   00126A  6EC5               	movwf	197,c	;volatile
  1107   00126C                     
  1108                           ;mcc_generated_files/i2c_slave.c: 317:         SSPCON1bits.SSPEN = 1;
  1109   00126C  8AC6               	bsf	198,5,c	;volatile
  1110   00126E                     l326:
  1111   00126E  0012               	return		;funcret
  1112   001270                     __end_of_I2C_SlaveOpen:
  1113                           	callstack 0
  1114                           
  1115 ;; *************** function _I2C_SlaveEnableIrq *****************
  1116 ;; Defined at:
  1117 ;;		line 341 in file "mcc_generated_files/i2c_slave.c"
  1118 ;; Parameters:    Size  Location     Type
  1119 ;;		None
  1120 ;; Auto vars:     Size  Location     Type
  1121 ;;		None
  1122 ;; Return value:  Size  Location     Type
  1123 ;;                  1    wreg      void 
  1124 ;; Registers used:
  1125 ;;		None
  1126 ;; Tracked objects:
  1127 ;;		On entry : 0/0
  1128 ;;		On exit  : 0/0
  1129 ;;		Unchanged: 0/0
  1130 ;; Data sizes:     COMRAM   BANK0   BANK1   BANK2   BANK3   BANK4   BANK5   BANK6   BANK7   BANK8   BANK9  BANK10  BANK1
      +1  BANK12  BANK13  BANK14  BANK15
  1131 ;;      Params:         0       0       0       0       0       0       0       0       0       0       0       0       
      +0       0       0       0       0
  1132 ;;      Locals:         0       0       0       0       0       0       0       0       0       0       0       0       
      +0       0       0       0       0
  1133 ;;      Temps:          0       0       0       0       0       0       0       0       0       0       0       0       
      +0       0       0       0       0
  1134 ;;      Totals:         0       0       0       0       0       0       0       0       0       0       0       0       
      +0       0       0       0       0
  1135 ;;Total ram usage:        0 bytes
  1136 ;; Hardware stack levels used: 1
  1137 ;; Hardware stack levels required when called: 5
  1138 ;; This function calls:
  1139 ;;		Nothing
  1140 ;; This function is called by:
  1141 ;;		_I2C_Open
  1142 ;; This function uses a non-reentrant model
  1143 ;;
  1144                           
  1145                           	psect	text16
  1146   00137E                     __ptext16:
  1147                           	callstack 0
  1148   00137E                     _I2C_SlaveEnableIrq:
  1149                           	callstack 24
  1150   00137E                     
  1151                           ;mcc_generated_files/i2c_slave.c: 343:     PIE1bits.SSPIE = 1;
  1152   00137E  869D               	bsf	157,3,c	;volatile
  1153   001380  0012               	return		;funcret
  1154   001382                     __end_of_I2C_SlaveEnableIrq:
  1155                           	callstack 0
  1156                           
  1157 ;; *************** function _INTERRUPT_InterruptManager *****************
  1158 ;; Defined at:
  1159 ;;		line 58 in file "mcc_generated_files/interrupt_manager.c"
  1160 ;; Parameters:    Size  Location     Type
  1161 ;;		None
  1162 ;; Auto vars:     Size  Location     Type
  1163 ;;		None
  1164 ;; Return value:  Size  Location     Type
  1165 ;;                  1    wreg      void 
  1166 ;; Registers used:
  1167 ;;		wreg, status,2, status,0, pcl, pclath, pclatu, tosl, cstack
  1168 ;; Tracked objects:
  1169 ;;		On entry : 0/0
  1170 ;;		On exit  : 0/0
  1171 ;;		Unchanged: 0/0
  1172 ;; Data sizes:     COMRAM   BANK0   BANK1   BANK2   BANK3   BANK4   BANK5   BANK6   BANK7   BANK8   BANK9  BANK10  BANK1
      +1  BANK12  BANK13  BANK14  BANK15
  1173 ;;      Params:         0       0       0       0       0       0       0       0       0       0       0       0       
      +0       0       0       0       0
  1174 ;;      Locals:         0       0       0       0       0       0       0       0       0       0       0       0       
      +0       0       0       0       0
  1175 ;;      Temps:          2       0       0       0       0       0       0       0       0       0       0       0       
      +0       0       0       0       0
  1176 ;;      Totals:         2       0       0       0       0       0       0       0       0       0       0       0       
      +0       0       0       0       0
  1177 ;;Total ram usage:        2 bytes
  1178 ;; Hardware stack levels used: 1
  1179 ;; Hardware stack levels required when called: 4
  1180 ;; This function calls:
  1181 ;;		NULL
  1182 ;;		_I2C_Isr
  1183 ;; This function is called by:
  1184 ;;		Interrupt level 2
  1185 ;; This function uses a non-reentrant model
  1186 ;;
  1187                           
  1188                           	psect	intcode
  1189   000008                     __pintcode:
  1190                           	callstack 0
  1191   000008                     _INTERRUPT_InterruptManager:
  1192                           	callstack 24
  1193                           
  1194                           ;incstack = 0
  1195   000008  8219               	bsf	int$flags,1,c	;set compiler interrupt flag (level 2)
  1196   00000A  CFFA F015          	movff	pclath,??_INTERRUPT_InterruptManager
  1197   00000E  CFFB F016          	movff	pclatu,??_INTERRUPT_InterruptManager+1
  1198   000012                     
  1199                           ;mcc_generated_files/interrupt_manager.c: 61:     if(INTCONbits.PEIE == 1)
  1200   000012  ACF2               	btfss	242,6,c	;volatile
  1201   000014  EF0E  F000         	goto	i2u21_41
  1202   000018  EF10  F000         	goto	i2u21_40
  1203   00001C                     i2u21_41:
  1204   00001C  EF3D  F000         	goto	i2l121
  1205   000020                     i2u21_40:
  1206   000020                     
  1207                           ;mcc_generated_files/interrupt_manager.c: 62:     {;mcc_generated_files/interrupt_manage
      +                          r.c: 63:         if(PIE2bits.BCLIE == 1 && PIR2bits.BCLIF == 1)
  1208   000020  A6A0               	btfss	160,3,c	;volatile
  1209   000022  EF15  F000         	goto	i2u22_41
  1210   000026  EF17  F000         	goto	i2u22_40
  1211   00002A                     i2u22_41:
  1212   00002A  EF2D  F000         	goto	i2l116
  1213   00002E                     i2u22_40:
  1214   00002E  A6A1               	btfss	161,3,c	;volatile
  1215   000030  EF1C  F000         	goto	i2u23_41
  1216   000034  EF1E  F000         	goto	i2u23_40
  1217   000038                     i2u23_41:
  1218   000038  EF2D  F000         	goto	i2l116
  1219   00003C                     i2u23_40:
  1220   00003C                     i2l1275:
  1221                           
  1222                           ;mcc_generated_files/interrupt_manager.c: 64:         {;mcc_generated_files/interrupt_ma
      +                          nager.c: 65:             MSSP_InterruptHandler();
  1223   00003C  D802               	call	i2u24_48
  1224   00003E  EF2B  F000         	goto	i2u24_49
  1225   000042                     i2u24_48:
  1226   000042  0005               	push	
  1227   000044  6EFA               	movwf	pclath,c
  1228   000046  500B               	movf	_MSSP_InterruptHandler^0,w,c
  1229   000048  6EFD               	movwf	tosl,c
  1230   00004A  500C               	movf	(_MSSP_InterruptHandler+1)^0,w,c
  1231   00004C  6EFE               	movwf	tosh,c
  1232   00004E  50F8               	movf	tblptru,w,c
  1233   000050  6EFF               	movwf	tosu,c
  1234   000052  50FA               	movf	pclath,w,c
  1235   000054  0012               	return		;indir
  1236   000056                     i2u24_49:
  1237                           
  1238                           ;mcc_generated_files/interrupt_manager.c: 66:         }
  1239   000056  EF3D  F000         	goto	i2l121
  1240   00005A                     i2l116:
  1241   00005A  A69D               	btfss	157,3,c	;volatile
  1242   00005C  EF32  F000         	goto	i2u25_41
  1243   000060  EF34  F000         	goto	i2u25_40
  1244   000064                     i2u25_41:
  1245   000064  EF3D  F000         	goto	i2l117
  1246   000068                     i2u25_40:
  1247   000068  A69E               	btfss	158,3,c	;volatile
  1248   00006A  EF39  F000         	goto	i2u26_41
  1249   00006E  EF3B  F000         	goto	i2u26_40
  1250   000072                     i2u26_41:
  1251   000072  EF3D  F000         	goto	i2l117
  1252   000076                     i2u26_40:
  1253   000076  EF1E  F000         	goto	i2l1275
  1254   00007A                     i2l117:
  1255   00007A                     i2l121:
  1256   00007A  C016  FFFB         	movff	??_INTERRUPT_InterruptManager+1,pclatu
  1257   00007E  C015  FFFA         	movff	??_INTERRUPT_InterruptManager,pclath
  1258   000082  9219               	bcf	int$flags,1,c	;clear compiler interrupt flag (level 2)
  1259   000084  0011               	retfie		f
  1260   000086                     __end_of_INTERRUPT_InterruptManager:
  1261                           	callstack 0
  1262                           
  1263 ;; *************** function _I2C_Isr *****************
  1264 ;; Defined at:
  1265 ;;		line 165 in file "mcc_generated_files/i2c_slave.c"
  1266 ;; Parameters:    Size  Location     Type
  1267 ;;		None
  1268 ;; Auto vars:     Size  Location     Type
  1269 ;;		None
  1270 ;; Return value:  Size  Location     Type
  1271 ;;                  1    wreg      void 
  1272 ;; Registers used:
  1273 ;;		wreg, status,2, status,0, pcl, pclath, pclatu, tosl, cstack
  1274 ;; Tracked objects:
  1275 ;;		On entry : 0/0
  1276 ;;		On exit  : 0/0
  1277 ;;		Unchanged: 0/0
  1278 ;; Data sizes:     COMRAM   BANK0   BANK1   BANK2   BANK3   BANK4   BANK5   BANK6   BANK7   BANK8   BANK9  BANK10  BANK1
      +1  BANK12  BANK13  BANK14  BANK15
  1279 ;;      Params:         0       0       0       0       0       0       0       0       0       0       0       0       
      +0       0       0       0       0
  1280 ;;      Locals:         0       0       0       0       0       0       0       0       0       0       0       0       
      +0       0       0       0       0
  1281 ;;      Temps:          2       0       0       0       0       0       0       0       0       0       0       0       
      +0       0       0       0       0
  1282 ;;      Totals:         2       0       0       0       0       0       0       0       0       0       0       0       
      +0       0       0       0       0
  1283 ;;Total ram usage:        2 bytes
  1284 ;; Hardware stack levels used: 1
  1285 ;; Hardware stack levels required when called: 3
  1286 ;; This function calls:
  1287 ;;		_I2C_SlaveAddrCallBack
  1288 ;;		_I2C_SlaveClearIrq
  1289 ;;		_I2C_SlaveIsAddr
  1290 ;;		_I2C_SlaveIsRead
  1291 ;;		_I2C_SlaveIsRxBufFull
  1292 ;;		_I2C_SlaveIsTxBufEmpty
  1293 ;;		_I2C_SlaveRdCallBack
  1294 ;;		_I2C_SlaveReleaseClock
  1295 ;;		_I2C_SlaveWrCallBack
  1296 ;; This function is called by:
  1297 ;;		_I2C_Open
  1298 ;;		_INTERRUPT_InterruptManager
  1299 ;; This function uses a non-reentrant model
  1300 ;;
  1301                           
  1302                           	psect	text18
  1303   001002                     __ptext18:
  1304                           	callstack 0
  1305   001002                     _I2C_Isr:
  1306                           	callstack 24
  1307   001002                     
  1308                           ;mcc_generated_files/i2c_slave.c: 167:     I2C_SlaveClearIrq();
  1309   001002  ECC3  F009         	call	_I2C_SlaveClearIrq	;wreg free
  1310   001006                     
  1311                           ;mcc_generated_files/i2c_slave.c: 169:     if(I2C_SlaveIsAddr())
  1312   001006  EC63  F009         	call	_I2C_SlaveIsAddr	;wreg free
  1313   00100A  0900               	iorlw	0
  1314   00100C  B4D8               	btfsc	status,2,c
  1315   00100E  EF0B  F008         	goto	i2u14_41
  1316   001012  EF0D  F008         	goto	i2u14_40
  1317   001016                     i2u14_41:
  1318   001016  EF1F  F008         	goto	i2l1227
  1319   00101A                     i2u14_40:
  1320   00101A                     
  1321                           ;mcc_generated_files/i2c_slave.c: 170:     {;mcc_generated_files/i2c_slave.c: 171:      
      +                             if(I2C_SlaveIsRead())
  1322   00101A  EC59  F009         	call	_I2C_SlaveIsRead	;wreg free
  1323   00101E  0900               	iorlw	0
  1324   001020  B4D8               	btfsc	status,2,c
  1325   001022  EF15  F008         	goto	i2u15_41
  1326   001026  EF17  F008         	goto	i2u15_40
  1327   00102A                     i2u15_41:
  1328   00102A  EF1B  F008         	goto	i2l1225
  1329   00102E                     i2u15_40:
  1330   00102E                     
  1331                           ;mcc_generated_files/i2c_slave.c: 172:         {;mcc_generated_files/i2c_slave.c: 173:  
      +                                     i2cSlaveState = I2C_ADDR_TX;
  1332   00102E  0E01               	movlw	1
  1333   001030  6E0D               	movwf	_i2cSlaveState^0,c	;volatile
  1334                           
  1335                           ;mcc_generated_files/i2c_slave.c: 174:         }
  1336   001032  EF5F  F008         	goto	i2l1251
  1337   001036                     i2l1225:
  1338                           
  1339                           ;mcc_generated_files/i2c_slave.c: 176:         {;mcc_generated_files/i2c_slave.c: 177:  
      +                                     i2cSlaveState = I2C_ADDR_RX;
  1340   001036  0E02               	movlw	2
  1341   001038  6E0D               	movwf	_i2cSlaveState^0,c	;volatile
  1342   00103A  EF5F  F008         	goto	i2l1251
  1343   00103E                     i2l1227:
  1344                           
  1345                           ;mcc_generated_files/i2c_slave.c: 181:     {;mcc_generated_files/i2c_slave.c: 182:      
      +                             if(I2C_SlaveIsRead())
  1346   00103E  EC59  F009         	call	_I2C_SlaveIsRead	;wreg free
  1347   001042  0900               	iorlw	0
  1348   001044  B4D8               	btfsc	status,2,c
  1349   001046  EF27  F008         	goto	i2u16_41
  1350   00104A  EF29  F008         	goto	i2u16_40
  1351   00104E                     i2u16_41:
  1352   00104E  EF2D  F008         	goto	i2l1231
  1353   001052                     i2u16_40:
  1354   001052                     
  1355                           ;mcc_generated_files/i2c_slave.c: 183:         {;mcc_generated_files/i2c_slave.c: 184:  
      +                                     i2cSlaveState = I2C_DATA_TX;
  1356   001052  0E03               	movlw	3
  1357   001054  6E0D               	movwf	_i2cSlaveState^0,c	;volatile
  1358                           
  1359                           ;mcc_generated_files/i2c_slave.c: 185:         }
  1360   001056  EF5F  F008         	goto	i2l1251
  1361   00105A                     i2l1231:
  1362                           
  1363                           ;mcc_generated_files/i2c_slave.c: 187:         {;mcc_generated_files/i2c_slave.c: 188:  
      +                                     i2cSlaveState = I2C_DATA_RX;
  1364   00105A  0E04               	movlw	4
  1365   00105C  6E0D               	movwf	_i2cSlaveState^0,c	;volatile
  1366   00105E  EF5F  F008         	goto	i2l1251
  1367   001062                     i2l1233:
  1368                           
  1369                           ;mcc_generated_files/i2c_slave.c: 195:             I2C_SlaveAddrCallBack();
  1370   001062  EC12  F009         	call	_I2C_SlaveAddrCallBack	;wreg free
  1371   001066                     
  1372                           ;mcc_generated_files/i2c_slave.c: 196:             if(I2C_SlaveIsTxBufEmpty())
  1373   001066  EC45  F009         	call	_I2C_SlaveIsTxBufEmpty	;wreg free
  1374   00106A  0900               	iorlw	0
  1375   00106C  B4D8               	btfsc	status,2,c
  1376   00106E  EF3B  F008         	goto	i2u17_41
  1377   001072  EF3D  F008         	goto	i2u17_40
  1378   001076                     i2u17_41:
  1379   001076  EF7C  F008         	goto	i2l1253
  1380   00107A                     i2u17_40:
  1381   00107A                     i2l1237:
  1382                           
  1383                           ;mcc_generated_files/i2c_slave.c: 197:             {;mcc_generated_files/i2c_slave.c: 19
      +                          8:                 I2C_SlaveWrCallBack();
  1384   00107A  ECE4  F008         	call	_I2C_SlaveWrCallBack	;wreg free
  1385   00107E  EF7C  F008         	goto	i2l1253
  1386   001082                     i2l1239:
  1387                           
  1388                           ;mcc_generated_files/i2c_slave.c: 202:             I2C_SlaveAddrCallBack();
  1389   001082  EC12  F009         	call	_I2C_SlaveAddrCallBack	;wreg free
  1390                           
  1391                           ;mcc_generated_files/i2c_slave.c: 203:             break;
  1392   001086  EF7C  F008         	goto	i2l1253
  1393   00108A                     i2l1241:
  1394                           
  1395                           ;mcc_generated_files/i2c_slave.c: 205:             if(I2C_SlaveIsTxBufEmpty())
  1396   00108A  EC45  F009         	call	_I2C_SlaveIsTxBufEmpty	;wreg free
  1397   00108E  0900               	iorlw	0
  1398   001090  B4D8               	btfsc	status,2,c
  1399   001092  EF4D  F008         	goto	i2u18_41
  1400   001096  EF4F  F008         	goto	i2u18_40
  1401   00109A                     i2u18_41:
  1402   00109A  EF7C  F008         	goto	i2l1253
  1403   00109E                     i2u18_40:
  1404   00109E  EF3D  F008         	goto	i2l1237
  1405   0010A2                     i2l1245:
  1406                           
  1407                           ;mcc_generated_files/i2c_slave.c: 211:             if(I2C_SlaveIsRxBufFull())
  1408   0010A2  EC4F  F009         	call	_I2C_SlaveIsRxBufFull	;wreg free
  1409   0010A6  0900               	iorlw	0
  1410   0010A8  B4D8               	btfsc	status,2,c
  1411   0010AA  EF59  F008         	goto	i2u19_41
  1412   0010AE  EF5B  F008         	goto	i2u19_40
  1413   0010B2                     i2u19_41:
  1414   0010B2  EF7C  F008         	goto	i2l1253
  1415   0010B6                     i2u19_40:
  1416   0010B6                     
  1417                           ;mcc_generated_files/i2c_slave.c: 212:             {;mcc_generated_files/i2c_slave.c: 21
      +                          3:                 I2C_SlaveRdCallBack();
  1418   0010B6  ECFB  F008         	call	_I2C_SlaveRdCallBack	;wreg free
  1419   0010BA  EF7C  F008         	goto	i2l1253
  1420   0010BE                     i2l1251:
  1421   0010BE  500D               	movf	_i2cSlaveState^0,w,c	;volatile
  1422   0010C0  6E13               	movwf	??_I2C_Isr^0,c
  1423   0010C2  6A14               	clrf	(??_I2C_Isr+1)^0,c
  1424                           
  1425                           ; Switch on 2 bytes has been partitioned into a top level switch of size 1, and 1 sub-sw
      +                          itches
  1426                           ; Switch size 1, requested type "simple"
  1427                           ; Number of cases is 1, Range of values is 0 to 0
  1428                           ; switch strategies available:
  1429                           ; Name         Instructions Cycles
  1430                           ; simple_byte            4     3 (average)
  1431                           ;	Chosen strategy is simple_byte
  1432   0010C4  5014               	movf	(??_I2C_Isr+1)^0,w,c
  1433   0010C6  0A00               	xorlw	0	; case 0
  1434   0010C8  B4D8               	btfsc	status,2,c
  1435   0010CA  EF69  F008         	goto	i2l1385
  1436   0010CE  EF7C  F008         	goto	i2l1253
  1437   0010D2                     i2l1385:
  1438                           
  1439                           ; Switch size 1, requested type "simple"
  1440                           ; Number of cases is 4, Range of values is 1 to 4
  1441                           ; switch strategies available:
  1442                           ; Name         Instructions Cycles
  1443                           ; simple_byte           13     7 (average)
  1444                           ;	Chosen strategy is simple_byte
  1445   0010D2  5013               	movf	??_I2C_Isr^0,w,c
  1446   0010D4  0A01               	xorlw	1	; case 1
  1447   0010D6  B4D8               	btfsc	status,2,c
  1448   0010D8  EF31  F008         	goto	i2l1233
  1449   0010DC  0A03               	xorlw	3	; case 2
  1450   0010DE  B4D8               	btfsc	status,2,c
  1451   0010E0  EF41  F008         	goto	i2l1239
  1452   0010E4  0A01               	xorlw	1	; case 3
  1453   0010E6  B4D8               	btfsc	status,2,c
  1454   0010E8  EF45  F008         	goto	i2l1241
  1455   0010EC  0A07               	xorlw	7	; case 4
  1456   0010EE  B4D8               	btfsc	status,2,c
  1457   0010F0  EF51  F008         	goto	i2l1245
  1458   0010F4  EF7C  F008         	goto	i2l1253
  1459   0010F8                     i2l1253:
  1460                           
  1461                           ;mcc_generated_files/i2c_slave.c: 219:     I2C_SlaveReleaseClock();
  1462   0010F8  ECC1  F009         	call	_I2C_SlaveReleaseClock	;wreg free
  1463   0010FC  0012               	return		;funcret
  1464   0010FE                     __end_of_I2C_Isr:
  1465                           	callstack 0
  1466                           
  1467 ;; *************** function _I2C_SlaveWrCallBack *****************
  1468 ;; Defined at:
  1469 ;;		line 250 in file "mcc_generated_files/i2c_slave.c"
  1470 ;; Parameters:    Size  Location     Type
  1471 ;;		None
  1472 ;; Auto vars:     Size  Location     Type
  1473 ;;		None
  1474 ;; Return value:  Size  Location     Type
  1475 ;;                  1    wreg      void 
  1476 ;; Registers used:
  1477 ;;		wreg, status,2, status,0, pcl, pclath, pclatu, tosl, cstack
  1478 ;; Tracked objects:
  1479 ;;		On entry : 0/0
  1480 ;;		On exit  : 0/0
  1481 ;;		Unchanged: 0/0
  1482 ;; Data sizes:     COMRAM   BANK0   BANK1   BANK2   BANK3   BANK4   BANK5   BANK6   BANK7   BANK8   BANK9  BANK10  BANK1
      +1  BANK12  BANK13  BANK14  BANK15
  1483 ;;      Params:         0       0       0       0       0       0       0       0       0       0       0       0       
      +0       0       0       0       0
  1484 ;;      Locals:         0       0       0       0       0       0       0       0       0       0       0       0       
      +0       0       0       0       0
  1485 ;;      Temps:          0       0       0       0       0       0       0       0       0       0       0       0       
      +0       0       0       0       0
  1486 ;;      Totals:         0       0       0       0       0       0       0       0       0       0       0       0       
      +0       0       0       0       0
  1487 ;;Total ram usage:        0 bytes
  1488 ;; Hardware stack levels used: 1
  1489 ;; Hardware stack levels required when called: 2
  1490 ;; This function calls:
  1491 ;;		NULL
  1492 ;;		_I2C_SlaveDefWrInterruptHandler
  1493 ;; This function is called by:
  1494 ;;		_I2C_Isr
  1495 ;; This function uses a non-reentrant model
  1496 ;;
  1497                           
  1498                           	psect	text19
  1499   0011C8                     __ptext19:
  1500                           	callstack 0
  1501   0011C8                     _I2C_SlaveWrCallBack:
  1502                           	callstack 24
  1503   0011C8                     
  1504                           ;mcc_generated_files/i2c_slave.c: 252:     if (I2C_SlaveWrInterruptHandler)
  1505   0011C8  5007               	movf	_I2C_SlaveWrInterruptHandler^0,w,c
  1506   0011CA  1008               	iorwf	(_I2C_SlaveWrInterruptHandler+1)^0,w,c
  1507   0011CC  B4D8               	btfsc	status,2,c
  1508   0011CE  EFEB  F008         	goto	i2u9_41
  1509   0011D2  EFED  F008         	goto	i2u9_40
  1510   0011D6                     i2u9_41:
  1511   0011D6  EFFA  F008         	goto	i2l289
  1512   0011DA                     i2u9_40:
  1513   0011DA                     
  1514                           ;mcc_generated_files/i2c_slave.c: 253:     {;mcc_generated_files/i2c_slave.c: 254:      
      +                             I2C_SlaveWrInterruptHandler();
  1515   0011DA  D802               	call	i2u10_48
  1516   0011DC  EFFA  F008         	goto	i2u10_49
  1517   0011E0                     i2u10_48:
  1518   0011E0  0005               	push	
  1519   0011E2  6EFA               	movwf	pclath,c
  1520   0011E4  5007               	movf	_I2C_SlaveWrInterruptHandler^0,w,c
  1521   0011E6  6EFD               	movwf	tosl,c
  1522   0011E8  5008               	movf	(_I2C_SlaveWrInterruptHandler+1)^0,w,c
  1523   0011EA  6EFE               	movwf	tosh,c
  1524   0011EC  50F8               	movf	tblptru,w,c
  1525   0011EE  6EFF               	movwf	tosu,c
  1526   0011F0  50FA               	movf	pclath,w,c
  1527   0011F2  0012               	return		;indir
  1528   0011F4                     i2u10_49:
  1529   0011F4                     i2l289:
  1530   0011F4  0012               	return		;funcret
  1531   0011F6                     __end_of_I2C_SlaveWrCallBack:
  1532                           	callstack 0
  1533                           
  1534 ;; *************** function _I2C_SlaveDefWrInterruptHandler *****************
  1535 ;; Defined at:
  1536 ;;		line 258 in file "mcc_generated_files/i2c_slave.c"
  1537 ;; Parameters:    Size  Location     Type
  1538 ;;		None
  1539 ;; Auto vars:     Size  Location     Type
  1540 ;;		None
  1541 ;; Return value:  Size  Location     Type
  1542 ;;                  1    wreg      void 
  1543 ;; Registers used:
  1544 ;;		wreg, status,2, cstack
  1545 ;; Tracked objects:
  1546 ;;		On entry : 0/0
  1547 ;;		On exit  : 0/0
  1548 ;;		Unchanged: 0/0
  1549 ;; Data sizes:     COMRAM   BANK0   BANK1   BANK2   BANK3   BANK4   BANK5   BANK6   BANK7   BANK8   BANK9  BANK10  BANK1
      +1  BANK12  BANK13  BANK14  BANK15
  1550 ;;      Params:         0       0       0       0       0       0       0       0       0       0       0       0       
      +0       0       0       0       0
  1551 ;;      Locals:         0       0       0       0       0       0       0       0       0       0       0       0       
      +0       0       0       0       0
  1552 ;;      Temps:          0       0       0       0       0       0       0       0       0       0       0       0       
      +0       0       0       0       0
  1553 ;;      Totals:         0       0       0       0       0       0       0       0       0       0       0       0       
      +0       0       0       0       0
  1554 ;;Total ram usage:        0 bytes
  1555 ;; Hardware stack levels used: 1
  1556 ;; Hardware stack levels required when called: 1
  1557 ;; This function calls:
  1558 ;;		_I2C_SlaveSendTxData
  1559 ;; This function is called by:
  1560 ;;		_I2C_Open
  1561 ;;		_I2C_SlaveWrCallBack
  1562 ;; This function uses a non-reentrant model
  1563 ;;
  1564                           
  1565                           	psect	text20
  1566   001354                     __ptext20:
  1567                           	callstack 0
  1568   001354                     _I2C_SlaveDefWrInterruptHandler:
  1569                           	callstack 24
  1570   001354                     
  1571                           ;mcc_generated_files/i2c_slave.c: 259:     I2C_SlaveSendTxData(i2cWrData);
  1572   001354  5010               	movf	_i2cWrData^0,w,c	;volatile
  1573   001356  ECAE  F009         	call	_I2C_SlaveSendTxData
  1574   00135A  0012               	return		;funcret
  1575   00135C                     __end_of_I2C_SlaveDefWrInterruptHandler:
  1576                           	callstack 0
  1577                           
  1578 ;; *************** function _I2C_SlaveSendTxData *****************
  1579 ;; Defined at:
  1580 ;;		line 391 in file "mcc_generated_files/i2c_slave.c"
  1581 ;; Parameters:    Size  Location     Type
  1582 ;;  data            1    wreg     unsigned char 
  1583 ;; Auto vars:     Size  Location     Type
  1584 ;;  data            1    0[COMRAM] unsigned char 
  1585 ;; Return value:  Size  Location     Type
  1586 ;;                  1    wreg      void 
  1587 ;; Registers used:
  1588 ;;		wreg
  1589 ;; Tracked objects:
  1590 ;;		On entry : 0/0
  1591 ;;		On exit  : 0/0
  1592 ;;		Unchanged: 0/0
  1593 ;; Data sizes:     COMRAM   BANK0   BANK1   BANK2   BANK3   BANK4   BANK5   BANK6   BANK7   BANK8   BANK9  BANK10  BANK1
      +1  BANK12  BANK13  BANK14  BANK15
  1594 ;;      Params:         0       0       0       0       0       0       0       0       0       0       0       0       
      +0       0       0       0       0
  1595 ;;      Locals:         1       0       0       0       0       0       0       0       0       0       0       0       
      +0       0       0       0       0
  1596 ;;      Temps:          0       0       0       0       0       0       0       0       0       0       0       0       
      +0       0       0       0       0
  1597 ;;      Totals:         1       0       0       0       0       0       0       0       0       0       0       0       
      +0       0       0       0       0
  1598 ;;Total ram usage:        1 bytes
  1599 ;; Hardware stack levels used: 1
  1600 ;; This function calls:
  1601 ;;		Nothing
  1602 ;; This function is called by:
  1603 ;;		_I2C_SlaveDefWrInterruptHandler
  1604 ;;		_I2C_Write
  1605 ;; This function uses a non-reentrant model
  1606 ;;
  1607                           
  1608                           	psect	text21
  1609   00135C                     __ptext21:
  1610                           	callstack 0
  1611   00135C                     _I2C_SlaveSendTxData:
  1612                           	callstack 24
  1613                           
  1614                           ;incstack = 0
  1615                           ;I2C_SlaveSendTxData@data stored from wreg
  1616   00135C  6E12               	movwf	I2C_SlaveSendTxData@data^0,c
  1617   00135E                     
  1618                           ;mcc_generated_files/i2c_slave.c: 391: static __attribute__((inline)) void I2C_SlaveSend
      +                          TxData(uint8_t data);mcc_generated_files/i2c_slave.c: 392: {;mcc_generated_files/i2c_sla
      +                          ve.c: 393:     SSPBUF = data;
  1619   00135E  C012  FFC9         	movff	I2C_SlaveSendTxData@data,4041	;volatile
  1620   001362  0012               	return		;funcret
  1621   001364                     __end_of_I2C_SlaveSendTxData:
  1622                           	callstack 0
  1623                           
  1624 ;; *************** function _I2C_SlaveReleaseClock *****************
  1625 ;; Defined at:
  1626 ;;		line 361 in file "mcc_generated_files/i2c_slave.c"
  1627 ;; Parameters:    Size  Location     Type
  1628 ;;		None
  1629 ;; Auto vars:     Size  Location     Type
  1630 ;;		None
  1631 ;; Return value:  Size  Location     Type
  1632 ;;                  1    wreg      void 
  1633 ;; Registers used:
  1634 ;;		None
  1635 ;; Tracked objects:
  1636 ;;		On entry : 0/0
  1637 ;;		On exit  : 0/0
  1638 ;;		Unchanged: 0/0
  1639 ;; Data sizes:     COMRAM   BANK0   BANK1   BANK2   BANK3   BANK4   BANK5   BANK6   BANK7   BANK8   BANK9  BANK10  BANK1
      +1  BANK12  BANK13  BANK14  BANK15
  1640 ;;      Params:         0       0       0       0       0       0       0       0       0       0       0       0       
      +0       0       0       0       0
  1641 ;;      Locals:         0       0       0       0       0       0       0       0       0       0       0       0       
      +0       0       0       0       0
  1642 ;;      Temps:          0       0       0       0       0       0       0       0       0       0       0       0       
      +0       0       0       0       0
  1643 ;;      Totals:         0       0       0       0       0       0       0       0       0       0       0       0       
      +0       0       0       0       0
  1644 ;;Total ram usage:        0 bytes
  1645 ;; Hardware stack levels used: 1
  1646 ;; This function calls:
  1647 ;;		Nothing
  1648 ;; This function is called by:
  1649 ;;		_I2C_Isr
  1650 ;; This function uses a non-reentrant model
  1651 ;;
  1652                           
  1653                           	psect	text22
  1654   001382                     __ptext22:
  1655                           	callstack 0
  1656   001382                     _I2C_SlaveReleaseClock:
  1657                           	callstack 26
  1658   001382                     
  1659                           ;mcc_generated_files/i2c_slave.c: 363:     SSPCON1bits.CKP = 1;
  1660   001382  88C6               	bsf	198,4,c	;volatile
  1661   001384  0012               	return		;funcret
  1662   001386                     __end_of_I2C_SlaveReleaseClock:
  1663                           	callstack 0
  1664                           
  1665 ;; *************** function _I2C_SlaveRdCallBack *****************
  1666 ;; Defined at:
  1667 ;;		line 233 in file "mcc_generated_files/i2c_slave.c"
  1668 ;; Parameters:    Size  Location     Type
  1669 ;;		None
  1670 ;; Auto vars:     Size  Location     Type
  1671 ;;		None
  1672 ;; Return value:  Size  Location     Type
  1673 ;;                  1    wreg      void 
  1674 ;; Registers used:
  1675 ;;		wreg, status,2, status,0, pcl, pclath, pclatu, tosl, cstack
  1676 ;; Tracked objects:
  1677 ;;		On entry : 0/0
  1678 ;;		On exit  : 0/0
  1679 ;;		Unchanged: 0/0
  1680 ;; Data sizes:     COMRAM   BANK0   BANK1   BANK2   BANK3   BANK4   BANK5   BANK6   BANK7   BANK8   BANK9  BANK10  BANK1
      +1  BANK12  BANK13  BANK14  BANK15
  1681 ;;      Params:         0       0       0       0       0       0       0       0       0       0       0       0       
      +0       0       0       0       0
  1682 ;;      Locals:         0       0       0       0       0       0       0       0       0       0       0       0       
      +0       0       0       0       0
  1683 ;;      Temps:          0       0       0       0       0       0       0       0       0       0       0       0       
      +0       0       0       0       0
  1684 ;;      Totals:         0       0       0       0       0       0       0       0       0       0       0       0       
      +0       0       0       0       0
  1685 ;;Total ram usage:        0 bytes
  1686 ;; Hardware stack levels used: 1
  1687 ;; Hardware stack levels required when called: 2
  1688 ;; This function calls:
  1689 ;;		NULL
  1690 ;;		_Custom_I2C_SlaveDefRdInterruptHandler
  1691 ;;		_I2C_SlaveDefRdInterruptHandler
  1692 ;; This function is called by:
  1693 ;;		_I2C_Isr
  1694 ;; This function uses a non-reentrant model
  1695 ;;
  1696                           
  1697                           	psect	text23
  1698   0011F6                     __ptext23:
  1699                           	callstack 0
  1700   0011F6                     _I2C_SlaveRdCallBack:
  1701                           	callstack 24
  1702   0011F6                     
  1703                           ;mcc_generated_files/i2c_slave.c: 235:     if (I2C_SlaveRdInterruptHandler)
  1704   0011F6  5009               	movf	_I2C_SlaveRdInterruptHandler^0,w,c
  1705   0011F8  100A               	iorwf	(_I2C_SlaveRdInterruptHandler+1)^0,w,c
  1706   0011FA  B4D8               	btfsc	status,2,c
  1707   0011FC  EF02  F009         	goto	i2u12_41
  1708   001200  EF04  F009         	goto	i2u12_40
  1709   001204                     i2u12_41:
  1710   001204  EF11  F009         	goto	i2l279
  1711   001208                     i2u12_40:
  1712   001208                     
  1713                           ;mcc_generated_files/i2c_slave.c: 236:     {;mcc_generated_files/i2c_slave.c: 237:      
      +                             I2C_SlaveRdInterruptHandler();
  1714   001208  D802               	call	i2u13_48
  1715   00120A  EF11  F009         	goto	i2u13_49
  1716   00120E                     i2u13_48:
  1717   00120E  0005               	push	
  1718   001210  6EFA               	movwf	pclath,c
  1719   001212  5009               	movf	_I2C_SlaveRdInterruptHandler^0,w,c
  1720   001214  6EFD               	movwf	tosl,c
  1721   001216  500A               	movf	(_I2C_SlaveRdInterruptHandler+1)^0,w,c
  1722   001218  6EFE               	movwf	tosh,c
  1723   00121A  50F8               	movf	tblptru,w,c
  1724   00121C  6EFF               	movwf	tosu,c
  1725   00121E  50FA               	movf	pclath,w,c
  1726   001220  0012               	return		;indir
  1727   001222                     i2u13_49:
  1728   001222                     i2l279:
  1729   001222  0012               	return		;funcret
  1730   001224                     __end_of_I2C_SlaveRdCallBack:
  1731                           	callstack 0
  1732                           
  1733 ;; *************** function _Custom_I2C_SlaveDefRdInterruptHandler *****************
  1734 ;; Defined at:
  1735 ;;		line 48 in file "main.c"
  1736 ;; Parameters:    Size  Location     Type
  1737 ;;		None
  1738 ;; Auto vars:     Size  Location     Type
  1739 ;;		None
  1740 ;; Return value:  Size  Location     Type
  1741 ;;                  1    wreg      void 
  1742 ;; Registers used:
  1743 ;;		None
  1744 ;; Tracked objects:
  1745 ;;		On entry : 0/0
  1746 ;;		On exit  : 0/0
  1747 ;;		Unchanged: 0/0
  1748 ;; Data sizes:     COMRAM   BANK0   BANK1   BANK2   BANK3   BANK4   BANK5   BANK6   BANK7   BANK8   BANK9  BANK10  BANK1
      +1  BANK12  BANK13  BANK14  BANK15
  1749 ;;      Params:         0       0       0       0       0       0       0       0       0       0       0       0       
      +0       0       0       0       0
  1750 ;;      Locals:         0       0       0       0       0       0       0       0       0       0       0       0       
      +0       0       0       0       0
  1751 ;;      Temps:          0       0       0       0       0       0       0       0       0       0       0       0       
      +0       0       0       0       0
  1752 ;;      Totals:         0       0       0       0       0       0       0       0       0       0       0       0       
      +0       0       0       0       0
  1753 ;;Total ram usage:        0 bytes
  1754 ;; Hardware stack levels used: 1
  1755 ;; This function calls:
  1756 ;;		Nothing
  1757 ;; This function is called by:
  1758 ;;		_main
  1759 ;;		_I2C_SlaveRdCallBack
  1760 ;; This function uses a non-reentrant model
  1761 ;;
  1762                           
  1763                           	psect	text24
  1764   001374                     __ptext24:
  1765                           	callstack 0
  1766   001374                     _Custom_I2C_SlaveDefRdInterruptHandler:
  1767                           	callstack 25
  1768   001374                     
  1769                           ;main.c: 49:     RecTC74_A7_TempValue = SSPBUF;
  1770   001374  CFC9 F011          	movff	4041,_RecTC74_A7_TempValue	;volatile
  1771   001378  0012               	return		;funcret
  1772   00137A                     __end_of_Custom_I2C_SlaveDefRdInterruptHandler:
  1773                           	callstack 0
  1774                           
  1775 ;; *************** function _I2C_SlaveDefRdInterruptHandler *****************
  1776 ;; Defined at:
  1777 ;;		line 241 in file "mcc_generated_files/i2c_slave.c"
  1778 ;; Parameters:    Size  Location     Type
  1779 ;;		None
  1780 ;; Auto vars:     Size  Location     Type
  1781 ;;		None
  1782 ;; Return value:  Size  Location     Type
  1783 ;;                  1    wreg      void 
  1784 ;; Registers used:
  1785 ;;		wreg, status,2, cstack
  1786 ;; Tracked objects:
  1787 ;;		On entry : 0/0
  1788 ;;		On exit  : 0/0
  1789 ;;		Unchanged: 0/0
  1790 ;; Data sizes:     COMRAM   BANK0   BANK1   BANK2   BANK3   BANK4   BANK5   BANK6   BANK7   BANK8   BANK9  BANK10  BANK1
      +1  BANK12  BANK13  BANK14  BANK15
  1791 ;;      Params:         0       0       0       0       0       0       0       0       0       0       0       0       
      +0       0       0       0       0
  1792 ;;      Locals:         0       0       0       0       0       0       0       0       0       0       0       0       
      +0       0       0       0       0
  1793 ;;      Temps:          0       0       0       0       0       0       0       0       0       0       0       0       
      +0       0       0       0       0
  1794 ;;      Totals:         0       0       0       0       0       0       0       0       0       0       0       0       
      +0       0       0       0       0
  1795 ;;Total ram usage:        0 bytes
  1796 ;; Hardware stack levels used: 1
  1797 ;; Hardware stack levels required when called: 1
  1798 ;; This function calls:
  1799 ;;		_I2C_SlaveGetRxData
  1800 ;; This function is called by:
  1801 ;;		_I2C_Open
  1802 ;;		_I2C_SlaveRdCallBack
  1803 ;; This function uses a non-reentrant model
  1804 ;;
  1805                           
  1806                           	psect	text25
  1807   001364                     __ptext25:
  1808                           	callstack 0
  1809   001364                     _I2C_SlaveDefRdInterruptHandler:
  1810                           	callstack 24
  1811   001364                     
  1812                           ;mcc_generated_files/i2c_slave.c: 242:     i2cRdData = I2C_SlaveGetRxData();
  1813   001364  ECC5  F009         	call	_I2C_SlaveGetRxData	;wreg free
  1814   001368  6E0F               	movwf	_i2cRdData^0,c	;volatile
  1815   00136A  0012               	return		;funcret
  1816   00136C                     __end_of_I2C_SlaveDefRdInterruptHandler:
  1817                           	callstack 0
  1818                           
  1819 ;; *************** function _I2C_SlaveIsTxBufEmpty *****************
  1820 ;; Defined at:
  1821 ;;		line 381 in file "mcc_generated_files/i2c_slave.c"
  1822 ;; Parameters:    Size  Location     Type
  1823 ;;		None
  1824 ;; Auto vars:     Size  Location     Type
  1825 ;;		None
  1826 ;; Return value:  Size  Location     Type
  1827 ;;                  1    wreg      _Bool 
  1828 ;; Registers used:
  1829 ;;		wreg
  1830 ;; Tracked objects:
  1831 ;;		On entry : 0/0
  1832 ;;		On exit  : 0/0
  1833 ;;		Unchanged: 0/0
  1834 ;; Data sizes:     COMRAM   BANK0   BANK1   BANK2   BANK3   BANK4   BANK5   BANK6   BANK7   BANK8   BANK9  BANK10  BANK1
      +1  BANK12  BANK13  BANK14  BANK15
  1835 ;;      Params:         0       0       0       0       0       0       0       0       0       0       0       0       
      +0       0       0       0       0
  1836 ;;      Locals:         0       0       0       0       0       0       0       0       0       0       0       0       
      +0       0       0       0       0
  1837 ;;      Temps:          0       0       0       0       0       0       0       0       0       0       0       0       
      +0       0       0       0       0
  1838 ;;      Totals:         0       0       0       0       0       0       0       0       0       0       0       0       
      +0       0       0       0       0
  1839 ;;Total ram usage:        0 bytes
  1840 ;; Hardware stack levels used: 1
  1841 ;; This function calls:
  1842 ;;		Nothing
  1843 ;; This function is called by:
  1844 ;;		_I2C_Isr
  1845 ;; This function uses a non-reentrant model
  1846 ;;
  1847                           
  1848                           	psect	text26
  1849   00128A                     __ptext26:
  1850                           	callstack 0
  1851   00128A                     _I2C_SlaveIsTxBufEmpty:
  1852                           	callstack 26
  1853   00128A                     
  1854                           ;mcc_generated_files/i2c_slave.c: 383:     return !SSPSTATbits.BF;
  1855   00128A  A0C7               	btfss	199,0,c	;volatile
  1856   00128C  EF4A  F009         	goto	i2u7_41
  1857   001290  EF4D  F009         	goto	i2u7_40
  1858   001294                     i2u7_41:
  1859   001294  0E01               	movlw	1
  1860   001296  EF4E  F009         	goto	i2u8_40
  1861   00129A                     i2u7_40:
  1862   00129A  0E00               	movlw	0
  1863   00129C                     i2u8_40:
  1864   00129C  0012               	return		;funcret
  1865   00129E                     __end_of_I2C_SlaveIsTxBufEmpty:
  1866                           	callstack 0
  1867                           
  1868 ;; *************** function _I2C_SlaveIsRxBufFull *****************
  1869 ;; Defined at:
  1870 ;;		line 386 in file "mcc_generated_files/i2c_slave.c"
  1871 ;; Parameters:    Size  Location     Type
  1872 ;;		None
  1873 ;; Auto vars:     Size  Location     Type
  1874 ;;		None
  1875 ;; Return value:  Size  Location     Type
  1876 ;;                  1    wreg      _Bool 
  1877 ;; Registers used:
  1878 ;;		wreg
  1879 ;; Tracked objects:
  1880 ;;		On entry : 0/0
  1881 ;;		On exit  : 0/0
  1882 ;;		Unchanged: 0/0
  1883 ;; Data sizes:     COMRAM   BANK0   BANK1   BANK2   BANK3   BANK4   BANK5   BANK6   BANK7   BANK8   BANK9  BANK10  BANK1
      +1  BANK12  BANK13  BANK14  BANK15
  1884 ;;      Params:         0       0       0       0       0       0       0       0       0       0       0       0       
      +0       0       0       0       0
  1885 ;;      Locals:         0       0       0       0       0       0       0       0       0       0       0       0       
      +0       0       0       0       0
  1886 ;;      Temps:          0       0       0       0       0       0       0       0       0       0       0       0       
      +0       0       0       0       0
  1887 ;;      Totals:         0       0       0       0       0       0       0       0       0       0       0       0       
      +0       0       0       0       0
  1888 ;;Total ram usage:        0 bytes
  1889 ;; Hardware stack levels used: 1
  1890 ;; This function calls:
  1891 ;;		Nothing
  1892 ;; This function is called by:
  1893 ;;		_I2C_Isr
  1894 ;; This function uses a non-reentrant model
  1895 ;;
  1896                           
  1897                           	psect	text27
  1898   00129E                     __ptext27:
  1899                           	callstack 0
  1900   00129E                     _I2C_SlaveIsRxBufFull:
  1901                           	callstack 26
  1902   00129E                     
  1903                           ;mcc_generated_files/i2c_slave.c: 388:     return SSPSTATbits.BF;
  1904   00129E  B0C7               	btfsc	199,0,c	;volatile
  1905   0012A0  EF54  F009         	goto	i2u11_41
  1906   0012A4  EF57  F009         	goto	i2u11_40
  1907   0012A8                     i2u11_41:
  1908   0012A8  0E01               	movlw	1
  1909   0012AA  EF58  F009         	goto	i2u11_46
  1910   0012AE                     i2u11_40:
  1911   0012AE  0E00               	movlw	0
  1912   0012B0                     i2u11_46:
  1913   0012B0  0012               	return		;funcret
  1914   0012B2                     __end_of_I2C_SlaveIsRxBufFull:
  1915                           	callstack 0
  1916                           
  1917 ;; *************** function _I2C_SlaveIsRead *****************
  1918 ;; Defined at:
  1919 ;;		line 351 in file "mcc_generated_files/i2c_slave.c"
  1920 ;; Parameters:    Size  Location     Type
  1921 ;;		None
  1922 ;; Auto vars:     Size  Location     Type
  1923 ;;		None
  1924 ;; Return value:  Size  Location     Type
  1925 ;;                  1    wreg      _Bool 
  1926 ;; Registers used:
  1927 ;;		wreg
  1928 ;; Tracked objects:
  1929 ;;		On entry : 0/0
  1930 ;;		On exit  : 0/0
  1931 ;;		Unchanged: 0/0
  1932 ;; Data sizes:     COMRAM   BANK0   BANK1   BANK2   BANK3   BANK4   BANK5   BANK6   BANK7   BANK8   BANK9  BANK10  BANK1
      +1  BANK12  BANK13  BANK14  BANK15
  1933 ;;      Params:         0       0       0       0       0       0       0       0       0       0       0       0       
      +0       0       0       0       0
  1934 ;;      Locals:         0       0       0       0       0       0       0       0       0       0       0       0       
      +0       0       0       0       0
  1935 ;;      Temps:          0       0       0       0       0       0       0       0       0       0       0       0       
      +0       0       0       0       0
  1936 ;;      Totals:         0       0       0       0       0       0       0       0       0       0       0       0       
      +0       0       0       0       0
  1937 ;;Total ram usage:        0 bytes
  1938 ;; Hardware stack levels used: 1
  1939 ;; This function calls:
  1940 ;;		Nothing
  1941 ;; This function is called by:
  1942 ;;		_I2C_Isr
  1943 ;;		_I2C_IsRead
  1944 ;; This function uses a non-reentrant model
  1945 ;;
  1946                           
  1947                           	psect	text28
  1948   0012B2                     __ptext28:
  1949                           	callstack 0
  1950   0012B2                     _I2C_SlaveIsRead:
  1951                           	callstack 26
  1952   0012B2                     
  1953                           ;mcc_generated_files/i2c_slave.c: 353:     return (SSPSTATbits.R_nW);
  1954   0012B2  B4C7               	btfsc	199,2,c	;volatile
  1955   0012B4  EF5E  F009         	goto	i2u2_41
  1956   0012B8  EF61  F009         	goto	i2u2_40
  1957   0012BC                     i2u2_41:
  1958   0012BC  0E01               	movlw	1
  1959   0012BE  EF62  F009         	goto	i2u2_46
  1960   0012C2                     i2u2_40:
  1961   0012C2  0E00               	movlw	0
  1962   0012C4                     i2u2_46:
  1963   0012C4  0012               	return		;funcret
  1964   0012C6                     __end_of_I2C_SlaveIsRead:
  1965                           	callstack 0
  1966                           
  1967 ;; *************** function _I2C_SlaveIsAddr *****************
  1968 ;; Defined at:
  1969 ;;		line 346 in file "mcc_generated_files/i2c_slave.c"
  1970 ;; Parameters:    Size  Location     Type
  1971 ;;		None
  1972 ;; Auto vars:     Size  Location     Type
  1973 ;;		None
  1974 ;; Return value:  Size  Location     Type
  1975 ;;                  1    wreg      _Bool 
  1976 ;; Registers used:
  1977 ;;		wreg
  1978 ;; Tracked objects:
  1979 ;;		On entry : 0/0
  1980 ;;		On exit  : 0/0
  1981 ;;		Unchanged: 0/0
  1982 ;; Data sizes:     COMRAM   BANK0   BANK1   BANK2   BANK3   BANK4   BANK5   BANK6   BANK7   BANK8   BANK9  BANK10  BANK1
      +1  BANK12  BANK13  BANK14  BANK15
  1983 ;;      Params:         0       0       0       0       0       0       0       0       0       0       0       0       
      +0       0       0       0       0
  1984 ;;      Locals:         0       0       0       0       0       0       0       0       0       0       0       0       
      +0       0       0       0       0
  1985 ;;      Temps:          0       0       0       0       0       0       0       0       0       0       0       0       
      +0       0       0       0       0
  1986 ;;      Totals:         0       0       0       0       0       0       0       0       0       0       0       0       
      +0       0       0       0       0
  1987 ;;Total ram usage:        0 bytes
  1988 ;; Hardware stack levels used: 1
  1989 ;; This function calls:
  1990 ;;		Nothing
  1991 ;; This function is called by:
  1992 ;;		_I2C_Isr
  1993 ;; This function uses a non-reentrant model
  1994 ;;
  1995                           
  1996                           	psect	text29
  1997   0012C6                     __ptext29:
  1998                           	callstack 0
  1999   0012C6                     _I2C_SlaveIsAddr:
  2000                           	callstack 26
  2001   0012C6                     
  2002                           ;mcc_generated_files/i2c_slave.c: 348:     return !(SSPSTATbits.D_nA);
  2003   0012C6  AAC7               	btfss	199,5,c	;volatile
  2004   0012C8  EF68  F009         	goto	i2u3_41
  2005   0012CC  EF6B  F009         	goto	i2u3_40
  2006   0012D0                     i2u3_41:
  2007   0012D0  0E01               	movlw	1
  2008   0012D2  EF6C  F009         	goto	i2u4_40
  2009   0012D6                     i2u3_40:
  2010   0012D6  0E00               	movlw	0
  2011   0012D8                     i2u4_40:
  2012   0012D8  0012               	return		;funcret
  2013   0012DA                     __end_of_I2C_SlaveIsAddr:
  2014                           	callstack 0
  2015                           
  2016 ;; *************** function _I2C_SlaveClearIrq *****************
  2017 ;; Defined at:
  2018 ;;		line 356 in file "mcc_generated_files/i2c_slave.c"
  2019 ;; Parameters:    Size  Location     Type
  2020 ;;		None
  2021 ;; Auto vars:     Size  Location     Type
  2022 ;;		None
  2023 ;; Return value:  Size  Location     Type
  2024 ;;                  1    wreg      void 
  2025 ;; Registers used:
  2026 ;;		None
  2027 ;; Tracked objects:
  2028 ;;		On entry : 0/0
  2029 ;;		On exit  : 0/0
  2030 ;;		Unchanged: 0/0
  2031 ;; Data sizes:     COMRAM   BANK0   BANK1   BANK2   BANK3   BANK4   BANK5   BANK6   BANK7   BANK8   BANK9  BANK10  BANK1
      +1  BANK12  BANK13  BANK14  BANK15
  2032 ;;      Params:         0       0       0       0       0       0       0       0       0       0       0       0       
      +0       0       0       0       0
  2033 ;;      Locals:         0       0       0       0       0       0       0       0       0       0       0       0       
      +0       0       0       0       0
  2034 ;;      Temps:          0       0       0       0       0       0       0       0       0       0       0       0       
      +0       0       0       0       0
  2035 ;;      Totals:         0       0       0       0       0       0       0       0       0       0       0       0       
      +0       0       0       0       0
  2036 ;;Total ram usage:        0 bytes
  2037 ;; Hardware stack levels used: 1
  2038 ;; This function calls:
  2039 ;;		Nothing
  2040 ;; This function is called by:
  2041 ;;		_I2C_Isr
  2042 ;; This function uses a non-reentrant model
  2043 ;;
  2044                           
  2045                           	psect	text30
  2046   001386                     __ptext30:
  2047                           	callstack 0
  2048   001386                     _I2C_SlaveClearIrq:
  2049                           	callstack 26
  2050   001386                     
  2051                           ;mcc_generated_files/i2c_slave.c: 358:     PIR1bits.SSPIF = 0;
  2052   001386  969E               	bcf	158,3,c	;volatile
  2053   001388  0012               	return		;funcret
  2054   00138A                     __end_of_I2C_SlaveClearIrq:
  2055                           	callstack 0
  2056                           
  2057 ;; *************** function _I2C_SlaveAddrCallBack *****************
  2058 ;; Defined at:
  2059 ;;		line 267 in file "mcc_generated_files/i2c_slave.c"
  2060 ;; Parameters:    Size  Location     Type
  2061 ;;		None
  2062 ;; Auto vars:     Size  Location     Type
  2063 ;;		None
  2064 ;; Return value:  Size  Location     Type
  2065 ;;                  1    wreg      void 
  2066 ;; Registers used:
  2067 ;;		wreg, status,2, status,0, pcl, pclath, pclatu, tosl, cstack
  2068 ;; Tracked objects:
  2069 ;;		On entry : 0/0
  2070 ;;		On exit  : 0/0
  2071 ;;		Unchanged: 0/0
  2072 ;; Data sizes:     COMRAM   BANK0   BANK1   BANK2   BANK3   BANK4   BANK5   BANK6   BANK7   BANK8   BANK9  BANK10  BANK1
      +1  BANK12  BANK13  BANK14  BANK15
  2073 ;;      Params:         0       0       0       0       0       0       0       0       0       0       0       0       
      +0       0       0       0       0
  2074 ;;      Locals:         0       0       0       0       0       0       0       0       0       0       0       0       
      +0       0       0       0       0
  2075 ;;      Temps:          0       0       0       0       0       0       0       0       0       0       0       0       
      +0       0       0       0       0
  2076 ;;      Totals:         0       0       0       0       0       0       0       0       0       0       0       0       
      +0       0       0       0       0
  2077 ;;Total ram usage:        0 bytes
  2078 ;; Hardware stack levels used: 1
  2079 ;; Hardware stack levels required when called: 2
  2080 ;; This function calls:
  2081 ;;		NULL
  2082 ;;		_I2C_SlaveDefAddrInterruptHandler
  2083 ;; This function is called by:
  2084 ;;		_I2C_Isr
  2085 ;; This function uses a non-reentrant model
  2086 ;;
  2087                           
  2088                           	psect	text31
  2089   001224                     __ptext31:
  2090                           	callstack 0
  2091   001224                     _I2C_SlaveAddrCallBack:
  2092                           	callstack 24
  2093   001224                     
  2094                           ;mcc_generated_files/i2c_slave.c: 269:     if (I2C_SlaveAddrInterruptHandler) {
  2095   001224  5005               	movf	_I2C_SlaveAddrInterruptHandler^0,w,c
  2096   001226  1006               	iorwf	(_I2C_SlaveAddrInterruptHandler+1)^0,w,c
  2097   001228  B4D8               	btfsc	status,2,c
  2098   00122A  EF19  F009         	goto	i2u5_41
  2099   00122E  EF1B  F009         	goto	i2u5_40
  2100   001232                     i2u5_41:
  2101   001232  EF28  F009         	goto	i2l299
  2102   001236                     i2u5_40:
  2103   001236                     
  2104                           ;mcc_generated_files/i2c_slave.c: 270:         I2C_SlaveAddrInterruptHandler();
  2105   001236  D802               	call	i2u6_48
  2106   001238  EF28  F009         	goto	i2u6_49
  2107   00123C                     i2u6_48:
  2108   00123C  0005               	push	
  2109   00123E  6EFA               	movwf	pclath,c
  2110   001240  5005               	movf	_I2C_SlaveAddrInterruptHandler^0,w,c
  2111   001242  6EFD               	movwf	tosl,c
  2112   001244  5006               	movf	(_I2C_SlaveAddrInterruptHandler+1)^0,w,c
  2113   001246  6EFE               	movwf	tosh,c
  2114   001248  50F8               	movf	tblptru,w,c
  2115   00124A  6EFF               	movwf	tosu,c
  2116   00124C  50FA               	movf	pclath,w,c
  2117   00124E  0012               	return		;indir
  2118   001250                     i2u6_49:
  2119   001250                     i2l299:
  2120   001250  0012               	return		;funcret
  2121   001252                     __end_of_I2C_SlaveAddrCallBack:
  2122                           	callstack 0
  2123                           
  2124 ;; *************** function _I2C_SlaveDefAddrInterruptHandler *****************
  2125 ;; Defined at:
  2126 ;;		line 274 in file "mcc_generated_files/i2c_slave.c"
  2127 ;; Parameters:    Size  Location     Type
  2128 ;;		None
  2129 ;; Auto vars:     Size  Location     Type
  2130 ;;		None
  2131 ;; Return value:  Size  Location     Type
  2132 ;;                  1    wreg      void 
  2133 ;; Registers used:
  2134 ;;		wreg, status,2, cstack
  2135 ;; Tracked objects:
  2136 ;;		On entry : 0/0
  2137 ;;		On exit  : 0/0
  2138 ;;		Unchanged: 0/0
  2139 ;; Data sizes:     COMRAM   BANK0   BANK1   BANK2   BANK3   BANK4   BANK5   BANK6   BANK7   BANK8   BANK9  BANK10  BANK1
      +1  BANK12  BANK13  BANK14  BANK15
  2140 ;;      Params:         0       0       0       0       0       0       0       0       0       0       0       0       
      +0       0       0       0       0
  2141 ;;      Locals:         0       0       0       0       0       0       0       0       0       0       0       0       
      +0       0       0       0       0
  2142 ;;      Temps:          0       0       0       0       0       0       0       0       0       0       0       0       
      +0       0       0       0       0
  2143 ;;      Totals:         0       0       0       0       0       0       0       0       0       0       0       0       
      +0       0       0       0       0
  2144 ;;Total ram usage:        0 bytes
  2145 ;; Hardware stack levels used: 1
  2146 ;; Hardware stack levels required when called: 1
  2147 ;; This function calls:
  2148 ;;		_I2C_SlaveGetRxData
  2149 ;; This function is called by:
  2150 ;;		_I2C_Open
  2151 ;;		_I2C_SlaveAddrCallBack
  2152 ;; This function uses a non-reentrant model
  2153 ;;
  2154                           
  2155                           	psect	text32
  2156   00136C                     __ptext32:
  2157                           	callstack 0
  2158   00136C                     _I2C_SlaveDefAddrInterruptHandler:
  2159                           	callstack 24
  2160   00136C                     
  2161                           ;mcc_generated_files/i2c_slave.c: 275:     i2cSlaveAddr = I2C_SlaveGetRxData();
  2162   00136C  ECC5  F009         	call	_I2C_SlaveGetRxData	;wreg free
  2163   001370  6E0E               	movwf	_i2cSlaveAddr^0,c	;volatile
  2164   001372  0012               	return		;funcret
  2165   001374                     __end_of_I2C_SlaveDefAddrInterruptHandler:
  2166                           	callstack 0
  2167                           
  2168 ;; *************** function _I2C_SlaveGetRxData *****************
  2169 ;; Defined at:
  2170 ;;		line 396 in file "mcc_generated_files/i2c_slave.c"
  2171 ;; Parameters:    Size  Location     Type
  2172 ;;		None
  2173 ;; Auto vars:     Size  Location     Type
  2174 ;;		None
  2175 ;; Return value:  Size  Location     Type
  2176 ;;                  1    wreg      unsigned char 
  2177 ;; Registers used:
  2178 ;;		wreg, status,2
  2179 ;; Tracked objects:
  2180 ;;		On entry : 0/0
  2181 ;;		On exit  : 0/0
  2182 ;;		Unchanged: 0/0
  2183 ;; Data sizes:     COMRAM   BANK0   BANK1   BANK2   BANK3   BANK4   BANK5   BANK6   BANK7   BANK8   BANK9  BANK10  BANK1
      +1  BANK12  BANK13  BANK14  BANK15
  2184 ;;      Params:         0       0       0       0       0       0       0       0       0       0       0       0       
      +0       0       0       0       0
  2185 ;;      Locals:         0       0       0       0       0       0       0       0       0       0       0       0       
      +0       0       0       0       0
  2186 ;;      Temps:          0       0       0       0       0       0       0       0       0       0       0       0       
      +0       0       0       0       0
  2187 ;;      Totals:         0       0       0       0       0       0       0       0       0       0       0       0       
      +0       0       0       0       0
  2188 ;;Total ram usage:        0 bytes
  2189 ;; Hardware stack levels used: 1
  2190 ;; This function calls:
  2191 ;;		Nothing
  2192 ;; This function is called by:
  2193 ;;		_I2C_SlaveDefRdInterruptHandler
  2194 ;;		_I2C_SlaveDefAddrInterruptHandler
  2195 ;;		_I2C_Read
  2196 ;; This function uses a non-reentrant model
  2197 ;;
  2198                           
  2199                           	psect	text33
  2200   00138A                     __ptext33:
  2201                           	callstack 0
  2202   00138A                     _I2C_SlaveGetRxData:
  2203                           	callstack 24
  2204   00138A                     
  2205                           ;mcc_generated_files/i2c_slave.c: 398:     return SSPBUF;
  2206   00138A  50C9               	movf	201,w,c	;volatile
  2207   00138C  0012               	return		;funcret
  2208   00138E                     __end_of_I2C_SlaveGetRxData:
  2209                           	callstack 0
  2210                           
  2211                           	psect	smallconst
  2212   001000                     __psmallconst:
  2213                           	callstack 0
  2214   001000  00                 	db	0
  2215   001001  00                 	db	0	; dummy byte at the end
  2216   000000                     
  2217                           	psect	text34
  2218   000000                     __ptext34:
  2219                           	callstack 0
  2220   000000                     
  2221                           	psect	rparam
  2222   000000                     
  2223                           	psect	temp
  2224   000019                     btemp:
  2225                           	callstack 0
  2226   000019                     	ds	1
  2227   000000                     int$flags	set	btemp
  2228   000000                     wtemp8	set	btemp+1
  2229   000000                     ttemp5	set	btemp+1
  2230   000000                     ttemp6	set	btemp+4
  2231   000000                     ttemp7	set	btemp+8
  2232                           
  2233                           	psect	config
  2234                           
  2235                           ; Padding undefined space
  2236   300000                     	org	3145728
  2237   300000  FF                 	db	255
  2238                           
  2239                           ;Config register CONFIG1H @ 0x300001
  2240                           ;	Oscillator Selection bits
  2241                           ;	FOSC = HS, HS oscillator
  2242                           ;	Fail-Safe Clock Monitor Enable bit
  2243                           ;	FCMEN = OFF, Fail-Safe Clock Monitor disabled
  2244                           ;	Internal/External Oscillator Switchover bit
  2245                           ;	IESO = OFF, Oscillator Switchover mode disabled
  2246   300001                     	org	3145729
  2247   300001  02                 	db	2
  2248                           
  2249                           ;Config register CONFIG2L @ 0x300002
  2250                           ;	Power-up Timer Enable bit
  2251                           ;	PWRTEN = OFF, PWRT disabled
  2252                           ;	Brown-out Reset Enable bits
  2253                           ;	BOREN = SBORDIS, Brown-out Reset enabled in hardware only (SBOREN is disabled)
  2254                           ;	Brown Out Reset Voltage bits
  2255                           ;	BORV = 18, VBOR set to 1.8 V nominal
  2256   300002                     	org	3145730
  2257   300002  1F                 	db	31
  2258                           
  2259                           ;Config register CONFIG2H @ 0x300003
  2260                           ;	Watchdog Timer Enable bit
  2261                           ;	WDTEN = OFF, WDT is controlled by SWDTEN bit of the WDTCON register
  2262                           ;	Watchdog Timer Postscale Select bits
  2263                           ;	WDTPS = 32768, 1:32768
  2264   300003                     	org	3145731
  2265   300003  1E                 	db	30
  2266                           
  2267                           ; Padding undefined space
  2268   300004                     	org	3145732
  2269   300004  FF                 	db	255
  2270                           
  2271                           ;Config register CONFIG3H @ 0x300005
  2272                           ;	CCP2 MUX bit
  2273                           ;	CCP2MX = PORTC, CCP2 input/output is multiplexed with RC1
  2274                           ;	PORTB A/D Enable bit
  2275                           ;	PBADEN = ON, PORTB<4:0> pins are configured as analog input channels on Reset
  2276                           ;	Low-Power Timer1 Oscillator Enable bit
  2277                           ;	LPT1OSC = OFF, Timer1 configured for higher power operation
  2278                           ;	HFINTOSC Fast Start-up
  2279                           ;	HFOFST = ON, HFINTOSC starts clocking the CPU without waiting for the oscillator to st
      +                          ablize.
  2280                           ;	MCLR Pin Enable bit
  2281                           ;	MCLRE = ON, MCLR pin enabled; RE3 input pin disabled
  2282   300005                     	org	3145733
  2283   300005  8B                 	db	139
  2284                           
  2285                           ;Config register CONFIG4L @ 0x300006
  2286                           ;	Stack Full/Underflow Reset Enable bit
  2287                           ;	STVREN = ON, Stack full/underflow will cause Reset
  2288                           ;	Single-Supply ICSP Enable bit
  2289                           ;	LVP = ON, Single-Supply ICSP enabled
  2290                           ;	Extended Instruction Set Enable bit
  2291                           ;	XINST = OFF, Instruction set extension and Indexed Addressing mode disabled (Legacy mo
      +                          de)
  2292                           ;	Background Debugger Enable bit
  2293                           ;	DEBUG = OFF, Background debugger disabled, RB6 and RB7 configured as general purpose I
      +                          /O pins
  2294   300006                     	org	3145734
  2295   300006  85                 	db	133
  2296                           
  2297                           ; Padding undefined space
  2298   300007                     	org	3145735
  2299   300007  FF                 	db	255
  2300                           
  2301                           ;Config register CONFIG5L @ 0x300008
  2302                           ;	Code Protection Block 0
  2303                           ;	CP0 = OFF, Block 0 (000800-003FFFh) not code-protected
  2304                           ;	Code Protection Block 1
  2305                           ;	CP1 = OFF, Block 1 (004000-007FFFh) not code-protected
  2306                           ;	Code Protection Block 2
  2307                           ;	CP2 = OFF, Block 2 (008000-00BFFFh) not code-protected
  2308                           ;	Code Protection Block 3
  2309                           ;	CP3 = OFF, Block 3 (00C000-00FFFFh) not code-protected
  2310   300008                     	org	3145736
  2311   300008  0F                 	db	15
  2312                           
  2313                           ;Config register CONFIG5H @ 0x300009
  2314                           ;	Boot Block Code Protection bit
  2315                           ;	CPB = OFF, Boot block (000000-0007FFh) not code-protected
  2316                           ;	Data EEPROM Code Protection bit
  2317                           ;	CPD = OFF, Data EEPROM not code-protected
  2318   300009                     	org	3145737
  2319   300009  C0                 	db	192
  2320                           
  2321                           ;Config register CONFIG6L @ 0x30000A
  2322                           ;	Write Protection Block 0
  2323                           ;	WRT0 = OFF, Block 0 (000800-003FFFh) not write-protected
  2324                           ;	Write Protection Block 1
  2325                           ;	WRT1 = OFF, Block 1 (004000-007FFFh) not write-protected
  2326                           ;	Write Protection Block 2
  2327                           ;	WRT2 = OFF, Block 2 (008000-00BFFFh) not write-protected
  2328                           ;	Write Protection Block 3
  2329                           ;	WRT3 = OFF, Block 3 (00C000h-00FFFFh) not write-protected
  2330   30000A                     	org	3145738
  2331   30000A  0F                 	db	15
  2332                           
  2333                           ;Config register CONFIG6H @ 0x30000B
  2334                           ;	Configuration Register Write Protection bit
  2335                           ;	WRTC = OFF, Configuration registers (300000-3000FFh) not write-protected
  2336                           ;	Boot Block Write Protection bit
  2337                           ;	WRTB = OFF, Boot Block (000000-0007FFh) not write-protected
  2338                           ;	Data EEPROM Write Protection bit
  2339                           ;	WRTD = OFF, Data EEPROM not write-protected
  2340   30000B                     	org	3145739
  2341   30000B  E0                 	db	224
  2342                           
  2343                           ;Config register CONFIG7L @ 0x30000C
  2344                           ;	Table Read Protection Block 0
  2345                           ;	EBTR0 = OFF, Block 0 (000800-003FFFh) not protected from table reads executed in other
      +                           blocks
  2346                           ;	Table Read Protection Block 1
  2347                           ;	EBTR1 = OFF, Block 1 (004000-007FFFh) not protected from table reads executed in other
      +                           blocks
  2348                           ;	Table Read Protection Block 2
  2349                           ;	EBTR2 = OFF, Block 2 (008000-00BFFFh) not protected from table reads executed in other
      +                           blocks
  2350                           ;	Table Read Protection Block 3
  2351                           ;	EBTR3 = OFF, Block 3 (00C000-00FFFFh) not protected from table reads executed in other
      +                           blocks
  2352   30000C                     	org	3145740
  2353   30000C  0F                 	db	15
  2354                           
  2355                           ;Config register CONFIG7H @ 0x30000D
  2356                           ;	Boot Block Table Read Protection bit
  2357                           ;	EBTRB = OFF, Boot Block (000000-0007FFh) not protected from table reads executed in ot
      +                          her blocks
  2358   30000D                     	org	3145741
  2359   30000D  40                 	db	64
  2360                           tosu	equ	0xFFF
  2361                           tosh	equ	0xFFE
  2362                           tosl	equ	0xFFD
  2363                           stkptr	equ	0xFFC
  2364                           pclatu	equ	0xFFB
  2365                           pclath	equ	0xFFA
  2366                           pcl	equ	0xFF9
  2367                           tblptru	equ	0xFF8
  2368                           tblptrh	equ	0xFF7
  2369                           tblptrl	equ	0xFF6
  2370                           tablat	equ	0xFF5
  2371                           prodh	equ	0xFF4
  2372                           prodl	equ	0xFF3
  2373                           indf0	equ	0xFEF
  2374                           postinc0	equ	0xFEE
  2375                           postdec0	equ	0xFED
  2376                           preinc0	equ	0xFEC
  2377                           plusw0	equ	0xFEB
  2378                           fsr0h	equ	0xFEA
  2379                           fsr0l	equ	0xFE9
  2380                           wreg	equ	0xFE8
  2381                           indf1	equ	0xFE7
  2382                           postinc1	equ	0xFE6
  2383                           postdec1	equ	0xFE5
  2384                           preinc1	equ	0xFE4
  2385                           plusw1	equ	0xFE3
  2386                           fsr1h	equ	0xFE2
  2387                           fsr1l	equ	0xFE1
  2388                           bsr	equ	0xFE0
  2389                           indf2	equ	0xFDF
  2390                           postinc2	equ	0xFDE
  2391                           postdec2	equ	0xFDD
  2392                           preinc2	equ	0xFDC
  2393                           plusw2	equ	0xFDB
  2394                           fsr2h	equ	0xFDA
  2395                           fsr2l	equ	0xFD9
  2396                           status	equ	0xFD8

Data Sizes:
    Strings     0
    Constant    0
    Data        0
    BSS         17
    Persistent  0
    Stack       0

Auto Spaces:
    Space          Size  Autos    Used
    COMRAM           94      7      24
    BANK0           160      0       0
    BANK1           256      0       0
    BANK2           256      0       0
    BANK3           256      0       0
    BANK4           256      0       0
    BANK5           256      0       0
    BANK6           256      0       0
    BANK7           256      0       0
    BANK8           256      0       0
    BANK9           256      0       0
    BANK10          256      0       0
    BANK11          256      0       0
    BANK12          256      0       0
    BANK13          256      0       0
    BANK14          256      0       0
    BANK15           96      0       0

Pointer List with Targets:

    I2C_SlaveAddrInterruptHandler	PTR FTN()void  size(2) Largest target is 1
		 -> I2C_SlaveDefAddrInterruptHandler(), NULL(), 

    I2C_SlaveBusColInterruptHandler	PTR FTN()void  size(2) Largest target is 1
		 -> I2C_SlaveDefBusColInterruptHandler(), NULL(), 

    I2C_SlaveRdInterruptHandler	PTR FTN()void  size(2) Largest target is 1
		 -> Custom_I2C_SlaveDefRdInterruptHandler(), I2C_SlaveDefRdInterruptHandler(), NULL(), 

    I2C_SlaveSetAddrIntHandler@handler	PTR FTN()void  size(2) Largest target is 1
		 -> I2C_SlaveDefAddrInterruptHandler(), 

    I2C_SlaveSetBusColIntHandler@handler	PTR FTN()void  size(2) Largest target is 1
		 -> I2C_SlaveDefBusColInterruptHandler(), 

    I2C_SlaveSetIsrHandler@handler	PTR FTN()void  size(2) Largest target is 1
		 -> I2C_Isr(), 

    I2C_SlaveSetReadIntHandler@handler	PTR FTN()void  size(2) Largest target is 1
		 -> Custom_I2C_SlaveDefRdInterruptHandler(), I2C_SlaveDefRdInterruptHandler(), 

    I2C_SlaveSetWrColIntHandler@handler	PTR FTN()void  size(2) Largest target is 1
		 -> I2C_SlaveDefWrColInterruptHandler(), 

    I2C_SlaveSetWriteIntHandler@handler	PTR FTN()void  size(2) Largest target is 1
		 -> I2C_SlaveDefWrInterruptHandler(), 

    I2C_SlaveWrColInterruptHandler	PTR FTN()void  size(2) Largest target is 1
		 -> I2C_SlaveDefWrColInterruptHandler(), NULL(), 

    I2C_SlaveWrInterruptHandler	PTR FTN()void  size(2) Largest target is 1
		 -> I2C_SlaveDefWrInterruptHandler(), NULL(), 

    MSSP_InterruptHandler	PTR FTN()void  size(2) Largest target is 1
		 -> I2C_Isr(), NULL(), 


Critical Paths under _main in COMRAM

    _main->_I2C_SlaveSetReadIntHandler
    _I2C_Open->_I2C_SlaveSetAddrIntHandler
    _I2C_Open->_I2C_SlaveSetBusColIntHandler
    _I2C_Open->_I2C_SlaveSetIsrHandler
    _I2C_Open->_I2C_SlaveSetReadIntHandler
    _I2C_Open->_I2C_SlaveSetWrColIntHandler
    _I2C_Open->_I2C_SlaveSetWriteIntHandler

Critical Paths under _INTERRUPT_InterruptManager in COMRAM

    _INTERRUPT_InterruptManager->_I2C_Isr
    _I2C_SlaveDefWrInterruptHandler->_I2C_SlaveSendTxData

Critical Paths under _main in BANK0

    None.

Critical Paths under _INTERRUPT_InterruptManager in BANK0

    None.

Critical Paths under _main in BANK1

    None.

Critical Paths under _INTERRUPT_InterruptManager in BANK1

    None.

Critical Paths under _main in BANK2

    None.

Critical Paths under _INTERRUPT_InterruptManager in BANK2

    None.

Critical Paths under _main in BANK3

    None.

Critical Paths under _INTERRUPT_InterruptManager in BANK3

    None.

Critical Paths under _main in BANK4

    None.

Critical Paths under _INTERRUPT_InterruptManager in BANK4

    None.

Critical Paths under _main in BANK5

    None.

Critical Paths under _INTERRUPT_InterruptManager in BANK5

    None.

Critical Paths under _main in BANK6

    None.

Critical Paths under _INTERRUPT_InterruptManager in BANK6

    None.

Critical Paths under _main in BANK7

    None.

Critical Paths under _INTERRUPT_InterruptManager in BANK7

    None.

Critical Paths under _main in BANK8

    None.

Critical Paths under _INTERRUPT_InterruptManager in BANK8

    None.

Critical Paths under _main in BANK9

    None.

Critical Paths under _INTERRUPT_InterruptManager in BANK9

    None.

Critical Paths under _main in BANK10

    None.

Critical Paths under _INTERRUPT_InterruptManager in BANK10

    None.

Critical Paths under _main in BANK11

    None.

Critical Paths under _INTERRUPT_InterruptManager in BANK11

    None.

Critical Paths under _main in BANK12

    None.

Critical Paths under _INTERRUPT_InterruptManager in BANK12

    None.

Critical Paths under _main in BANK13

    None.

Critical Paths under _INTERRUPT_InterruptManager in BANK13

    None.

Critical Paths under _main in BANK14

    None.

Critical Paths under _INTERRUPT_InterruptManager in BANK14

    None.

Critical Paths under _main in BANK15

    None.

Critical Paths under _INTERRUPT_InterruptManager in BANK15

    None.

Call Graph Tables:

 ---------------------------------------------------------------------------------
 (Depth) Function   	        Calls       Base Space   Used Autos Params    Refs
 ---------------------------------------------------------------------------------
 (0) _main                                                 0     0      0     868
                           _I2C_Open
         _I2C_SlaveSetReadIntHandler
                  _SYSTEM_Initialize
 ---------------------------------------------------------------------------------
 (1) _SYSTEM_Initialize                                    0     0      0       0
                     _I2C_Initialize
               _INTERRUPT_Initialize
              _OSCILLATOR_Initialize
             _PIN_MANAGER_Initialize
 ---------------------------------------------------------------------------------
 (2) _PIN_MANAGER_Initialize                               0     0      0       0
 ---------------------------------------------------------------------------------
 (2) _OSCILLATOR_Initialize                                0     0      0       0
 ---------------------------------------------------------------------------------
 (2) _INTERRUPT_Initialize                                 0     0      0       0
 ---------------------------------------------------------------------------------
 (2) _I2C_Initialize                                       0     0      0       0
 ---------------------------------------------------------------------------------
 (1) _I2C_Open                                             0     0      0     694
                 _I2C_SlaveEnableIrq
                      _I2C_SlaveOpen
         _I2C_SlaveSetAddrIntHandler
       _I2C_SlaveSetBusColIntHandler
             _I2C_SlaveSetIsrHandler
         _I2C_SlaveSetReadIntHandler
              _I2C_SlaveSetSlaveAddr
              _I2C_SlaveSetSlaveMask
        _I2C_SlaveSetWrColIntHandler
        _I2C_SlaveSetWriteIntHandler
 ---------------------------------------------------------------------------------
 (2) _I2C_SlaveSetWriteIntHandler                          2     0      2      98
                                              5 COMRAM     2     0      2
 ---------------------------------------------------------------------------------
 (2) _I2C_SlaveSetWrColIntHandler                          2     0      2      98
                                              5 COMRAM     2     0      2
 ---------------------------------------------------------------------------------
 (2) _I2C_SlaveSetSlaveMask                                1     1      0      15
                                              5 COMRAM     1     1      0
 ---------------------------------------------------------------------------------
 (2) _I2C_SlaveSetSlaveAddr                                1     1      0      15
                                              5 COMRAM     1     1      0
 ---------------------------------------------------------------------------------
 (1) _I2C_SlaveSetReadIntHandler                           2     0      2     174
                                              5 COMRAM     2     0      2
 ---------------------------------------------------------------------------------
 (2) _I2C_SlaveSetIsrHandler                               2     0      2      98
                                              5 COMRAM     2     0      2
 ---------------------------------------------------------------------------------
 (2) _I2C_SlaveSetBusColIntHandler                         2     0      2      98
                                              5 COMRAM     2     0      2
 ---------------------------------------------------------------------------------
 (2) _I2C_SlaveSetAddrIntHandler                           2     0      2      98
                                              5 COMRAM     2     0      2
 ---------------------------------------------------------------------------------
 (2) _I2C_SlaveOpen                                        0     0      0       0
 ---------------------------------------------------------------------------------
 (2) _I2C_SlaveEnableIrq                                   0     0      0       0
 ---------------------------------------------------------------------------------
 Estimated maximum stack depth 2
 ---------------------------------------------------------------------------------
 (Depth) Function   	        Calls       Base Space   Used Autos Params    Refs
 ---------------------------------------------------------------------------------
 (3) _INTERRUPT_InterruptManager                           2     2      0      15
                                              3 COMRAM     2     2      0
                                NULL *
                            _I2C_Isr *
 ---------------------------------------------------------------------------------
 (4) _I2C_Isr                                              2     2      0      15
                                              1 COMRAM     2     2      0
              _I2C_SlaveAddrCallBack
                  _I2C_SlaveClearIrq
                    _I2C_SlaveIsAddr
                    _I2C_SlaveIsRead
               _I2C_SlaveIsRxBufFull
              _I2C_SlaveIsTxBufEmpty
                _I2C_SlaveRdCallBack
              _I2C_SlaveReleaseClock
                _I2C_SlaveWrCallBack
 ---------------------------------------------------------------------------------
 (5) _I2C_SlaveWrCallBack                                  0     0      0      15
                                NULL *
     _I2C_SlaveDefWrInterruptHandler *
 ---------------------------------------------------------------------------------
 (6) _I2C_SlaveDefWrInterruptHandler                       0     0      0      15
                _I2C_SlaveSendTxData
 ---------------------------------------------------------------------------------
 (7) _I2C_SlaveSendTxData                                  1     1      0      15
                                              0 COMRAM     1     1      0
 ---------------------------------------------------------------------------------
 (5) _I2C_SlaveReleaseClock                                0     0      0       0
 ---------------------------------------------------------------------------------
 (5) _I2C_SlaveRdCallBack                                  0     0      0       0
                                NULL *
_Custom_I2C_SlaveDefRdInterruptHandl *
     _I2C_SlaveDefRdInterruptHandler *
 ---------------------------------------------------------------------------------
 (6) _I2C_SlaveDefRdInterruptHandler                       0     0      0       0
                 _I2C_SlaveGetRxData
 ---------------------------------------------------------------------------------
 (6) _Custom_I2C_SlaveDefRdInterruptHandler                0     0      0       0
 ---------------------------------------------------------------------------------
 (5) _I2C_SlaveIsTxBufEmpty                                0     0      0       0
 ---------------------------------------------------------------------------------
 (5) _I2C_SlaveIsRxBufFull                                 0     0      0       0
 ---------------------------------------------------------------------------------
 (5) _I2C_SlaveIsRead                                      0     0      0       0
 ---------------------------------------------------------------------------------
 (5) _I2C_SlaveIsAddr                                      0     0      0       0
 ---------------------------------------------------------------------------------
 (5) _I2C_SlaveClearIrq                                    0     0      0       0
 ---------------------------------------------------------------------------------
 (5) _I2C_SlaveAddrCallBack                                0     0      0       0
                                NULL *
   _I2C_SlaveDefAddrInterruptHandler *
 ---------------------------------------------------------------------------------
 (6) _I2C_SlaveDefAddrInterruptHandler                     0     0      0       0
                 _I2C_SlaveGetRxData
 ---------------------------------------------------------------------------------
 (7) _I2C_SlaveGetRxData                                   0     0      0       0
 ---------------------------------------------------------------------------------
 (6) NULL(Fake)                                            0     0      0       0
 ---------------------------------------------------------------------------------
 Estimated maximum stack depth 7
 ---------------------------------------------------------------------------------

 Call Graph Graphs:

 _main (ROOT)
   _I2C_Open
     _I2C_SlaveEnableIrq
     _I2C_SlaveOpen
     _I2C_SlaveSetAddrIntHandler
     _I2C_SlaveSetBusColIntHandler
     _I2C_SlaveSetIsrHandler
     _I2C_SlaveSetReadIntHandler
     _I2C_SlaveSetSlaveAddr
     _I2C_SlaveSetSlaveMask
     _I2C_SlaveSetWrColIntHandler
     _I2C_SlaveSetWriteIntHandler
   _I2C_SlaveSetReadIntHandler
   _SYSTEM_Initialize
     _I2C_Initialize
     _INTERRUPT_Initialize
     _OSCILLATOR_Initialize
     _PIN_MANAGER_Initialize

 _INTERRUPT_InterruptManager (ROOT)
   NULL(Fake) *
   _I2C_Isr *
     _I2C_SlaveAddrCallBack
       NULL(Fake) *
       _I2C_SlaveDefAddrInterruptHandler *
         _I2C_SlaveGetRxData
     _I2C_SlaveClearIrq
     _I2C_SlaveIsAddr
     _I2C_SlaveIsRead
     _I2C_SlaveIsRxBufFull
     _I2C_SlaveIsTxBufEmpty
     _I2C_SlaveRdCallBack
       NULL(Fake) *
       _Custom_I2C_SlaveDefRdInterruptHandler *
       _I2C_SlaveDefRdInterruptHandler *
         _I2C_SlaveGetRxData
     _I2C_SlaveReleaseClock
     _I2C_SlaveWrCallBack
       NULL(Fake) *
       _I2C_SlaveDefWrInterruptHandler *
         _I2C_SlaveSendTxData

 Address spaces:
Name               Size   Autos  Total    Cost      Usage
BIGRAM             F5F      0       0      50        0.0%
EEDATA             400      0       0       0        0.0%
BITBANK14          100      0       0      32        0.0%
BANK14             100      0       0      33        0.0%
BITBANK13          100      0       0      30        0.0%
BANK13             100      0       0      31        0.0%
BITBANK12          100      0       0      28        0.0%
BANK12             100      0       0      29        0.0%
BITBANK11          100      0       0      26        0.0%
BANK11             100      0       0      27        0.0%
BITBANK10          100      0       0      24        0.0%
BANK10             100      0       0      25        0.0%
BITBANK9           100      0       0      22        0.0%
BANK9              100      0       0      23        0.0%
BITBANK8           100      0       0      20        0.0%
BANK8              100      0       0      21        0.0%
BITBANK7           100      0       0      18        0.0%
BANK7              100      0       0      19        0.0%
BITBANK6           100      0       0      16        0.0%
BANK6              100      0       0      17        0.0%
BITBANK5           100      0       0      14        0.0%
BANK5              100      0       0      15        0.0%
BITBANK4           100      0       0      12        0.0%
BANK4              100      0       0      13        0.0%
BITBANK3           100      0       0      10        0.0%
BANK3              100      0       0      11        0.0%
BITBANK2           100      0       0       8        0.0%
BANK2              100      0       0       9        0.0%
BITBANK1           100      0       0       6        0.0%
BANK1              100      0       0       7        0.0%
BITBANK0            A0      0       0       4        0.0%
BANK0               A0      0       0       5        0.0%
BITBANK15           60      0       0      34        0.0%
BANK15              60      0       0      35        0.0%
BITCOMRAM           5E      0       0       0        0.0%
COMRAM              5E      7      18       1       25.5%
BITBIGSFRhhllhl     23      0       0      40        0.0%
BITBIGSFRhhlhhh     1D      0       0      37        0.0%
BITBIGSFRlllll      17      0       0      48        0.0%
BITBIGSFRhhh         D      0       0      36        0.0%
BITBIGSFRllh         9      0       0      45        0.0%
BITBIGSFRhhlhl       6      0       0      39        0.0%
BITBIGSFRllllh       4      0       0      47        0.0%
BITBIGSFRhhllll      4      0       0      43        0.0%
BITBIGSFRhll         4      0       0      44        0.0%
BITBIGSFRhhlhhl      2      0       0      38        0.0%
BITBIGSFRhhllll      1      0       0      42        0.0%
BITBIGSFRhhlllh      1      0       0      41        0.0%
BITBIGSFRlllh        1      0       0      46        0.0%
BIGSFR               0      0       0     200        0.0%
BITSFR               0      0       0     200        0.0%
SFR                  0      0       0     200        0.0%
STACK                0      0       0       2        0.0%
NULL                 0      0       0       0        0.0%
ABS                  0      0      18      49        0.0%
DATA                 0      0      18       3        0.0%
CODE                 0      0       0       0        0.0%


Microchip Technology PIC18 Macro Assembler V2.45 build 20230818022343 
Symbol Table                                                                                   Tue Sep 24 22:58:41 2024

                                  _SSPSTATbits 0FC7                                             l33 11C6  
                                           l72 1184                                             l74 1186  
                                           l77 118C                                             l79 118E  
                                           u10 1260                                             u11 125C  
                                          l110 137C                                            l305 1318  
                                          l226 12FA                                            l410 12EA  
                                          l315 1340                                            l332 1352  
                                          l229 115A                                            l413 1304  
                                          l326 126E                                            l335 1322  
                                          l272 1336                                            l338 1380  
                                          l275 132C                                            l285 130E  
                                          l295 134A           __end_of_I2C_SlaveSetBusColIntHandler 1342  
                 _I2C_SlaveSetBusColIntHandler 1338                                            u310 1184  
                                          u311 1180                          ??_I2C_SlaveRdCallBack 0012  
                          _I2C_SlaveSendTxData 135C                  I2C_SlaveSetSlaveMask@maskAddr 0017  
                              __end_of_I2C_Isr 10FE                                            tosl 0FFD  
                                          wreg 0FE8                            _I2C_SlaveWrCallBack 11C8  
                                         l1111 11BA                                           l1103 1198  
                                         l1121 12F0                                           l1113 11C4  
                                         l1105 11B0                                           l1131 1264  
                                         l1123 12F4                                           l1107 11B2  
                                         l1133 1268                                           l1141 131C  
                                         l1125 12F8                                           l1117 137A  
                                         l1109 11B8                                           l1135 126C  
                                         l1127 1252                                           l1119 12EC  
                                         l1153 137E                                           l1129 1260  
                                         l1139 134E                                           l1341 1324  
                                         l1343 132E                                           l1351 1310  
                                         l1191 12DE                                           l1345 1338  
                                         l1361 111A                                           l1353 10FE  
                                         l1193 12E2                                           l1347 1306  
                                         l1371 1156                                           l1363 1126  
                                         l1355 1102                                           l1187 12FC  
                                         l1195 12E6                                           l1349 1342  
                                         l1365 1132                                           l1357 1108  
                                         l1189 12DA                                           l1373 115C  
                                         l1367 113E                                           l1359 110E  
                                         l1375 1160                                           l1369 114A  
                                         l1377 1162                                           l1379 1174  
                                         _LATA 0F89                                           _LATB 0F8A  
                                         _LATC 0F8B                                           _LATD 0F8C  
                                         _LATE 0F8D                                           i2l65 1378  
                                         _WPUB 0F7C                        __end_of_I2C_SlaveIsAddr 12DA  
                      __end_of_I2C_SlaveIsRead 12C6                                           _main 115C  
            I2C_SlaveSetAddrIntHandler@handler 0017                               __end_of_I2C_Open 115C  
                                         btemp 0019                           ?_I2C_SlaveSendTxData 0012  
                                         start 0086                           ?_I2C_SlaveWrCallBack 0012  
                                 ___param_bank 0000              I2C_SlaveSetReadIntHandler@handler 0017  
                __end_of_I2C_SlaveAddrCallBack 1252                  __end_of_OSCILLATOR_Initialize 1306  
          fp__I2C_SlaveDefAddrInterruptHandler 0000       __end_of_I2C_SlaveDefAddrInterruptHandler 1374  
           ??_I2C_SlaveDefAddrInterruptHandler 0012              ?_I2C_SlaveDefAddrInterruptHandler 0012  
             _I2C_SlaveDefAddrInterruptHandler 136C                                          ?_main 0012  
                                        _ANSEL 0F7E                                          i2l121 007A  
                                        i2l116 005A                                          i2l117 007A  
                                        i2l302 1372                                          i2l341 12D8  
                                        i2l350 1384                                          i2l344 12C4  
                                        i2l362 129C                                          i2l282 136A  
                                        i2l371 138C                                          i2l347 1388  
                                        i2l292 135A                                          i2l365 12B0  
                                        i2l269 10FC                                          i2l279 1222  
                                        i2l368 1362                                          i2l289 11F4  
                                        i2l299 1250                          _I2C_SlaveReleaseClock 1382  
                                        _TRISA 0F92                                          _TRISB 0F93  
                                        _TRISC 0F94                                          _TRISD 0F95  
                                        _TRISE 0F96                  ?_I2C_SlaveSetBusColIntHandler 0017  
                       ??_I2C_SlaveIsRxBufFull 0012                                          pclath 0FFA  
                                        pclatu 0FFB                                          ttemp5 001A  
                                        ttemp6 001D                                          ttemp7 0021  
                                        status 0FD8                                          wtemp8 001A  
                        ??_I2C_SlaveSendTxData 0012                          ??_I2C_SlaveWrCallBack 0013  
                        _I2C_SlaveSetSlaveAddr 134C                                __initialization 1270  
                        _I2C_SlaveSetSlaveMask 131A                                   __end_of_main 1198  
                  ?_INTERRUPT_InterruptManager 0012                                      ??_I2C_Isr 0013  
                                       ??_main 0019                                  __activetblptr 0002  
                  _I2C_SlaveRdInterruptHandler 0009                    _I2C_SlaveWrInterruptHandler 0007  
                   __end_of_I2C_SlaveEnableIrq 1382                     __end_of_I2C_SlaveGetRxData 138E  
                                       _ANSELH 0F7F                                         i2l1101 136C  
                                       i2l1221 101A                                         i2l1231 105A  
                                       i2l1223 102E                                         i2l1161 12C6  
                                       i2l1241 108A                                         i2l1233 1062  
                                       i2l1225 1036                                         i2l1217 1002  
                                       i2l1155 12B2                                         i2l1235 1066  
                                       i2l1251 10BE                                         i2l1227 103E  
                                       i2l1219 1006                                         i2l1165 1224  
                                       i2l1181 11F6                                         i2l1093 135E  
                                       i2l1173 11C8                                         i2l1245 10A2  
                                       i2l1237 107A                                         i2l1253 10F8  
                                       i2l1229 1052                                         i2l1167 1236  
                                       i2l1159 1386                                         i2l1095 1374  
                                       i2l1183 1208                                         i2l1175 11DA  
                                       i2l1247 10B6                                         i2l1239 1082  
                                       i2l1271 0020                                         i2l1089 138A  
                                       i2l1177 129E                                         i2l1169 128A  
                                       i2l1097 1364                                         i2l1185 1382  
                                       i2l1273 002E                                         i2l1099 1354  
                                       i2l1275 003C                                         i2l1277 0068  
                                       i2l1269 0012                                         i2l1385 10D2  
                                       _OSCCON 0FD3                               ?_I2C_SlaveIsAddr 0012  
                                       i2u2_40 12C2                                         i2u2_41 12BC  
                                       i2u2_46 12C4                                         i2u3_40 12D6  
                                       i2u3_41 12D0                                         i2u4_40 12D8  
                                       i2u5_40 1236                                         i2u5_41 1232  
                                       i2u6_48 123C                                         i2u7_40 129A  
                                       i2u6_49 1250                                         i2u7_41 1294  
                                       _SSPADD 0FC8                               ?_I2C_SlaveIsRead 0012  
                                       i2u8_40 129C                                         i2u9_40 11DA  
                                       i2u9_41 11D6                                         _SSPBUF 0FC9  
                                       _SSPMSK 0F77                         _I2C_SlaveSetIsrHandler 132E  
                                       clear_0 1276                                         isa$std 0001  
                       ?_I2C_SlaveReleaseClock 0012                        ??_I2C_SlaveIsTxBufEmpty 0012  
                                    ?_I2C_Open 0012            I2C_SlaveSetBusColIntHandler@handler 0017  
                                 __mediumconst 0000                                         tblptru 0FF8  
                                _I2C_SlaveOpen 1252                              _SYSTEM_Initialize 12DA  
                                   __accesstop 0060                        __end_of__initialization 127C  
           I2C_SlaveSetWrColIntHandler@handler 0017                   ??_I2C_SlaveSetAddrIntHandler 0019  
                           ?_SYSTEM_Initialize 0012                                  ___rparam_used 0001  
                       ?_I2C_SlaveSetSlaveAddr 0012                         ?_I2C_SlaveSetSlaveMask 0012  
                               __pcstackCOMRAM 0012                            ??_SYSTEM_Initialize 0017  
               I2C_SlaveSetSlaveAddr@slaveAddr 0017                   ??_I2C_SlaveSetReadIntHandler 0019  
                                   ??_I2C_Open 0019                                 ?_I2C_SlaveOpen 0012  
                    __end_of_SYSTEM_Initialize 12EC            __end_of_I2C_SlaveSetWrColIntHandler 131A  
                  _I2C_SlaveSetWrColIntHandler 1310                    __end_of_I2C_SlaveRdCallBack 1224  
                ??_I2C_SlaveSetWrColIntHandler 0019                                        _I2C_Isr 1002  
                                      i2u11_40 12AE                                        i2u10_48 11E0  
                                      i2u11_41 12A8                                        i2u10_49 11F4  
                                      i2u11_46 12B0                                        i2u12_40 1208  
                                      i2u12_41 1204                                        i2u21_40 0020  
                                      i2u21_41 001C                                        i2u13_48 120E  
                                      i2u14_40 101A                                        i2u22_40 002E  
                                      i2u13_49 1222                                        i2u14_41 1016  
                                      i2u22_41 002A                                        i2u15_40 102E  
                                      i2u23_40 003C                                        i2u15_41 102A  
                                      i2u23_41 0038                                        i2u16_40 1052  
                                      i2u16_41 104E                                        i2u17_40 107A  
                                      i2u25_40 0068                                        i2u24_48 0042  
                                      i2u17_41 1076                                        i2u25_41 0064  
                                      i2u24_49 0056                                        i2u18_40 109E  
                                      i2u26_40 0076                                        i2u18_41 109A  
                                      i2u26_41 0072                                        i2u19_40 10B6  
                                      i2u19_41 10B2                                        _OSCTUNE 0F9B  
                                      _SSPCON1 0FC6                                        _SSPCON2 0FC5  
                                      _SSPSTAT 0FC7                                        __Hparam 0000  
                                      __Lparam 0000                        I2C_SlaveSendTxData@data 0012  
                                 __psmallconst 1000                          _I2C_SlaveAddrCallBack 1224  
                                      __pcinit 1270                                 _I2C_Initialize 12EC  
                                      __ramtop 1000                                        __ptext0 115C  
                                      __ptext1 12DA                                        __ptext2 1198  
                                      __ptext3 12FC                                        __ptext4 137A  
                                      __ptext5 12EC                                        __ptext6 10FE  
                                      __ptext7 1306                                        __ptext8 1310  
                                      __ptext9 131A                                     fp__I2C_Isr 0000  
                              ??_I2C_SlaveOpen 0017                          _OSCILLATOR_Initialize 12FC  
                     ??_PIN_MANAGER_Initialize 0017                  I2C_SlaveSetIsrHandler@handler 0017  
                  __end_of_I2C_SlaveSendTxData 1364                           end_of_initialization 127C  
                  __end_of_I2C_SlaveWrCallBack 11F6             __end_of_I2C_SlaveSetAddrIntHandler 134C  
                   _I2C_SlaveSetAddrIntHandler 1342                                  __Lmediumconst 0000  
                           _I2C_SlaveEnableIrq 137E                             _I2C_SlaveGetRxData 138A  
                      ?_I2C_SlaveSetIsrHandler 0017                                   _i2cSlaveAddr 000E  
                                      postinc0 0FEE                         __end_of_I2C_Initialize 12FC  
                      ??_I2C_SlaveReleaseClock 0012                            ?_I2C_SlaveEnableIrq 0012  
                          ?_I2C_SlaveGetRxData 0012             __end_of_I2C_SlaveSetReadIntHandler 132E  
                   _I2C_SlaveSetReadIntHandler 1324                   ?_I2C_SlaveSetWriteIntHandler 0017  
                __end_of_I2C_SlaveIsTxBufEmpty 129E                           ??_I2C_SlaveEnableIrq 0017  
                         ??_I2C_SlaveGetRxData 0012                        ??_I2C_SlaveSetSlaveAddr 0017  
                      ??_I2C_SlaveSetSlaveMask 0017                 __end_of_I2C_SlaveSetIsrHandler 1338  
                       ?_I2C_SlaveAddrCallBack 0012                   __end_of_INTERRUPT_Initialize 137E  
                              ?_I2C_Initialize 0012                                      _i2cRdData 000F  
                       ?_OSCILLATOR_Initialize 0012                                      _i2cWrData 0010  
                          start_initialization 1270                                       ?_I2C_Isr 0012  
                                  __pbssCOMRAM 0001                 ??_I2C_SlaveSetBusColIntHandler 0019  
                       _PIN_MANAGER_Initialize 1198                                      __pintcode 0008  
                 ??_INTERRUPT_InterruptManager 0015                              ??_I2C_SlaveIsAddr 0012  
                            ??_I2C_SlaveIsRead 0012              fp__I2C_SlaveDefRdInterruptHandler 0000  
     fp__Custom_I2C_SlaveDefRdInterruptHandler 0000  __end_of_Custom_I2C_SlaveDefRdInterruptHandler 137A  
      ??_Custom_I2C_SlaveDefRdInterruptHandler 0012         ?_Custom_I2C_SlaveDefRdInterruptHandler 0012  
             ??_I2C_SlaveDefRdInterruptHandler 0012                ?_I2C_SlaveDefRdInterruptHandler 0012  
        _Custom_I2C_SlaveDefRdInterruptHandler 1374              fp__I2C_SlaveDefWrInterruptHandler 0000  
             ??_I2C_SlaveDefWrInterruptHandler 0013                ?_I2C_SlaveDefWrInterruptHandler 0012  
                                  __smallconst 1000                                       _I2C_Open 10FE  
                         _INTERRUPT_Initialize 137A                    ?_I2C_SlaveSetAddrIntHandler 0017  
                                     _LATCbits 0F8B                                       _PIE1bits 0F9D  
                                     _PIE2bits 0FA0                              _I2C_SlaveClearIrq 1386  
                                     _PIR1bits 0F9E                                       _PIR2bits 0FA1  
                           ?_I2C_SlaveClearIrq 0012                                       _RCONbits 0FD0  
                 __end_of_I2C_SlaveIsRxBufFull 12B2                    ?_I2C_SlaveSetReadIntHandler 0017  
                __end_of_I2C_SlaveReleaseClock 1386                            ??_I2C_SlaveClearIrq 0012  
                        __end_of_I2C_SlaveOpen 1270                                    _INTCON2bits 0FF1  
                        ?_INTERRUPT_Initialize 0012              _I2C_SlaveDefWrColInterruptHandler 0000  
                    __end_of_I2C_SlaveClearIrq 138A                  __end_of_I2C_SlaveSetSlaveAddr 1354  
                __end_of_I2C_SlaveSetSlaveMask 1324                               ??_I2C_Initialize 0017  
                      ??_I2C_SlaveAddrCallBack 0012                                       __Hrparam 0000  
                                     __Lrparam 0000                        ??_OSCILLATOR_Initialize 0017  
                _I2C_SlaveAddrInterruptHandler 0005             _I2C_SlaveDefBusColInterruptHandler 0000  
               _I2C_SlaveWrColInterruptHandler 0001                                       __ptext10 134C  
                                     __ptext11 1324                                       __ptext20 1354  
                                     __ptext12 132E                                       __ptext21 135C  
                                     __ptext13 1338                                       __ptext30 1386  
                                     __ptext22 1382                                       __ptext14 1342  
                                     __ptext31 1224                                       __ptext23 11F6  
                                     __ptext15 1252                                       __ptext32 136C  
                                     __ptext24 1374                                       __ptext16 137E  
                                     __ptext33 138A                                       __ptext25 1364  
                                     __ptext34 0000                                       __ptext26 128A  
                                     __ptext18 1002                                       __ptext27 129E  
                                     __ptext19 11C8                                       __ptext28 12B2  
                                     __ptext29 12C6                          _I2C_SlaveIsTxBufEmpty 128A  
                 ?_I2C_SlaveSetWrColIntHandler 0017                                       isa$xinst 0000  
                                     int$flags 0019             __end_of_INTERRUPT_InterruptManager 0086  
                   _INTERRUPT_InterruptManager 0008                                     _INTCONbits 0FF2  
                       ??_INTERRUPT_Initialize 0017                           _I2C_SlaveIsRxBufFull 129E  
                                     intlevel2 0000                _I2C_SlaveBusColInterruptHandler 0003  
                      ?_PIN_MANAGER_Initialize 0012                            _I2C_SlaveRdCallBack 11F6  
                              _I2C_SlaveIsAddr 12C6                                _I2C_SlaveIsRead 12B2  
                                _i2cSlaveState 000D             I2C_SlaveSetWriteIntHandler@handler 0017  
          __end_of_I2C_SlaveSetWriteIntHandler 1310                    _I2C_SlaveSetWriteIntHandler 1306  
                         ?_I2C_SlaveRdCallBack 0012                         ?_I2C_SlaveIsTxBufEmpty 0012  
                ??_I2C_SlaveSetWriteIntHandler 0019                                    _SSPCON1bits 0FC6  
                                  _SSPCON2bits 0FC5                       ??_I2C_SlaveSetIsrHandler 0019  
                        ?_I2C_SlaveIsRxBufFull 0012                 __end_of_PIN_MANAGER_Initialize 11C8  
                         _RecTC74_A7_TempValue 0011         __end_of_I2C_SlaveDefRdInterruptHandler 136C  
               _I2C_SlaveDefRdInterruptHandler 1364         __end_of_I2C_SlaveDefWrInterruptHandler 135C  
               _I2C_SlaveDefWrInterruptHandler 1354                          _MSSP_InterruptHandler 000B  
