

Microchip MPLAB XC8 Assembler V2.45 build 20230818022343 
                                                                                               Tue Sep 17 10:06:36 2024

Microchip MPLAB XC8 C Compiler v2.45 (Free license) build 20230818022343 Og1 
     1                           	processor	18F4620
     2                           	fnconf	rparam,??,?,0
     3                           	pagewidth 120
     4                           	opt	flic
     5                           	psect	idataCOMRAM,global,class=CODE,delta=1,noexec
     6                           	psect	idataBANK0,global,class=CODE,delta=1,noexec
     7                           	psect	smallconst,global,reloc=2,class=SMALLCONST,delta=1,noexec
     8                           	psect	cinit,global,reloc=2,class=CODE,delta=1
     9                           	psect	bssCOMRAM,global,class=COMRAM,space=1,delta=1,lowdata,noexec
    10                           	psect	dataCOMRAM,global,class=COMRAM,space=1,delta=1,lowdata,noexec
    11                           	psect	bssBANK0,global,class=BANK0,space=1,delta=1,lowdata,noexec
    12                           	psect	dataBANK0,global,class=BANK0,space=1,delta=1,lowdata,noexec
    13                           	psect	cstackCOMRAM,global,class=COMRAM,space=1,delta=1,lowdata,noexec
    14                           	psect	text0,global,reloc=2,class=CODE,delta=1
    15                           	psect	text1,global,reloc=2,class=CODE,delta=1
    16                           	psect	text2,global,reloc=2,class=CODE,delta=1
    17                           	psect	text3,global,reloc=2,class=CODE,delta=1
    18                           	psect	text4,global,reloc=2,class=CODE,delta=1
    19                           	psect	text5,global,reloc=2,class=CODE,delta=1
    20                           	psect	text6,global,reloc=2,class=CODE,delta=1
    21                           	psect	text7,global,reloc=2,class=CODE,delta=1,inline
    22                           	psect	text8,global,reloc=2,class=CODE,delta=1,inline
    23                           	psect	text9,global,reloc=2,class=CODE,delta=1,inline
    24                           	psect	text10,global,reloc=2,class=CODE,delta=1,inline
    25                           	psect	text11,global,reloc=2,class=CODE,delta=1,group=1
    26                           	psect	text12,global,reloc=2,class=CODE,delta=1,group=1
    27                           	psect	text13,global,reloc=2,class=CODE,delta=1,group=1
    28                           	psect	text14,global,reloc=2,class=CODE,delta=1,group=1
    29                           	psect	intcode,global,reloc=2,class=CODE,delta=1
    30                           	psect	intcode_body,global,reloc=2,class=CODE,delta=1
    31                           	psect	text16,global,reloc=2,class=CODE,delta=1
    32                           	psect	text17,global,reloc=2,class=CODE,delta=1
    33                           	psect	text18,global,reloc=2,class=CODE,delta=1
    34                           	psect	text19,global,reloc=2,class=CODE,delta=1
    35                           	psect	text20,global,reloc=2,class=CODE,delta=1
    36                           	psect	text21,global,reloc=2,class=CODE,delta=1
    37                           	psect	text22,global,reloc=2,class=CODE,delta=1
    38                           	psect	text23,global,reloc=2,class=CODE,delta=1
    39                           	psect	text24,global,reloc=2,class=CODE,delta=1
    40                           	psect	text25,global,reloc=2,class=CODE,delta=1
    41                           	psect	text26,global,reloc=2,class=CODE,delta=1
    42                           	psect	text27,global,reloc=2,class=CODE,delta=1
    43                           	psect	text28,global,reloc=2,class=CODE,delta=1
    44                           	psect	text29,global,reloc=2,class=CODE,delta=1
    45                           	psect	text30,global,reloc=2,class=CODE,delta=1
    46                           	psect	text31,global,reloc=2,class=CODE,delta=1
    47                           	psect	text32,global,reloc=2,class=CODE,delta=1
    48                           	psect	text33,global,reloc=2,class=CODE,delta=1
    49                           	psect	intsave_regs,global,class=BIGRAM,space=1,delta=1,noexec
    50                           	psect	rparam,global,class=COMRAM,space=1,delta=1,noexec
    51                           	psect	temp,global,ovrld,common,class=COMRAM,space=1,delta=1
    52                           	psect	config,global,abs,ovrld,class=CONFIG,space=4,delta=1,noexec
    53   000000                     
    54                           ; Generated 23/03/2023 GMT
    55                           ; 
    56                           ; Copyright © 2023, Microchip Technology Inc. and its subsidiaries ("Microchip")
    57                           ; All rights reserved.
    58                           ; 
    59                           ; This software is developed by Microchip Technology Inc. and its subsidiaries ("Microch
      +                          ip").
    60                           ; 
    61                           ; Redistribution and use in source and binary forms, with or without modification, are
    62                           ; permitted provided that the following conditions are met:
    63                           ; 
    64                           ;     1. Redistributions of source code must retain the above copyright notice, this lis
      +                          t of
    65                           ;        conditions and the following disclaimer.
    66                           ; 
    67                           ;     2. Redistributions in binary form must reproduce the above copyright notice, this 
      +                          list
    68                           ;        of conditions and the following disclaimer in the documentation and/or other
    69                           ;        materials provided with the distribution. Publication is not required when
    70                           ;        this file is used in an embedded application.
    71                           ; 
    72                           ;     3. Microchip's name may not be used to endorse or promote products derived from th
      +                          is
    73                           ;        software without specific prior written permission.
    74                           ; 
    75                           ; THIS SOFTWARE IS PROVIDED BY MICROCHIP "AS IS" AND ANY EXPRESS OR IMPLIED WARRANTIES,
    76                           ; INCLUDING, BUT NOT LIMITED TO, THE IMPLIED WARRANTIES OF MERCHANTABILITY AND FITNESS F
      +                          OR
    77                           ; PURPOSE ARE DISCLAIMED.  IN NO EVENT SHALL MICROCHIP BE LIABLE FOR ANY DIRECT, INDIREC
      +                          T,
    78                           ; INCIDENTAL, SPECIAL, EXEMPLARY, OR CONSEQUENTIAL DAMAGES (INCLUDING BUT NOT LIMITED TO
    79                           ; PROCUREMENT OF SUBSTITUTE GOODS OR SERVICES; LOSS OF USE, DATA OR PROFITS; OR BUSINESS
    80                           ; INTERRUPTION) HOWSOEVER CAUSED AND ON ANY THEORY OF LIABILITY, WHETHER IN CONTRACT, ST
      +                          RICT
    81                           ; LIABILITY, OR TORT (INCLUDING NEGLIGENCE OR OTHERWISE) ARISING IN ANY WAY OUT OF THE U
      +                          SE OF
    82                           ; THIS SOFTWARE, EVEN IF ADVISED OF THE POSSIBILITY OF SUCH DAMAGE.
    83                           ; 
    84                           ; 
    85                           ; Code-generator required, PIC18F4620 Definitions
    86                           ; 
    87                           ; SFR Addresses
    88   000000                     
    89                           	psect	idataCOMRAM
    90   002404                     __pidataCOMRAM:
    91                           	callstack 0
    92                           
    93                           ;initializer for _RB7_Flag
    94   002404  01                 	db	1
    95                           
    96                           ;initializer for _RB6_Flag
    97   002405  01                 	db	1
    98                           
    99                           ;initializer for _RB5_Flag
   100   002406  01                 	db	1
   101                           
   102                           ;initializer for _RB4_Flag
   103   002407  01                 	db	1
   104                           
   105                           	psect	idataBANK0
   106   002300                     __pidataBANK0:
   107                           	callstack 0
   108                           
   109                           ;initializer for _button_matrics
   110   002300  37                 	db	55
   111   002301  38                 	db	56
   112   002302  39                 	db	57
   113   002303  2F                 	db	47
   114   002304  34                 	db	52
   115   002305  35                 	db	53
   116   002306  36                 	db	54
   117   002307  2A                 	db	42
   118   002308  31                 	db	49
   119   002309  32                 	db	50
   120   00230A  33                 	db	51
   121   00230B  2D                 	db	45
   122   00230C  23                 	db	35
   123   00230D  30                 	db	48
   124   00230E  3D                 	db	61
   125   00230F  2B                 	db	43
   126                           
   127                           ;initializer for _port_registers
   128   002310  80                 	db	128
   129   002311  0F                 	db	15
   130   002312  81                 	db	129
   131   002313  0F                 	db	15
   132   002314  82                 	db	130
   133   002315  0F                 	db	15
   134   002316  83                 	db	131
   135   002317  0F                 	db	15
   136   002318  84                 	db	132
   137   002319  0F                 	db	15
   138                           
   139                           ;initializer for _lat_registers
   140   00231A  89                 	db	137
   141   00231B  0F                 	db	15
   142   00231C  8A                 	db	138
   143   00231D  0F                 	db	15
   144   00231E  8B                 	db	139
   145   00231F  0F                 	db	15
   146   002320  8C                 	db	140
   147   002321  0F                 	db	15
   148   002322  8D                 	db	141
   149   002323  0F                 	db	15
   150                           
   151                           ;initializer for _tris_registers
   152   002324  92                 	db	146
   153   002325  0F                 	db	15
   154   002326  93                 	db	147
   155   002327  0F                 	db	15
   156   002328  94                 	db	148
   157   002329  0F                 	db	15
   158   00232A  95                 	db	149
   159   00232B  0F                 	db	15
   160   00232C  96                 	db	150
   161   00232D  0F                 	db	15
   162   000000                     _SPBRGH	set	4016
   163   000000                     _SPBRG	set	4015
   164   000000                     _TXREG	set	4013
   165   000000                     _TXSTAbits	set	4012
   166   000000                     _RCREG	set	4014
   167   000000                     _RCSTAbits	set	4011
   168   000000                     _TMR3L	set	4018
   169   000000                     _TMR3H	set	4019
   170   000000                     _TMR1L	set	4046
   171   000000                     _TMR1H	set	4047
   172   000000                     _TMR0L	set	4054
   173   000000                     _TMR0H	set	4055
   174   000000                     _SSPSTATbits	set	4039
   175   000000                     _SSPADD	set	4040
   176   000000                     _SSPCON2bits	set	4037
   177   000000                     _SSPCON1bits	set	4038
   178   000000                     _INTCON2bits	set	4081
   179   000000                     _INTCON3bits	set	4080
   180   000000                     _T3CONbits	set	4017
   181   000000                     _CCPR1H	set	4031
   182   000000                     _CCPR1L	set	4030
   183   000000                     _CCP2CONbits	set	4026
   184   000000                     _CCP1CONbits	set	4029
   185   000000                     _ADCON1bits	set	4033
   186   000000                     _ADRESL	set	4035
   187   000000                     _ADRESH	set	4036
   188   000000                     _ADCON2bits	set	4032
   189   000000                     _ADCON0bits	set	4034
   190   000000                     _EECON2	set	4007
   191   000000                     _TRISD	set	3989
   192   000000                     _TRISC	set	3988
   193   000000                     _TRISB	set	3987
   194   000000                     _TRISE	set	3990
   195   000000                     _TRISCbits	set	3988
   196   000000                     _PORTBbits	set	3969
   197   000000                     _PIE1bits	set	3997
   198   000000                     _EECON1bits	set	4006
   199   000000                     _EEDATA	set	4008
   200   000000                     _EEADR	set	4009
   201   000000                     _EEADRH	set	4010
   202   000000                     _INTCONbits	set	4082
   203   000000                     _PORTE	set	3972
   204   000000                     _PORTD	set	3971
   205   000000                     _PORTC	set	3970
   206   000000                     _PORTB	set	3969
   207   000000                     _PORTA	set	3968
   208   000000                     _LATA	set	3977
   209   000000                     _TRISA	set	3986
   210   000000                     _PIE2bits	set	4000
   211   000000                     _PIR1bits	set	3998
   212   000000                     _PIR2bits	set	4001
   213   000000                     _LATE	set	3981
   214   000000                     _LATD	set	3980
   215   000000                     _LATC	set	3979
   216   000000                     _LATB	set	3978
   217   000000                     _TMR2	set	4044
   218   000000                     _T2CONbits	set	4042
   219   000000                     _T1CONbits	set	4045
   220   000000                     _T0CONbits	set	4053
   221   000000                     _SSPBUF	set	4041
   222   000000                     _BAUDCONbits	set	4024
   223                           
   224                           	psect	smallconst
   225   001000                     __psmallconst:
   226                           	callstack 0
   227   001000  00                 	db	0
   228   001001                     STR_1:
   229   001001  25                 	db	37
   230   001002  69                 	db	105	;'i'
   231   001003  00                 	db	0
   232   001004  00                 	db	0	; dummy byte at the end
   233   000000                     
   234                           ; #config settings
   235                           
   236                           	psect	cinit
   237   0021DA                     __pcinit:
   238                           	callstack 0
   239   0021DA                     start_initialization:
   240                           	callstack 0
   241   0021DA                     __initialization:
   242                           	callstack 0
   243                           
   244                           ; Initialize objects allocated to BANK0 (46 bytes)
   245                           ; load TBLPTR registers with __pidataBANK0
   246   0021DA  0E00               	movlw	low __pidataBANK0
   247   0021DC  6EF6               	movwf	tblptrl,c
   248   0021DE  0E23               	movlw	high __pidataBANK0
   249   0021E0  6EF7               	movwf	tblptrh,c
   250   0021E2  0E00               	movlw	low (__pidataBANK0 shr (0+16))
   251   0021E4  6EF8               	movwf	tblptru,c
   252   0021E6  EE00  F080         	lfsr	0,__pdataBANK0
   253   0021EA  EE10 F02E          	lfsr	1,46
   254   0021EE                     copy_data0:
   255   0021EE  0009               	tblrd		*+
   256   0021F0  CFF5 FFEE          	movff	tablat,postinc0
   257   0021F4  50E5               	movf	postdec1,w,c
   258   0021F6  50E1               	movf	fsr1l,w,c
   259   0021F8  E1FA               	bnz	copy_data0
   260                           
   261                           ; Initialize objects allocated to COMRAM (4 bytes)
   262                           ; load TBLPTR registers with __pidataCOMRAM
   263   0021FA  0E04               	movlw	low __pidataCOMRAM
   264   0021FC  6EF6               	movwf	tblptrl,c
   265   0021FE  0E24               	movlw	high __pidataCOMRAM
   266   002200  6EF7               	movwf	tblptrh,c
   267   002202  0E00               	movlw	low (__pidataCOMRAM shr (0+16))
   268   002204  6EF8               	movwf	tblptru,c
   269   002206  EE00  F07A         	lfsr	0,__pdataCOMRAM
   270   00220A  EE10 F004          	lfsr	1,4
   271   00220E                     copy_data1:
   272   00220E  0009               	tblrd		*+
   273   002210  CFF5 FFEE          	movff	tablat,postinc0
   274   002214  50E5               	movf	postdec1,w,c
   275   002216  50E1               	movf	fsr1l,w,c
   276   002218  E1FA               	bnz	copy_data1
   277                           
   278                           ; Clear objects allocated to BANK0 (41 bytes)
   279   00221A  EE00  F0AE         	lfsr	0,__pbssBANK0
   280   00221E  0E29               	movlw	41
   281   002220                     clear_0:
   282   002220  6AEE               	clrf	postinc0,c
   283   002222  06E8               	decf	wreg,f,c
   284   002224  E1FD               	bnz	clear_0
   285                           
   286                           ; Clear objects allocated to COMRAM (48 bytes)
   287   002226  EE00  F04A         	lfsr	0,__pbssCOMRAM
   288   00222A  0E30               	movlw	48
   289   00222C                     clear_1:
   290   00222C  6AEE               	clrf	postinc0,c
   291   00222E  06E8               	decf	wreg,f,c
   292   002230  E1FD               	bnz	clear_1
   293   002232                     end_of_initialization:
   294                           	callstack 0
   295   002232                     __end_of__initialization:
   296                           	callstack 0
   297   002232  907E               	bcf	int$flags,0,c	;clear compiler interrupt flag (level 1)
   298   002234  927E               	bcf	int$flags,1,c	;clear compiler interrupt flag (level 2)
   299   002236  0100               	movlb	0
   300   002238  EF18  F010         	goto	_main	;jump to C main() function
   301                           
   302                           	psect	bssCOMRAM
   303   00004A                     __pbssCOMRAM:
   304                           	callstack 0
   305   00004A                     _timer3_preload:
   306                           	callstack 0
   307   00004A                     	ds	2
   308   00004C                     _timer1_preload:
   309                           	callstack 0
   310   00004C                     	ds	2
   311   00004E                     _timer0_preload:
   312                           	callstack 0
   313   00004E                     	ds	2
   314   000050                     _I2C_Report_Write_Collision_InterruptHandler:
   315                           	callstack 0
   316   000050                     	ds	2
   317   000052                     _RB7_InterruptHandler_LOW:
   318                           	callstack 0
   319   000052                     	ds	2
   320   000054                     _RB7_InterruptHandler_HIGH:
   321                           	callstack 0
   322   000054                     	ds	2
   323   000056                     _RB6_InterruptHandler_LOW:
   324                           	callstack 0
   325   000056                     	ds	2
   326   000058                     _RB6_InterruptHandler_HIGH:
   327                           	callstack 0
   328   000058                     	ds	2
   329   00005A                     _RB5_InterruptHandler_LOW:
   330                           	callstack 0
   331   00005A                     	ds	2
   332   00005C                     _RB5_InterruptHandler_HIGH:
   333                           	callstack 0
   334   00005C                     	ds	2
   335   00005E                     _RB4_InterruptHandler_LOW:
   336                           	callstack 0
   337   00005E                     	ds	2
   338   000060                     _RB4_InterruptHandler_HIGH:
   339                           	callstack 0
   340   000060                     	ds	2
   341   000062                     _INT2_InterruptHandler:
   342                           	callstack 0
   343   000062                     	ds	2
   344   000064                     _INT1_InterruptHandler:
   345                           	callstack 0
   346   000064                     	ds	2
   347   000066                     _INT0_InterruptHandler:
   348                           	callstack 0
   349   000066                     	ds	2
   350   000068                     CCP1_Capture_Mode_Read_Value@F3119:
   351                           	callstack 0
   352   000068                     	ds	2
   353   00006A                     _CCP2_InterruptHandler:
   354                           	callstack 0
   355   00006A                     	ds	2
   356   00006C                     _CCP1_InterruptHandler:
   357                           	callstack 0
   358   00006C                     	ds	2
   359   00006E                     _ADC_InterruptHandler:
   360                           	callstack 0
   361   00006E                     	ds	2
   362   000070                     _master_rec_data:
   363                           	callstack 0
   364   000070                     	ds	1
   365   000071                     _timer2_preload:
   366                           	callstack 0
   367   000071                     	ds	1
   368   000072                     relay_turn_off@F3065:
   369                           	callstack 0
   370   000072                     	ds	1
   371   000073                     relay_turn_on@F3059:
   372                           	callstack 0
   373   000073                     	ds	1
   374   000074                     relay_initialize@F3053:
   375                           	callstack 0
   376   000074                     	ds	1
   377   000075                     led_turn_toggle@F3077:
   378                           	callstack 0
   379   000075                     	ds	1
   380   000076                     led_turn_off@F3071:
   381                           	callstack 0
   382   000076                     	ds	1
   383   000077                     led_turn_on@F3065:
   384                           	callstack 0
   385   000077                     	ds	1
   386   000078                     led_initialize@F3059:
   387                           	callstack 0
   388   000078                     	ds	1
   389   000079                     _slave_ack:
   390                           	callstack 0
   391   000079                     	ds	1
   392                           
   393                           	psect	dataCOMRAM
   394   00007A                     __pdataCOMRAM:
   395                           	callstack 0
   396   00007A                     _RB7_Flag:
   397                           	callstack 0
   398   00007A                     	ds	1
   399   00007B                     _RB6_Flag:
   400                           	callstack 0
   401   00007B                     	ds	1
   402   00007C                     _RB5_Flag:
   403                           	callstack 0
   404   00007C                     	ds	1
   405   00007D                     _RB4_Flag:
   406                           	callstack 0
   407   00007D                     	ds	1
   408                           
   409                           	psect	bssBANK0
   410   0000AE                     __pbssBANK0:
   411                           	callstack 0
   412   0000AE                     	ds	6
   413   0000B4                     _EUSART_OverrunErrorHandler:
   414                           	callstack 0
   415   0000B4                     	ds	2
   416   0000B6                     _EUSART_FramingErrorHandler:
   417                           	callstack 0
   418   0000B6                     	ds	2
   419   0000B8                     _EUSART_RxInterruptHandler:
   420                           	callstack 0
   421   0000B8                     	ds	2
   422   0000BA                     _EUSART_TxInterruptHandler:
   423                           	callstack 0
   424   0000BA                     	ds	2
   425   0000BC                     _TMR3_InterruptHandler:
   426                           	callstack 0
   427   0000BC                     	ds	2
   428   0000BE                     _TMR2_InterruptHandler:
   429                           	callstack 0
   430   0000BE                     	ds	2
   431   0000C0                     _TMR1_InterruptHandler:
   432                           	callstack 0
   433   0000C0                     	ds	2
   434   0000C2                     _TMR0_InterruptHandler:
   435                           	callstack 0
   436   0000C2                     	ds	2
   437   0000C4                     _SPI_InterruptHandler_Callbak:
   438                           	callstack 0
   439   0000C4                     	ds	2
   440   0000C6                     _I2C_Report_Receive_Overflow_InterruptHandle:
   441                           	callstack 0
   442   0000C6                     	ds	2
   443   0000C8                     _I2C_DefaultInterruptHandle:
   444                           	callstack 0
   445   0000C8                     	ds	2
   446   0000CA                     _i2c_obj:
   447                           	callstack 0
   448   0000CA                     	ds	13
   449                           
   450                           	psect	dataBANK0
   451   000080                     __pdataBANK0:
   452                           	callstack 0
   453   000080                     _button_matrics:
   454                           	callstack 0
   455   000080                     	ds	16
   456   000090                     _port_registers:
   457                           	callstack 0
   458   000090                     	ds	10
   459   00009A                     _lat_registers:
   460                           	callstack 0
   461   00009A                     	ds	10
   462   0000A4                     _tris_registers:
   463                           	callstack 0
   464   0000A4                     	ds	10
   465                           
   466                           	psect	cstackCOMRAM
   467   000001                     __pcstackCOMRAM:
   468                           	callstack 0
   469   000001                     RB4_ISR@RB4_Source:
   470                           	callstack 0
   471   000001                     RB5_ISR@RB5_Source:
   472                           	callstack 0
   473   000001                     RB6_ISR@RB6_Source:
   474                           	callstack 0
   475   000001                     RB7_ISR@RB7_Source:
   476                           	callstack 0
   477   000001                     
   478                           ; 1 bytes @ 0x0
   479   000001                     	ds	1
   480   000002                     ?___xxtofl:
   481                           	callstack 0
   482   000002                     MSSP_I2C_Master_Send_Start@i2c_obj:
   483                           	callstack 0
   484   000002                     MSSP_I2C_Master_Send_Stop@i2c_obj:
   485                           	callstack 0
   486   000002                     MSSP_I2C_Master_Write_Blocking@i2c_obj:
   487                           	callstack 0
   488   000002                     I2C_Slave_Mode_Configurations@i2c_obj:
   489                           	callstack 0
   490   000002                     MSSP_I2C_Interrupt_Configurations@i2c_obj:
   491                           	callstack 0
   492   000002                     ___xxtofl@val:
   493                           	callstack 0
   494                           
   495                           ; 4 bytes @ 0x1
   496   000002                     	ds	1
   497   000003                     ??_I2C_Slave_Mode_Configurations:
   498   000003                     MSSP_I2C_Master_Send_Start@ret:
   499                           	callstack 0
   500   000003                     MSSP_I2C_Master_Send_Stop@ret:
   501                           	callstack 0
   502   000003                     MSSP_I2C_Master_Write_Blocking@i2c_data:
   503                           	callstack 0
   504                           
   505                           ; 1 bytes @ 0x2
   506   000003                     	ds	1
   507   000004                     MSSP_I2C_Master_Write_Blocking@_ack:
   508                           	callstack 0
   509                           
   510                           ; 1 bytes @ 0x3
   511   000004                     	ds	1
   512   000005                     MSSP_I2C_Master_Write_Blocking@ret:
   513                           	callstack 0
   514                           
   515                           ; 1 bytes @ 0x4
   516   000005                     	ds	1
   517   000006                     ??___xxtofl:
   518   000006                     MSSP_I2C_Send_1_Byte@_data:
   519                           	callstack 0
   520                           
   521                           ; 1 bytes @ 0x5
   522   000006                     	ds	1
   523   000007                     
   524                           ; 1 bytes @ 0x6
   525   000007                     	ds	3
   526   00000A                     ___xxtofl@sign:
   527                           	callstack 0
   528                           
   529                           ; 1 bytes @ 0x9
   530   00000A                     	ds	1
   531   00000B                     ___xxtofl@exp:
   532                           	callstack 0
   533                           
   534                           ; 1 bytes @ 0xA
   535   00000B                     	ds	1
   536   00000C                     ___xxtofl@arg:
   537                           	callstack 0
   538                           
   539                           ; 4 bytes @ 0xB
   540   00000C                     	ds	4
   541   000010                     ?___fldiv:
   542                           	callstack 0
   543   000010                     ___fldiv@b:
   544                           	callstack 0
   545                           
   546                           ; 4 bytes @ 0xF
   547   000010                     	ds	4
   548   000014                     ___fldiv@a:
   549                           	callstack 0
   550                           
   551                           ; 4 bytes @ 0x13
   552   000014                     	ds	4
   553   000018                     ??___fldiv:
   554                           
   555                           ; 1 bytes @ 0x17
   556   000018                     	ds	4
   557   00001C                     ___fldiv@rem:
   558                           	callstack 0
   559                           
   560                           ; 4 bytes @ 0x1B
   561   00001C                     	ds	4
   562   000020                     ___fldiv@sign:
   563                           	callstack 0
   564                           
   565                           ; 1 bytes @ 0x1F
   566   000020                     	ds	1
   567   000021                     ___fldiv@new_exp:
   568                           	callstack 0
   569                           
   570                           ; 2 bytes @ 0x20
   571   000021                     	ds	2
   572   000023                     ___fldiv@grs:
   573                           	callstack 0
   574                           
   575                           ; 4 bytes @ 0x22
   576   000023                     	ds	4
   577   000027                     ___fldiv@bexp:
   578                           	callstack 0
   579                           
   580                           ; 1 bytes @ 0x26
   581   000027                     	ds	1
   582   000028                     ___fldiv@aexp:
   583                           	callstack 0
   584                           
   585                           ; 1 bytes @ 0x27
   586   000028                     	ds	1
   587   000029                     ?___fladd:
   588                           	callstack 0
   589   000029                     ___fladd@b:
   590                           	callstack 0
   591                           
   592                           ; 4 bytes @ 0x28
   593   000029                     	ds	4
   594   00002D                     ___fladd@a:
   595                           	callstack 0
   596                           
   597                           ; 4 bytes @ 0x2C
   598   00002D                     	ds	4
   599   000031                     ??___fladd:
   600                           
   601                           ; 1 bytes @ 0x30
   602   000031                     	ds	4
   603   000035                     ___fladd@signs:
   604                           	callstack 0
   605                           
   606                           ; 1 bytes @ 0x34
   607   000035                     	ds	1
   608   000036                     ___fladd@aexp:
   609                           	callstack 0
   610                           
   611                           ; 1 bytes @ 0x35
   612   000036                     	ds	1
   613   000037                     ___fladd@bexp:
   614                           	callstack 0
   615                           
   616                           ; 1 bytes @ 0x36
   617   000037                     	ds	1
   618   000038                     ___fladd@grs:
   619                           	callstack 0
   620                           
   621                           ; 1 bytes @ 0x37
   622   000038                     	ds	1
   623   000039                     ?___fltol:
   624                           	callstack 0
   625   000039                     ___fltol@f1:
   626                           	callstack 0
   627                           
   628                           ; 4 bytes @ 0x38
   629   000039                     	ds	4
   630   00003D                     ??___fltol:
   631                           
   632                           ; 1 bytes @ 0x3C
   633   00003D                     	ds	4
   634   000041                     ___fltol@sign1:
   635                           	callstack 0
   636                           
   637                           ; 1 bytes @ 0x40
   638   000041                     	ds	1
   639   000042                     ___fltol@exp1:
   640                           	callstack 0
   641                           
   642                           ; 1 bytes @ 0x41
   643   000042                     	ds	1
   644   000043                     I2C_Master_Mode_Clock_Configurations@i2c_obj:
   645                           	callstack 0
   646                           
   647                           ; 1 bytes @ 0x42
   648   000043                     	ds	1
   649   000044                     ??_I2C_Master_Mode_Clock_Configurations:
   650                           
   651                           ; 1 bytes @ 0x43
   652   000044                     	ds	2
   653   000046                     MSSP_I2C_Init@i2c_obj:
   654                           	callstack 0
   655                           
   656                           ; 1 bytes @ 0x45
   657   000046                     	ds	1
   658   000047                     MSSP_I2C_Init@ret:
   659                           	callstack 0
   660                           
   661                           ; 1 bytes @ 0x46
   662   000047                     	ds	1
   663   000048                     ??_main:
   664                           
   665                           ; 1 bytes @ 0x47
   666   000048                     	ds	2
   667                           
   668 ;;
   669 ;;Main: autosize = 0, tempsize = 2, incstack = 0, save=0
   670 ;;
   671 ;; *************** function _main *****************
   672 ;; Defined at:
   673 ;;		line 40 in file "application.c"
   674 ;; Parameters:    Size  Location     Type
   675 ;;		None
   676 ;; Auto vars:     Size  Location     Type
   677 ;;  ret             1    0        unsigned char 
   678 ;; Return value:  Size  Location     Type
   679 ;;                  2  1646[None  ] int 
   680 ;; Registers used:
   681 ;;		wreg, fsr2l, fsr2h, status,2, status,0, cstack
   682 ;; Tracked objects:
   683 ;;		On entry : 0/0
   684 ;;		On exit  : 0/0
   685 ;;		Unchanged: 0/0
   686 ;; Data sizes:     COMRAM   BANK0   BANK1   BANK2   BANK3   BANK4   BANK5   BANK6   BANK7   BANK8   BANK9  BANK10  BANK1
      +1  BANK12  BANK13  BANK14  BANK15
   687 ;;      Params:         0       0       0       0       0       0       0       0       0       0       0       0       
      +0       0       0       0       0
   688 ;;      Locals:         0       0       0       0       0       0       0       0       0       0       0       0       
      +0       0       0       0       0
   689 ;;      Temps:          2       0       0       0       0       0       0       0       0       0       0       0       
      +0       0       0       0       0
   690 ;;      Totals:         2       0       0       0       0       0       0       0       0       0       0       0       
      +0       0       0       0       0
   691 ;;Total ram usage:        2 bytes
   692 ;; Hardware stack levels required when called: 5
   693 ;; This function calls:
   694 ;;		_MSSP_I2C_Init
   695 ;;		_MSSP_I2C_Send_1_Byte
   696 ;;		_application_intialize
   697 ;; This function is called by:
   698 ;;		Startup code after reset
   699 ;; This function uses a non-reentrant model
   700 ;;
   701                           
   702                           	psect	text0
   703   002030                     __ptext0:
   704                           	callstack 0
   705   002030                     _main:
   706                           	callstack 26
   707   002030                     
   708                           ;application.c: 43:     i2c_obj.i2c_clock = 100000;
   709   002030  0E86               	movlw	134
   710   002032  0100               	movlb	0	; () banked
   711   002034  6FCB               	movwf	(_i2c_obj+1)& (0+255),b
   712   002036  0EA0               	movlw	160
   713   002038  6FCA               	movwf	_i2c_obj& (0+255),b
   714   00203A                     
   715                           ; BSR set to: 0
   716                           ;application.c: 44:     i2c_obj.i2c_cfg.i2c_mode = 1;
   717   00203A  81CE               	bsf	(_i2c_obj+4)& (0+255),0,b
   718                           
   719                           ;application.c: 45:     i2c_obj.i2c_cfg.i2c_mode_cfg = 0x08U;
   720   00203C  0E08               	movlw	8
   721   00203E  6FCC               	movwf	(_i2c_obj+2)& (0+255),b
   722   002040                     
   723                           ; BSR set to: 0
   724                           ;application.c: 46:     i2c_obj.i2c_cfg.i2c_SMBus_control = 0;
   725   002040  95CE               	bcf	(_i2c_obj+4)& (0+255),2,b
   726   002042                     
   727                           ; BSR set to: 0
   728                           ;application.c: 47:     i2c_obj.i2c_cfg.i2c_slew_rate = 1;
   729   002042  83CE               	bsf	(_i2c_obj+4)& (0+255),1,b
   730   002044                     
   731                           ; BSR set to: 0
   732   002044  0ECA               	movlw	low _i2c_obj
   733   002046  6E46               	movwf	MSSP_I2C_Init@i2c_obj^0,c
   734   002048  ECFD  F00E         	call	_MSSP_I2C_Init	;wreg free
   735   00204C                     
   736                           ;application.c: 51:     application_intialize();
   737   00204C  EC16  F012         	call	_application_intialize	;wreg free
   738   002050                     l7526:
   739                           
   740                           ;application.c: 56:         MSSP_I2C_Send_1_Byte(0x60, 'a');
   741   002050  0E61               	movlw	97
   742   002052  6E06               	movwf	MSSP_I2C_Send_1_Byte@_data^0,c
   743   002054  0E60               	movlw	96
   744   002056  EC97  F011         	call	_MSSP_I2C_Send_1_Byte
   745   00205A                     
   746                           ;application.c: 57:         _delay((unsigned long)((250)*(8000000UL/4000.0)));
   747   00205A  0E03               	movlw	3
   748   00205C  6E49               	movwf	(??_main+1)^0,c
   749   00205E  0E8A               	movlw	138
   750   002060  6E48               	movwf	??_main^0,c
   751   002062  0E56               	movlw	86
   752   002064                     u7157:
   753   002064  2EE8               	decfsz	wreg,f,c
   754   002066  D7FE               	bra	u7157
   755   002068  2E48               	decfsz	??_main^0,f,c
   756   00206A  D7FC               	bra	u7157
   757   00206C  2E49               	decfsz	(??_main+1)^0,f,c
   758   00206E  D7FA               	bra	u7157
   759   002070                     
   760                           ;application.c: 58:         MSSP_I2C_Send_1_Byte(0x62, 'b');
   761   002070  0E62               	movlw	98
   762   002072  6E06               	movwf	MSSP_I2C_Send_1_Byte@_data^0,c
   763   002074  0E62               	movlw	98
   764   002076  EC97  F011         	call	_MSSP_I2C_Send_1_Byte
   765   00207A                     
   766                           ;application.c: 59:         _delay((unsigned long)((250)*(8000000UL/4000.0)));
   767   00207A  0E03               	movlw	3
   768   00207C  6E49               	movwf	(??_main+1)^0,c
   769   00207E  0E8A               	movlw	138
   770   002080  6E48               	movwf	??_main^0,c
   771   002082  0E56               	movlw	86
   772   002084                     u7167:
   773   002084  2EE8               	decfsz	wreg,f,c
   774   002086  D7FE               	bra	u7167
   775   002088  2E48               	decfsz	??_main^0,f,c
   776   00208A  D7FC               	bra	u7167
   777   00208C  2E49               	decfsz	(??_main+1)^0,f,c
   778   00208E  D7FA               	bra	u7167
   779   002090                     
   780                           ;application.c: 60:         MSSP_I2C_Send_1_Byte(0x60, 'c');
   781   002090  0E63               	movlw	99
   782   002092  6E06               	movwf	MSSP_I2C_Send_1_Byte@_data^0,c
   783   002094  0E60               	movlw	96
   784   002096  EC97  F011         	call	_MSSP_I2C_Send_1_Byte
   785   00209A                     
   786                           ;application.c: 61:         _delay((unsigned long)((250)*(8000000UL/4000.0)));
   787   00209A  0E03               	movlw	3
   788   00209C  6E49               	movwf	(??_main+1)^0,c
   789   00209E  0E8A               	movlw	138
   790   0020A0  6E48               	movwf	??_main^0,c
   791   0020A2  0E56               	movlw	86
   792   0020A4                     u7177:
   793   0020A4  2EE8               	decfsz	wreg,f,c
   794   0020A6  D7FE               	bra	u7177
   795   0020A8  2E48               	decfsz	??_main^0,f,c
   796   0020AA  D7FC               	bra	u7177
   797   0020AC  2E49               	decfsz	(??_main+1)^0,f,c
   798   0020AE  D7FA               	bra	u7177
   799   0020B0                     
   800                           ;application.c: 62:         MSSP_I2C_Send_1_Byte(0x62, 'd');
   801   0020B0  0E64               	movlw	100
   802   0020B2  6E06               	movwf	MSSP_I2C_Send_1_Byte@_data^0,c
   803   0020B4  0E62               	movlw	98
   804   0020B6  EC97  F011         	call	_MSSP_I2C_Send_1_Byte
   805   0020BA                     
   806                           ;application.c: 63:         _delay((unsigned long)((250)*(8000000UL/4000.0)));
   807   0020BA  0E03               	movlw	3
   808   0020BC  6E49               	movwf	(??_main+1)^0,c
   809   0020BE  0E8A               	movlw	138
   810   0020C0  6E48               	movwf	??_main^0,c
   811   0020C2  0E56               	movlw	86
   812   0020C4                     u7187:
   813   0020C4  2EE8               	decfsz	wreg,f,c
   814   0020C6  D7FE               	bra	u7187
   815   0020C8  2E48               	decfsz	??_main^0,f,c
   816   0020CA  D7FC               	bra	u7187
   817   0020CC  2E49               	decfsz	(??_main+1)^0,f,c
   818   0020CE  D7FA               	bra	u7187
   819   0020D0  EF28  F010         	goto	l7526
   820   0020D4  EF07  F000         	goto	start
   821   0020D8                     __end_of_main:
   822                           	callstack 0
   823                           
   824 ;; *************** function _application_intialize *****************
   825 ;; Defined at:
   826 ;;		line 72 in file "application.c"
   827 ;; Parameters:    Size  Location     Type
   828 ;;		None
   829 ;; Auto vars:     Size  Location     Type
   830 ;;  ret             1    0        unsigned char 
   831 ;; Return value:  Size  Location     Type
   832 ;;                  1    wreg      void 
   833 ;; Registers used:
   834 ;;		wreg, status,2
   835 ;; Tracked objects:
   836 ;;		On entry : 0/0
   837 ;;		On exit  : 0/0
   838 ;;		Unchanged: 0/0
   839 ;; Data sizes:     COMRAM   BANK0   BANK1   BANK2   BANK3   BANK4   BANK5   BANK6   BANK7   BANK8   BANK9  BANK10  BANK1
      +1  BANK12  BANK13  BANK14  BANK15
   840 ;;      Params:         0       0       0       0       0       0       0       0       0       0       0       0       
      +0       0       0       0       0
   841 ;;      Locals:         0       0       0       0       0       0       0       0       0       0       0       0       
      +0       0       0       0       0
   842 ;;      Temps:          0       0       0       0       0       0       0       0       0       0       0       0       
      +0       0       0       0       0
   843 ;;      Totals:         0       0       0       0       0       0       0       0       0       0       0       0       
      +0       0       0       0       0
   844 ;;Total ram usage:        0 bytes
   845 ;; Hardware stack levels used: 1
   846 ;; Hardware stack levels required when called: 2
   847 ;; This function calls:
   848 ;;		Nothing
   849 ;; This function is called by:
   850 ;;		_main
   851 ;; This function uses a non-reentrant model
   852 ;;
   853                           
   854                           	psect	text1
   855   00242C                     __ptext1:
   856                           	callstack 0
   857   00242C                     _application_intialize:
   858                           	callstack 28
   859   00242C  0012               	return		;funcret
   860   00242E                     __end_of_application_intialize:
   861                           	callstack 0
   862                           
   863 ;; *************** function _MSSP_I2C_Send_1_Byte *****************
   864 ;; Defined at:
   865 ;;		line 23 in file "application.c"
   866 ;; Parameters:    Size  Location     Type
   867 ;;  slave_add       1    wreg     unsigned char 
   868 ;;  _data           1    5[COMRAM] unsigned char 
   869 ;; Auto vars:     Size  Location     Type
   870 ;;  slave_add       1    0[COMRAM] unsigned char 
   871 ;;  ret             1    0        unsigned char 
   872 ;; Return value:  Size  Location     Type
   873 ;;                  1    wreg      void 
   874 ;; Registers used:
   875 ;;		wreg, fsr2l, fsr2h, status,2, status,0, cstack
   876 ;; Tracked objects:
   877 ;;		On entry : 0/0
   878 ;;		On exit  : 0/0
   879 ;;		Unchanged: 0/0
   880 ;; Data sizes:     COMRAM   BANK0   BANK1   BANK2   BANK3   BANK4   BANK5   BANK6   BANK7   BANK8   BANK9  BANK10  BANK1
      +1  BANK12  BANK13  BANK14  BANK15
   881 ;;      Params:         1       0       0       0       0       0       0       0       0       0       0       0       
      +0       0       0       0       0
   882 ;;      Locals:         0       0       0       0       0       0       0       0       0       0       0       0       
      +0       0       0       0       0
   883 ;;      Temps:          0       0       0       0       0       0       0       0       0       0       0       0       
      +0       0       0       0       0
   884 ;;      Totals:         1       0       0       0       0       0       0       0       0       0       0       0       
      +0       0       0       0       0
   885 ;;Total ram usage:        1 bytes
   886 ;; Hardware stack levels used: 1
   887 ;; Hardware stack levels required when called: 3
   888 ;; This function calls:
   889 ;;		_MSSP_I2C_Master_Send_Start
   890 ;;		_MSSP_I2C_Master_Send_Stop
   891 ;;		_MSSP_I2C_Master_Write_Blocking
   892 ;; This function is called by:
   893 ;;		_main
   894 ;; This function uses a non-reentrant model
   895 ;;
   896                           
   897                           	psect	text2
   898   00232E                     __ptext2:
   899                           	callstack 0
   900   00232E                     _MSSP_I2C_Send_1_Byte:
   901                           	callstack 27
   902   00232E  0ECA               	movlw	low _i2c_obj
   903   002330  6E02               	movwf	MSSP_I2C_Master_Send_Start@i2c_obj^0,c
   904   002332  EC60  F011         	call	_MSSP_I2C_Master_Send_Start	;wreg free
   905   002336  0ECA               	movlw	low _i2c_obj
   906   002338  6E02               	movwf	MSSP_I2C_Master_Write_Blocking@i2c_obj^0,c
   907   00233A  C006  F003         	movff	MSSP_I2C_Send_1_Byte@_data,MSSP_I2C_Master_Write_Blocking@i2c_data
   908   00233E  0E79               	movlw	low _slave_ack
   909   002340  6E04               	movwf	MSSP_I2C_Master_Write_Blocking@_ack^0,c
   910   002342  ECB9  F010         	call	_MSSP_I2C_Master_Write_Blocking	;wreg free
   911   002346  0ECA               	movlw	low _i2c_obj
   912   002348  6E02               	movwf	MSSP_I2C_Master_Send_Stop@i2c_obj^0,c
   913   00234A  EC40  F011         	call	_MSSP_I2C_Master_Send_Stop	;wreg free
   914   00234E  0012               	return		;funcret
   915   002350                     __end_of_MSSP_I2C_Send_1_Byte:
   916                           	callstack 0
   917                           
   918 ;; *************** function _MSSP_I2C_Master_Write_Blocking *****************
   919 ;; Defined at:
   920 ;;		line 165 in file "MCAL_Layer/mssp_i2c_m/hal_mssp_i2c_m.c"
   921 ;; Parameters:    Size  Location     Type
   922 ;;  i2c_obj         1    1[COMRAM] PTR const struct .
   923 ;;		 -> i2c_obj(13), 
   924 ;;  i2c_data        1    2[COMRAM] unsigned char 
   925 ;;  _ack            1    3[COMRAM] PTR unsigned char 
   926 ;;		 -> slave_ack(1), 
   927 ;; Auto vars:     Size  Location     Type
   928 ;;  ret             1    4[COMRAM] unsigned char 
   929 ;; Return value:  Size  Location     Type
   930 ;;                  1    wreg      unsigned char 
   931 ;; Registers used:
   932 ;;		wreg, fsr2l, fsr2h, status,2
   933 ;; Tracked objects:
   934 ;;		On entry : 0/0
   935 ;;		On exit  : 0/0
   936 ;;		Unchanged: 0/0
   937 ;; Data sizes:     COMRAM   BANK0   BANK1   BANK2   BANK3   BANK4   BANK5   BANK6   BANK7   BANK8   BANK9  BANK10  BANK1
      +1  BANK12  BANK13  BANK14  BANK15
   938 ;;      Params:         3       0       0       0       0       0       0       0       0       0       0       0       
      +0       0       0       0       0
   939 ;;      Locals:         1       0       0       0       0       0       0       0       0       0       0       0       
      +0       0       0       0       0
   940 ;;      Temps:          0       0       0       0       0       0       0       0       0       0       0       0       
      +0       0       0       0       0
   941 ;;      Totals:         4       0       0       0       0       0       0       0       0       0       0       0       
      +0       0       0       0       0
   942 ;;Total ram usage:        4 bytes
   943 ;; Hardware stack levels used: 1
   944 ;; Hardware stack levels required when called: 2
   945 ;; This function calls:
   946 ;;		Nothing
   947 ;; This function is called by:
   948 ;;		_MSSP_I2C_Send_1_Byte
   949 ;;		_MSSP_I2C_Read_1_Byte
   950 ;; This function uses a non-reentrant model
   951 ;;
   952                           
   953                           	psect	text3
   954   002172                     __ptext3:
   955                           	callstack 0
   956   002172                     _MSSP_I2C_Master_Write_Blocking:
   957                           	callstack 27
   958   002172                     
   959                           ;MCAL_Layer/mssp_i2c_m/hal_mssp_i2c_m.c: 167:     if((((void*)0) == i2c_obj) || (((void*
      +                          )0) == _ack)){
   960   002172  5002               	movf	MSSP_I2C_Master_Write_Blocking@i2c_obj^0,w,c
   961   002174  B4D8               	btfsc	status,2,c
   962   002176  EFBF  F010         	goto	u4971
   963   00217A  EFC1  F010         	goto	u4970
   964   00217E                     u4971:
   965   00217E  EFC9  F010         	goto	l5978
   966   002182                     u4970:
   967   002182  5004               	movf	MSSP_I2C_Master_Write_Blocking@_ack^0,w,c
   968   002184  A4D8               	btfss	status,2,c
   969   002186  EFC7  F010         	goto	u4981
   970   00218A  EFC9  F010         	goto	u4980
   971   00218E                     u4981:
   972   00218E  EFCD  F010         	goto	l1146
   973   002192                     u4980:
   974   002192                     l5978:
   975                           
   976                           ;MCAL_Layer/mssp_i2c_m/hal_mssp_i2c_m.c: 168:         ret = (Std_ReturnType)0x00;
   977   002192  0E00               	movlw	0
   978   002194  6E05               	movwf	MSSP_I2C_Master_Write_Blocking@ret^0,c
   979                           
   980                           ;MCAL_Layer/mssp_i2c_m/hal_mssp_i2c_m.c: 169:     }
   981   002196  EFEB  F010         	goto	l5986
   982   00219A                     l1146:
   983                           
   984                           ;MCAL_Layer/mssp_i2c_m/hal_mssp_i2c_m.c: 172:         SSPBUF = i2c_data;
   985   00219A  C003  FFC9         	movff	MSSP_I2C_Master_Write_Blocking@i2c_data,4041	;volatile
   986   00219E                     l1150:
   987   00219E  B0C7               	btfsc	199,0,c	;volatile
   988   0021A0  EFD4  F010         	goto	u4991
   989   0021A4  EFD6  F010         	goto	u4990
   990   0021A8                     u4991:
   991   0021A8  EFCF  F010         	goto	l1150
   992   0021AC                     u4990:
   993   0021AC                     
   994                           ;MCAL_Layer/mssp_i2c_m/hal_mssp_i2c_m.c: 176:         PIR1bits.SSPIF = 0;
   995   0021AC  969E               	bcf	158,3,c	;volatile
   996                           
   997                           ;MCAL_Layer/mssp_i2c_m/hal_mssp_i2c_m.c: 178:         if(0 == SSPCON2bits.ACKSTAT){
   998   0021AE  BCC5               	btfsc	197,6,c	;volatile
   999   0021B0  EFDC  F010         	goto	u5001
  1000   0021B4  EFDE  F010         	goto	u5000
  1001   0021B8                     u5001:
  1002   0021B8  EFE4  F010         	goto	l5982
  1003   0021BC                     u5000:
  1004   0021BC                     
  1005                           ;MCAL_Layer/mssp_i2c_m/hal_mssp_i2c_m.c: 179:             *_ack = 0;
  1006   0021BC  5004               	movf	MSSP_I2C_Master_Write_Blocking@_ack^0,w,c
  1007   0021BE  6ED9               	movwf	fsr2l,c
  1008   0021C0  6ADA               	clrf	fsr2h,c
  1009   0021C2  6ADF               	clrf	indf2,c
  1010                           
  1011                           ;MCAL_Layer/mssp_i2c_m/hal_mssp_i2c_m.c: 180:         }
  1012   0021C4  EFE9  F010         	goto	l5984
  1013   0021C8                     l5982:
  1014                           
  1015                           ;MCAL_Layer/mssp_i2c_m/hal_mssp_i2c_m.c: 182:             *_ack = 1;
  1016   0021C8  5004               	movf	MSSP_I2C_Master_Write_Blocking@_ack^0,w,c
  1017   0021CA  6ED9               	movwf	fsr2l,c
  1018   0021CC  6ADA               	clrf	fsr2h,c
  1019   0021CE  0E01               	movlw	1
  1020   0021D0  6EDF               	movwf	indf2,c
  1021   0021D2                     l5984:
  1022                           
  1023                           ;MCAL_Layer/mssp_i2c_m/hal_mssp_i2c_m.c: 184:         ret = (Std_ReturnType)0x01;
  1024   0021D2  0E01               	movlw	1
  1025   0021D4  6E05               	movwf	MSSP_I2C_Master_Write_Blocking@ret^0,c
  1026   0021D6                     l5986:
  1027                           
  1028                           ;MCAL_Layer/mssp_i2c_m/hal_mssp_i2c_m.c: 186:     return ret;
  1029   0021D6  5005               	movf	MSSP_I2C_Master_Write_Blocking@ret^0,w,c
  1030   0021D8  0012               	return		;funcret
  1031   0021DA                     __end_of_MSSP_I2C_Master_Write_Blocking:
  1032                           	callstack 0
  1033                           
  1034 ;; *************** function _MSSP_I2C_Master_Send_Stop *****************
  1035 ;; Defined at:
  1036 ;;		line 142 in file "MCAL_Layer/mssp_i2c_m/hal_mssp_i2c_m.c"
  1037 ;; Parameters:    Size  Location     Type
  1038 ;;  i2c_obj         1    1[COMRAM] PTR const struct .
  1039 ;;		 -> i2c_obj(13), 
  1040 ;; Auto vars:     Size  Location     Type
  1041 ;;  ret             1    2[COMRAM] unsigned char 
  1042 ;; Return value:  Size  Location     Type
  1043 ;;                  1    wreg      unsigned char 
  1044 ;; Registers used:
  1045 ;;		wreg, status,2
  1046 ;; Tracked objects:
  1047 ;;		On entry : 0/0
  1048 ;;		On exit  : 0/0
  1049 ;;		Unchanged: 0/0
  1050 ;; Data sizes:     COMRAM   BANK0   BANK1   BANK2   BANK3   BANK4   BANK5   BANK6   BANK7   BANK8   BANK9  BANK10  BANK1
      +1  BANK12  BANK13  BANK14  BANK15
  1051 ;;      Params:         1       0       0       0       0       0       0       0       0       0       0       0       
      +0       0       0       0       0
  1052 ;;      Locals:         1       0       0       0       0       0       0       0       0       0       0       0       
      +0       0       0       0       0
  1053 ;;      Temps:          0       0       0       0       0       0       0       0       0       0       0       0       
      +0       0       0       0       0
  1054 ;;      Totals:         2       0       0       0       0       0       0       0       0       0       0       0       
      +0       0       0       0       0
  1055 ;;Total ram usage:        2 bytes
  1056 ;; Hardware stack levels used: 1
  1057 ;; Hardware stack levels required when called: 2
  1058 ;; This function calls:
  1059 ;;		Nothing
  1060 ;; This function is called by:
  1061 ;;		_MSSP_I2C_Send_1_Byte
  1062 ;;		_MSSP_I2C_Read_1_Byte
  1063 ;; This function uses a non-reentrant model
  1064 ;;
  1065                           
  1066                           	psect	text4
  1067   002280                     __ptext4:
  1068                           	callstack 0
  1069   002280                     _MSSP_I2C_Master_Send_Stop:
  1070                           	callstack 27
  1071   002280                     
  1072                           ;MCAL_Layer/mssp_i2c_m/hal_mssp_i2c_m.c: 144:     if(((void*)0) == i2c_obj){
  1073   002280  5002               	movf	MSSP_I2C_Master_Send_Stop@i2c_obj^0,w,c
  1074   002282  A4D8               	btfss	status,2,c
  1075   002284  EF46  F011         	goto	u4941
  1076   002288  EF48  F011         	goto	u4940
  1077   00228C                     u4941:
  1078   00228C  EF4C  F011         	goto	l1136
  1079   002290                     u4940:
  1080   002290                     l5966:
  1081                           
  1082                           ;MCAL_Layer/mssp_i2c_m/hal_mssp_i2c_m.c: 145:         ret = (Std_ReturnType)0x00;
  1083   002290  0E00               	movlw	0
  1084   002292  6E03               	movwf	MSSP_I2C_Master_Send_Stop@ret^0,c
  1085                           
  1086                           ;MCAL_Layer/mssp_i2c_m/hal_mssp_i2c_m.c: 146:     }
  1087   002294  EF5E  F011         	goto	l1137
  1088   002298                     l1136:
  1089                           
  1090                           ;MCAL_Layer/mssp_i2c_m/hal_mssp_i2c_m.c: 149:         SSPCON2bits.PEN = 1;
  1091   002298  84C5               	bsf	197,2,c	;volatile
  1092   00229A                     l1138:
  1093   00229A  B4C5               	btfsc	197,2,c	;volatile
  1094   00229C  EF52  F011         	goto	u4951
  1095   0022A0  EF54  F011         	goto	u4950
  1096   0022A4                     u4951:
  1097   0022A4  EF4D  F011         	goto	l1138
  1098   0022A8                     u4950:
  1099   0022A8                     
  1100                           ;MCAL_Layer/mssp_i2c_m/hal_mssp_i2c_m.c: 153:         PIR1bits.SSPIF = 0;
  1101   0022A8  969E               	bcf	158,3,c	;volatile
  1102                           
  1103                           ;MCAL_Layer/mssp_i2c_m/hal_mssp_i2c_m.c: 155:         if(1 == SSPSTATbits.P){
  1104   0022AA  A8C7               	btfss	199,4,c	;volatile
  1105   0022AC  EF5A  F011         	goto	u4961
  1106   0022B0  EF5C  F011         	goto	u4960
  1107   0022B4                     u4961:
  1108   0022B4  EF48  F011         	goto	l5966
  1109   0022B8                     u4960:
  1110   0022B8                     
  1111                           ;MCAL_Layer/mssp_i2c_m/hal_mssp_i2c_m.c: 156:             ret = (Std_ReturnType)0x01;
  1112   0022B8  0E01               	movlw	1
  1113   0022BA  6E03               	movwf	MSSP_I2C_Master_Send_Stop@ret^0,c
  1114   0022BC                     l1137:
  1115                           
  1116                           ;MCAL_Layer/mssp_i2c_m/hal_mssp_i2c_m.c: 162:     return ret;
  1117   0022BC  5003               	movf	MSSP_I2C_Master_Send_Stop@ret^0,w,c
  1118   0022BE  0012               	return		;funcret
  1119   0022C0                     __end_of_MSSP_I2C_Master_Send_Stop:
  1120                           	callstack 0
  1121                           
  1122 ;; *************** function _MSSP_I2C_Master_Send_Start *****************
  1123 ;; Defined at:
  1124 ;;		line 102 in file "MCAL_Layer/mssp_i2c_m/hal_mssp_i2c_m.c"
  1125 ;; Parameters:    Size  Location     Type
  1126 ;;  i2c_obj         1    1[COMRAM] PTR const struct .
  1127 ;;		 -> i2c_obj(13), 
  1128 ;; Auto vars:     Size  Location     Type
  1129 ;;  ret             1    2[COMRAM] unsigned char 
  1130 ;; Return value:  Size  Location     Type
  1131 ;;                  1    wreg      unsigned char 
  1132 ;; Registers used:
  1133 ;;		wreg, status,2
  1134 ;; Tracked objects:
  1135 ;;		On entry : 0/0
  1136 ;;		On exit  : 0/0
  1137 ;;		Unchanged: 0/0
  1138 ;; Data sizes:     COMRAM   BANK0   BANK1   BANK2   BANK3   BANK4   BANK5   BANK6   BANK7   BANK8   BANK9  BANK10  BANK1
      +1  BANK12  BANK13  BANK14  BANK15
  1139 ;;      Params:         1       0       0       0       0       0       0       0       0       0       0       0       
      +0       0       0       0       0
  1140 ;;      Locals:         1       0       0       0       0       0       0       0       0       0       0       0       
      +0       0       0       0       0
  1141 ;;      Temps:          0       0       0       0       0       0       0       0       0       0       0       0       
      +0       0       0       0       0
  1142 ;;      Totals:         2       0       0       0       0       0       0       0       0       0       0       0       
      +0       0       0       0       0
  1143 ;;Total ram usage:        2 bytes
  1144 ;; Hardware stack levels used: 1
  1145 ;; Hardware stack levels required when called: 2
  1146 ;; This function calls:
  1147 ;;		Nothing
  1148 ;; This function is called by:
  1149 ;;		_MSSP_I2C_Send_1_Byte
  1150 ;;		_MSSP_I2C_Read_1_Byte
  1151 ;; This function uses a non-reentrant model
  1152 ;;
  1153                           
  1154                           	psect	text5
  1155   0022C0                     __ptext5:
  1156                           	callstack 0
  1157   0022C0                     _MSSP_I2C_Master_Send_Start:
  1158                           	callstack 27
  1159   0022C0                     
  1160                           ;MCAL_Layer/mssp_i2c_m/hal_mssp_i2c_m.c: 104:     if(((void*)0) == i2c_obj){
  1161   0022C0  5002               	movf	MSSP_I2C_Master_Send_Start@i2c_obj^0,w,c
  1162   0022C2  A4D8               	btfss	status,2,c
  1163   0022C4  EF66  F011         	goto	u4911
  1164   0022C8  EF68  F011         	goto	u4910
  1165   0022CC                     u4911:
  1166   0022CC  EF6C  F011         	goto	l1118
  1167   0022D0                     u4910:
  1168   0022D0                     l5956:
  1169                           
  1170                           ;MCAL_Layer/mssp_i2c_m/hal_mssp_i2c_m.c: 105:         ret = (Std_ReturnType)0x00;
  1171   0022D0  0E00               	movlw	0
  1172   0022D2  6E03               	movwf	MSSP_I2C_Master_Send_Start@ret^0,c
  1173                           
  1174                           ;MCAL_Layer/mssp_i2c_m/hal_mssp_i2c_m.c: 106:     }
  1175   0022D4  EF7E  F011         	goto	l1119
  1176   0022D8                     l1118:
  1177                           
  1178                           ;MCAL_Layer/mssp_i2c_m/hal_mssp_i2c_m.c: 109:         SSPCON2bits.SEN = 1;
  1179   0022D8  80C5               	bsf	197,0,c	;volatile
  1180   0022DA                     l1120:
  1181   0022DA  B0C5               	btfsc	197,0,c	;volatile
  1182   0022DC  EF72  F011         	goto	u4921
  1183   0022E0  EF74  F011         	goto	u4920
  1184   0022E4                     u4921:
  1185   0022E4  EF6D  F011         	goto	l1120
  1186   0022E8                     u4920:
  1187   0022E8                     
  1188                           ;MCAL_Layer/mssp_i2c_m/hal_mssp_i2c_m.c: 113:         PIR1bits.SSPIF = 0;
  1189   0022E8  969E               	bcf	158,3,c	;volatile
  1190                           
  1191                           ;MCAL_Layer/mssp_i2c_m/hal_mssp_i2c_m.c: 115:         if(1 == SSPSTATbits.S){
  1192   0022EA  A6C7               	btfss	199,3,c	;volatile
  1193   0022EC  EF7A  F011         	goto	u4931
  1194   0022F0  EF7C  F011         	goto	u4930
  1195   0022F4                     u4931:
  1196   0022F4  EF68  F011         	goto	l5956
  1197   0022F8                     u4930:
  1198   0022F8                     
  1199                           ;MCAL_Layer/mssp_i2c_m/hal_mssp_i2c_m.c: 116:             ret = (Std_ReturnType)0x01;
  1200   0022F8  0E01               	movlw	1
  1201   0022FA  6E03               	movwf	MSSP_I2C_Master_Send_Start@ret^0,c
  1202   0022FC                     l1119:
  1203                           
  1204                           ;MCAL_Layer/mssp_i2c_m/hal_mssp_i2c_m.c: 122:     return ret;
  1205   0022FC  5003               	movf	MSSP_I2C_Master_Send_Start@ret^0,w,c
  1206   0022FE  0012               	return		;funcret
  1207   002300                     __end_of_MSSP_I2C_Master_Send_Start:
  1208                           	callstack 0
  1209                           
  1210 ;; *************** function _MSSP_I2C_Init *****************
  1211 ;; Defined at:
  1212 ;;		line 21 in file "MCAL_Layer/mssp_i2c_m/hal_mssp_i2c_m.c"
  1213 ;; Parameters:    Size  Location     Type
  1214 ;;  i2c_obj         1   69[COMRAM] PTR const struct .
  1215 ;;		 -> i2c_obj(13), 
  1216 ;; Auto vars:     Size  Location     Type
  1217 ;;  ret             1   70[COMRAM] unsigned char 
  1218 ;; Return value:  Size  Location     Type
  1219 ;;                  1    wreg      unsigned char 
  1220 ;; Registers used:
  1221 ;;		wreg, fsr2l, fsr2h, status,2, status,0, cstack
  1222 ;; Tracked objects:
  1223 ;;		On entry : 0/0
  1224 ;;		On exit  : 0/0
  1225 ;;		Unchanged: 0/0
  1226 ;; Data sizes:     COMRAM   BANK0   BANK1   BANK2   BANK3   BANK4   BANK5   BANK6   BANK7   BANK8   BANK9  BANK10  BANK1
      +1  BANK12  BANK13  BANK14  BANK15
  1227 ;;      Params:         1       0       0       0       0       0       0       0       0       0       0       0       
      +0       0       0       0       0
  1228 ;;      Locals:         1       0       0       0       0       0       0       0       0       0       0       0       
      +0       0       0       0       0
  1229 ;;      Temps:          0       0       0       0       0       0       0       0       0       0       0       0       
      +0       0       0       0       0
  1230 ;;      Totals:         2       0       0       0       0       0       0       0       0       0       0       0       
      +0       0       0       0       0
  1231 ;;Total ram usage:        2 bytes
  1232 ;; Hardware stack levels used: 1
  1233 ;; Hardware stack levels required when called: 4
  1234 ;; This function calls:
  1235 ;;		_I2C_Master_Mode_Clock_Configurations
  1236 ;;		_I2C_Slave_Mode_Configurations
  1237 ;;		_MSSP_I2C_Interrupt_Configurations
  1238 ;;		_MSSP_I2C_Mode_GPIO_CFG
  1239 ;; This function is called by:
  1240 ;;		_main
  1241 ;; This function uses a non-reentrant model
  1242 ;;
  1243                           
  1244                           	psect	text6
  1245   001DFA                     __ptext6:
  1246                           	callstack 0
  1247   001DFA                     _MSSP_I2C_Init:
  1248                           	callstack 26
  1249   001DFA                     
  1250                           ;MCAL_Layer/mssp_i2c_m/hal_mssp_i2c_m.c: 23:     if(((void*)0) == i2c_obj){
  1251   001DFA  5046               	movf	MSSP_I2C_Init@i2c_obj^0,w,c
  1252   001DFC  A4D8               	btfss	status,2,c
  1253   001DFE  EF03  F00F         	goto	u5151
  1254   001E02  EF05  F00F         	goto	u5150
  1255   001E06                     u5151:
  1256   001E06  EF09  F00F         	goto	l1092
  1257   001E0A                     u5150:
  1258   001E0A                     
  1259                           ;MCAL_Layer/mssp_i2c_m/hal_mssp_i2c_m.c: 24:         ret = (Std_ReturnType)0x00;
  1260   001E0A  0E00               	movlw	0
  1261   001E0C  6E47               	movwf	MSSP_I2C_Init@ret^0,c
  1262                           
  1263                           ;MCAL_Layer/mssp_i2c_m/hal_mssp_i2c_m.c: 25:     }
  1264   001E0E  EF93  F00F         	goto	l6198
  1265   001E12                     l1092:
  1266                           
  1267                           ;MCAL_Layer/mssp_i2c_m/hal_mssp_i2c_m.c: 28:         (SSPCON1bits.SSPEN = 0);
  1268   001E12  9AC6               	bcf	198,5,c	;volatile
  1269   001E14                     
  1270                           ;MCAL_Layer/mssp_i2c_m/hal_mssp_i2c_m.c: 30:         if(1 == i2c_obj->i2c_cfg.i2c_mode){
  1271   001E14  5046               	movf	MSSP_I2C_Init@i2c_obj^0,w,c
  1272   001E16  6ED9               	movwf	fsr2l,c
  1273   001E18  6ADA               	clrf	fsr2h,c
  1274   001E1A  0E04               	movlw	4
  1275   001E1C  26D9               	addwf	fsr2l,f,c
  1276   001E1E  A0DF               	btfss	indf2,0,c
  1277   001E20  EF14  F00F         	goto	u5161
  1278   001E24  EF16  F00F         	goto	u5160
  1279   001E28                     u5161:
  1280   001E28  EF1C  F00F         	goto	l6160
  1281   001E2C                     u5160:
  1282   001E2C                     
  1283                           ;MCAL_Layer/mssp_i2c_m/hal_mssp_i2c_m.c: 32:             I2C_Master_Mode_Clock_Configura
      +                          tions(i2c_obj);
  1284   001E2C  C046  F043         	movff	MSSP_I2C_Init@i2c_obj,I2C_Master_Mode_Clock_Configurations@i2c_obj
  1285   001E30  EC6C  F010         	call	_I2C_Master_Mode_Clock_Configurations	;wreg free
  1286                           
  1287                           ;MCAL_Layer/mssp_i2c_m/hal_mssp_i2c_m.c: 33:         }
  1288   001E34  EF52  F00F         	goto	l6174
  1289   001E38                     l6160:
  1290   001E38  5046               	movf	MSSP_I2C_Init@i2c_obj^0,w,c
  1291   001E3A  6ED9               	movwf	fsr2l,c
  1292   001E3C  6ADA               	clrf	fsr2h,c
  1293   001E3E  0E04               	movlw	4
  1294   001E40  26D9               	addwf	fsr2l,f,c
  1295   001E42  B0DF               	btfsc	indf2,0,c
  1296   001E44  EF26  F00F         	goto	u5171
  1297   001E48  EF28  F00F         	goto	u5170
  1298   001E4C                     u5171:
  1299   001E4C  EF52  F00F         	goto	l6174
  1300   001E50                     u5170:
  1301   001E50                     
  1302                           ;MCAL_Layer/mssp_i2c_m/hal_mssp_i2c_m.c: 36:             if(1 == i2c_obj->i2c_cfg.i2c_ge
      +                          neral_call){
  1303   001E50  5046               	movf	MSSP_I2C_Init@i2c_obj^0,w,c
  1304   001E52  6ED9               	movwf	fsr2l,c
  1305   001E54  6ADA               	clrf	fsr2h,c
  1306   001E56  0E04               	movlw	4
  1307   001E58  26D9               	addwf	fsr2l,f,c
  1308   001E5A  A6DF               	btfss	indf2,3,c
  1309   001E5C  EF32  F00F         	goto	u5181
  1310   001E60  EF34  F00F         	goto	u5180
  1311   001E64                     u5181:
  1312   001E64  EF37  F00F         	goto	l6166
  1313   001E68                     u5180:
  1314   001E68                     
  1315                           ;MCAL_Layer/mssp_i2c_m/hal_mssp_i2c_m.c: 37:                 (SSPCON2bits.GCEN = 1);
  1316   001E68  8EC5               	bsf	197,7,c	;volatile
  1317                           
  1318                           ;MCAL_Layer/mssp_i2c_m/hal_mssp_i2c_m.c: 38:             }
  1319   001E6A  EF44  F00F         	goto	l1098
  1320   001E6E                     l6166:
  1321   001E6E  5046               	movf	MSSP_I2C_Init@i2c_obj^0,w,c
  1322   001E70  6ED9               	movwf	fsr2l,c
  1323   001E72  6ADA               	clrf	fsr2h,c
  1324   001E74  0E04               	movlw	4
  1325   001E76  26D9               	addwf	fsr2l,f,c
  1326   001E78  B6DF               	btfsc	indf2,3,c
  1327   001E7A  EF41  F00F         	goto	u5191
  1328   001E7E  EF43  F00F         	goto	u5190
  1329   001E82                     u5191:
  1330   001E82  EF44  F00F         	goto	l1098
  1331   001E86                     u5190:
  1332   001E86                     
  1333                           ;MCAL_Layer/mssp_i2c_m/hal_mssp_i2c_m.c: 40:                 (SSPCON2bits.GCEN = 0);
  1334   001E86  9EC5               	bcf	197,7,c	;volatile
  1335   001E88                     l1098:
  1336                           
  1337                           ;MCAL_Layer/mssp_i2c_m/hal_mssp_i2c_m.c: 44:             SSPCON1bits.WCOL = 0;
  1338   001E88  9EC6               	bcf	198,7,c	;volatile
  1339                           
  1340                           ;MCAL_Layer/mssp_i2c_m/hal_mssp_i2c_m.c: 46:             SSPCON1bits.SSPOV = 0;
  1341   001E8A  9CC6               	bcf	198,6,c	;volatile
  1342                           
  1343                           ;MCAL_Layer/mssp_i2c_m/hal_mssp_i2c_m.c: 48:             SSPCON1bits.CKP = 1;
  1344   001E8C  88C6               	bsf	198,4,c	;volatile
  1345   001E8E                     
  1346                           ;MCAL_Layer/mssp_i2c_m/hal_mssp_i2c_m.c: 50:             SSPADD = i2c_obj->i2c_cfg.i2c_s
      +                          lave_address;
  1347   001E8E  5046               	movf	MSSP_I2C_Init@i2c_obj^0,w,c
  1348   001E90  6ED9               	movwf	fsr2l,c
  1349   001E92  6ADA               	clrf	fsr2h,c
  1350   001E94  0E03               	movlw	3
  1351   001E96  26D9               	addwf	fsr2l,f,c
  1352   001E98  50DF               	movf	indf2,w,c
  1353   001E9A  6EC8               	movwf	200,c	;volatile
  1354   001E9C                     
  1355                           ;MCAL_Layer/mssp_i2c_m/hal_mssp_i2c_m.c: 52:             I2C_Slave_Mode_Configurations(i
      +                          2c_obj);
  1356   001E9C  C046  F002         	movff	MSSP_I2C_Init@i2c_obj,I2C_Slave_Mode_Configurations@i2c_obj
  1357   001EA0  ECA8  F011         	call	_I2C_Slave_Mode_Configurations	;wreg free
  1358   001EA4                     l6174:
  1359                           
  1360                           ;MCAL_Layer/mssp_i2c_m/hal_mssp_i2c_m.c: 56:         MSSP_I2C_Mode_GPIO_CFG();
  1361   001EA4  ECFF  F011         	call	_MSSP_I2C_Mode_GPIO_CFG	;wreg free
  1362   001EA8                     
  1363                           ;MCAL_Layer/mssp_i2c_m/hal_mssp_i2c_m.c: 58:         if(1 == i2c_obj->i2c_cfg.i2c_slew_r
      +                          ate){
  1364   001EA8  5046               	movf	MSSP_I2C_Init@i2c_obj^0,w,c
  1365   001EAA  6ED9               	movwf	fsr2l,c
  1366   001EAC  6ADA               	clrf	fsr2h,c
  1367   001EAE  0E04               	movlw	4
  1368   001EB0  26D9               	addwf	fsr2l,f,c
  1369   001EB2  A2DF               	btfss	indf2,1,c
  1370   001EB4  EF5E  F00F         	goto	u5201
  1371   001EB8  EF60  F00F         	goto	u5200
  1372   001EBC                     u5201:
  1373   001EBC  EF63  F00F         	goto	l6180
  1374   001EC0                     u5200:
  1375   001EC0                     
  1376                           ;MCAL_Layer/mssp_i2c_m/hal_mssp_i2c_m.c: 59:             (SSPSTATbits.SMP = 1);
  1377   001EC0  8EC7               	bsf	199,7,c	;volatile
  1378                           
  1379                           ;MCAL_Layer/mssp_i2c_m/hal_mssp_i2c_m.c: 60:         }
  1380   001EC2  EF70  F00F         	goto	l6184
  1381   001EC6                     l6180:
  1382   001EC6  5046               	movf	MSSP_I2C_Init@i2c_obj^0,w,c
  1383   001EC8  6ED9               	movwf	fsr2l,c
  1384   001ECA  6ADA               	clrf	fsr2h,c
  1385   001ECC  0E04               	movlw	4
  1386   001ECE  26D9               	addwf	fsr2l,f,c
  1387   001ED0  B2DF               	btfsc	indf2,1,c
  1388   001ED2  EF6D  F00F         	goto	u5211
  1389   001ED6  EF6F  F00F         	goto	u5210
  1390   001EDA                     u5211:
  1391   001EDA  EF70  F00F         	goto	l6184
  1392   001EDE                     u5210:
  1393   001EDE                     
  1394                           ;MCAL_Layer/mssp_i2c_m/hal_mssp_i2c_m.c: 62:             (SSPSTATbits.SMP = 0);
  1395   001EDE  9EC7               	bcf	199,7,c	;volatile
  1396   001EE0                     l6184:
  1397                           
  1398                           ;MCAL_Layer/mssp_i2c_m/hal_mssp_i2c_m.c: 66:         if(1 == i2c_obj->i2c_cfg.i2c_SMBus_
      +                          control){
  1399   001EE0  5046               	movf	MSSP_I2C_Init@i2c_obj^0,w,c
  1400   001EE2  6ED9               	movwf	fsr2l,c
  1401   001EE4  6ADA               	clrf	fsr2h,c
  1402   001EE6  0E04               	movlw	4
  1403   001EE8  26D9               	addwf	fsr2l,f,c
  1404   001EEA  A4DF               	btfss	indf2,2,c
  1405   001EEC  EF7A  F00F         	goto	u5221
  1406   001EF0  EF7C  F00F         	goto	u5220
  1407   001EF4                     u5221:
  1408   001EF4  EF7F  F00F         	goto	l6188
  1409   001EF8                     u5220:
  1410   001EF8                     
  1411                           ;MCAL_Layer/mssp_i2c_m/hal_mssp_i2c_m.c: 67:             (SSPSTATbits.CKE = 1);
  1412   001EF8  8CC7               	bsf	199,6,c	;volatile
  1413                           
  1414                           ;MCAL_Layer/mssp_i2c_m/hal_mssp_i2c_m.c: 68:         }
  1415   001EFA  EF8C  F00F         	goto	l6192
  1416   001EFE                     l6188:
  1417   001EFE  5046               	movf	MSSP_I2C_Init@i2c_obj^0,w,c
  1418   001F00  6ED9               	movwf	fsr2l,c
  1419   001F02  6ADA               	clrf	fsr2h,c
  1420   001F04  0E04               	movlw	4
  1421   001F06  26D9               	addwf	fsr2l,f,c
  1422   001F08  B4DF               	btfsc	indf2,2,c
  1423   001F0A  EF89  F00F         	goto	u5231
  1424   001F0E  EF8B  F00F         	goto	u5230
  1425   001F12                     u5231:
  1426   001F12  EF8C  F00F         	goto	l6192
  1427   001F16                     u5230:
  1428   001F16                     
  1429                           ;MCAL_Layer/mssp_i2c_m/hal_mssp_i2c_m.c: 70:             (SSPSTATbits.CKE = 0);
  1430   001F16  9CC7               	bcf	199,6,c	;volatile
  1431   001F18                     l6192:
  1432                           
  1433                           ;MCAL_Layer/mssp_i2c_m/hal_mssp_i2c_m.c: 75:     MSSP_I2C_Interrupt_Configurations(i2c_o
      +                          bj);
  1434   001F18  C046  F002         	movff	MSSP_I2C_Init@i2c_obj,MSSP_I2C_Interrupt_Configurations@i2c_obj
  1435   001F1C  EC1E  F011         	call	_MSSP_I2C_Interrupt_Configurations	;wreg free
  1436   001F20                     
  1437                           ;MCAL_Layer/mssp_i2c_m/hal_mssp_i2c_m.c: 78:         (SSPCON1bits.SSPEN = 1);
  1438   001F20  8AC6               	bsf	198,5,c	;volatile
  1439   001F22                     
  1440                           ;MCAL_Layer/mssp_i2c_m/hal_mssp_i2c_m.c: 79:         ret = (Std_ReturnType)0x01;
  1441   001F22  0E01               	movlw	1
  1442   001F24  6E47               	movwf	MSSP_I2C_Init@ret^0,c
  1443   001F26                     l6198:
  1444                           
  1445                           ;MCAL_Layer/mssp_i2c_m/hal_mssp_i2c_m.c: 81:     return ret;
  1446   001F26  5047               	movf	MSSP_I2C_Init@ret^0,w,c
  1447   001F28  0012               	return		;funcret
  1448   001F2A                     __end_of_MSSP_I2C_Init:
  1449                           	callstack 0
  1450                           
  1451 ;; *************** function _MSSP_I2C_Mode_GPIO_CFG *****************
  1452 ;; Defined at:
  1453 ;;		line 260 in file "MCAL_Layer/mssp_i2c_m/hal_mssp_i2c_m.c"
  1454 ;; Parameters:    Size  Location     Type
  1455 ;;		None
  1456 ;; Auto vars:     Size  Location     Type
  1457 ;;		None
  1458 ;; Return value:  Size  Location     Type
  1459 ;;                  1    wreg      void 
  1460 ;; Registers used:
  1461 ;;		None
  1462 ;; Tracked objects:
  1463 ;;		On entry : 0/0
  1464 ;;		On exit  : 0/0
  1465 ;;		Unchanged: 0/0
  1466 ;; Data sizes:     COMRAM   BANK0   BANK1   BANK2   BANK3   BANK4   BANK5   BANK6   BANK7   BANK8   BANK9  BANK10  BANK1
      +1  BANK12  BANK13  BANK14  BANK15
  1467 ;;      Params:         0       0       0       0       0       0       0       0       0       0       0       0       
      +0       0       0       0       0
  1468 ;;      Locals:         0       0       0       0       0       0       0       0       0       0       0       0       
      +0       0       0       0       0
  1469 ;;      Temps:          0       0       0       0       0       0       0       0       0       0       0       0       
      +0       0       0       0       0
  1470 ;;      Totals:         0       0       0       0       0       0       0       0       0       0       0       0       
      +0       0       0       0       0
  1471 ;;Total ram usage:        0 bytes
  1472 ;; Hardware stack levels used: 1
  1473 ;; Hardware stack levels required when called: 2
  1474 ;; This function calls:
  1475 ;;		Nothing
  1476 ;; This function is called by:
  1477 ;;		_MSSP_I2C_Init
  1478 ;; This function uses a non-reentrant model
  1479 ;;
  1480                           
  1481                           	psect	text7
  1482   0023FE                     __ptext7:
  1483                           	callstack 0
  1484   0023FE                     _MSSP_I2C_Mode_GPIO_CFG:
  1485                           	callstack 27
  1486   0023FE                     
  1487                           ;MCAL_Layer/mssp_i2c_m/hal_mssp_i2c_m.c: 261:     TRISCbits.TRISC3 = 1;
  1488   0023FE  8694               	bsf	148,3,c	;volatile
  1489                           
  1490                           ;MCAL_Layer/mssp_i2c_m/hal_mssp_i2c_m.c: 262:     TRISCbits.TRISC4 = 1;
  1491   002400  8894               	bsf	148,4,c	;volatile
  1492   002402  0012               	return		;funcret
  1493   002404                     __end_of_MSSP_I2C_Mode_GPIO_CFG:
  1494                           	callstack 0
  1495                           
  1496 ;; *************** function _MSSP_I2C_Interrupt_Configurations *****************
  1497 ;; Defined at:
  1498 ;;		line 275 in file "MCAL_Layer/mssp_i2c_m/hal_mssp_i2c_m.c"
  1499 ;; Parameters:    Size  Location     Type
  1500 ;;  i2c_obj         1    1[COMRAM] PTR const struct .
  1501 ;;		 -> i2c_obj(13), 
  1502 ;; Auto vars:     Size  Location     Type
  1503 ;;		None
  1504 ;; Return value:  Size  Location     Type
  1505 ;;                  1    wreg      void 
  1506 ;; Registers used:
  1507 ;;		wreg, fsr2l, fsr2h, status,2, status,0
  1508 ;; Tracked objects:
  1509 ;;		On entry : 0/0
  1510 ;;		On exit  : 0/0
  1511 ;;		Unchanged: 0/0
  1512 ;; Data sizes:     COMRAM   BANK0   BANK1   BANK2   BANK3   BANK4   BANK5   BANK6   BANK7   BANK8   BANK9  BANK10  BANK1
      +1  BANK12  BANK13  BANK14  BANK15
  1513 ;;      Params:         1       0       0       0       0       0       0       0       0       0       0       0       
      +0       0       0       0       0
  1514 ;;      Locals:         0       0       0       0       0       0       0       0       0       0       0       0       
      +0       0       0       0       0
  1515 ;;      Temps:          0       0       0       0       0       0       0       0       0       0       0       0       
      +0       0       0       0       0
  1516 ;;      Totals:         1       0       0       0       0       0       0       0       0       0       0       0       
      +0       0       0       0       0
  1517 ;;Total ram usage:        1 bytes
  1518 ;; Hardware stack levels used: 1
  1519 ;; Hardware stack levels required when called: 2
  1520 ;; This function calls:
  1521 ;;		Nothing
  1522 ;; This function is called by:
  1523 ;;		_MSSP_I2C_Init
  1524 ;; This function uses a non-reentrant model
  1525 ;;
  1526                           
  1527                           	psect	text8
  1528   00223C                     __ptext8:
  1529                           	callstack 0
  1530   00223C                     _MSSP_I2C_Interrupt_Configurations:
  1531                           	callstack 27
  1532   00223C                     
  1533                           ;MCAL_Layer/mssp_i2c_m/hal_mssp_i2c_m.c: 277:         (PIE1bits.SSPIE = 1);
  1534   00223C  869D               	bsf	157,3,c	;volatile
  1535                           
  1536                           ;MCAL_Layer/mssp_i2c_m/hal_mssp_i2c_m.c: 278:         (PIE2bits.BCLIE = 1);
  1537   00223E  86A0               	bsf	160,3,c	;volatile
  1538                           
  1539                           ;MCAL_Layer/mssp_i2c_m/hal_mssp_i2c_m.c: 279:         (PIR1bits.SSPIF = 0);
  1540   002240  969E               	bcf	158,3,c	;volatile
  1541                           
  1542                           ;MCAL_Layer/mssp_i2c_m/hal_mssp_i2c_m.c: 280:         (PIR2bits.BCLIF = 0);
  1543   002242  96A1               	bcf	161,3,c	;volatile
  1544   002244                     
  1545                           ;MCAL_Layer/mssp_i2c_m/hal_mssp_i2c_m.c: 281:         I2C_Report_Write_Collision_Interru
      +                          ptHandler = i2c_obj->I2C_Report_Write_Collision;
  1546   002244  5002               	movf	MSSP_I2C_Interrupt_Configurations@i2c_obj^0,w,c
  1547   002246  6ED9               	movwf	fsr2l,c
  1548   002248  6ADA               	clrf	fsr2h,c
  1549   00224A  0E07               	movlw	7
  1550   00224C  26D9               	addwf	fsr2l,f,c
  1551   00224E  CFDE F050          	movff	postinc2,_I2C_Report_Write_Collision_InterruptHandler
  1552   002252  CFDD F051          	movff	postdec2,_I2C_Report_Write_Collision_InterruptHandler+1
  1553                           
  1554                           ;MCAL_Layer/mssp_i2c_m/hal_mssp_i2c_m.c: 282:         I2C_DefaultInterruptHandle = i2c_o
      +                          bj->I2C_DefaultInterruptHandler;
  1555   002256  5002               	movf	MSSP_I2C_Interrupt_Configurations@i2c_obj^0,w,c
  1556   002258  6ED9               	movwf	fsr2l,c
  1557   00225A  6ADA               	clrf	fsr2h,c
  1558   00225C  0E09               	movlw	9
  1559   00225E  26D9               	addwf	fsr2l,f,c
  1560   002260  CFDE F0C8          	movff	postinc2,_I2C_DefaultInterruptHandle
  1561   002264  CFDD F0C9          	movff	postdec2,_I2C_DefaultInterruptHandle+1
  1562                           
  1563                           ;MCAL_Layer/mssp_i2c_m/hal_mssp_i2c_m.c: 283:         I2C_Report_Receive_Overflow_Interr
      +                          uptHandle = i2c_obj->I2C_Report_Receive_Overflow;
  1564   002268  5002               	movf	MSSP_I2C_Interrupt_Configurations@i2c_obj^0,w,c
  1565   00226A  6ED9               	movwf	fsr2l,c
  1566   00226C  6ADA               	clrf	fsr2h,c
  1567   00226E  0E0B               	movlw	11
  1568   002270  26D9               	addwf	fsr2l,f,c
  1569   002272  CFDE F0C6          	movff	postinc2,_I2C_Report_Receive_Overflow_InterruptHandle
  1570   002276  CFDD F0C7          	movff	postdec2,_I2C_Report_Receive_Overflow_InterruptHandle+1
  1571   00227A                     
  1572                           ;MCAL_Layer/mssp_i2c_m/hal_mssp_i2c_m.c: 311:         (INTCONbits.GIE = 1);
  1573   00227A  8EF2               	bsf	242,7,c	;volatile
  1574   00227C                     
  1575                           ;MCAL_Layer/mssp_i2c_m/hal_mssp_i2c_m.c: 312:         (INTCONbits.PEIE = 1);
  1576   00227C  8CF2               	bsf	242,6,c	;volatile
  1577   00227E  0012               	return		;funcret
  1578   002280                     __end_of_MSSP_I2C_Interrupt_Configurations:
  1579                           	callstack 0
  1580                           
  1581 ;; *************** function _I2C_Slave_Mode_Configurations *****************
  1582 ;; Defined at:
  1583 ;;		line 271 in file "MCAL_Layer/mssp_i2c_m/hal_mssp_i2c_m.c"
  1584 ;; Parameters:    Size  Location     Type
  1585 ;;  i2c_obj         1    1[COMRAM] PTR const struct .
  1586 ;;		 -> i2c_obj(13), 
  1587 ;; Auto vars:     Size  Location     Type
  1588 ;;		None
  1589 ;; Return value:  Size  Location     Type
  1590 ;;                  1    wreg      void 
  1591 ;; Registers used:
  1592 ;;		wreg, fsr2l, fsr2h, status,2, status,0
  1593 ;; Tracked objects:
  1594 ;;		On entry : 0/0
  1595 ;;		On exit  : 0/0
  1596 ;;		Unchanged: 0/0
  1597 ;; Data sizes:     COMRAM   BANK0   BANK1   BANK2   BANK3   BANK4   BANK5   BANK6   BANK7   BANK8   BANK9  BANK10  BANK1
      +1  BANK12  BANK13  BANK14  BANK15
  1598 ;;      Params:         1       0       0       0       0       0       0       0       0       0       0       0       
      +0       0       0       0       0
  1599 ;;      Locals:         0       0       0       0       0       0       0       0       0       0       0       0       
      +0       0       0       0       0
  1600 ;;      Temps:          1       0       0       0       0       0       0       0       0       0       0       0       
      +0       0       0       0       0
  1601 ;;      Totals:         2       0       0       0       0       0       0       0       0       0       0       0       
      +0       0       0       0       0
  1602 ;;Total ram usage:        2 bytes
  1603 ;; Hardware stack levels used: 1
  1604 ;; Hardware stack levels required when called: 2
  1605 ;; This function calls:
  1606 ;;		Nothing
  1607 ;; This function is called by:
  1608 ;;		_MSSP_I2C_Init
  1609 ;; This function uses a non-reentrant model
  1610 ;;
  1611                           
  1612                           	psect	text9
  1613   002350                     __ptext9:
  1614                           	callstack 0
  1615   002350                     _I2C_Slave_Mode_Configurations:
  1616                           	callstack 27
  1617   002350                     
  1618                           ;MCAL_Layer/mssp_i2c_m/hal_mssp_i2c_m.c: 272:     SSPCON1bits.SSPM = i2c_obj->i2c_cfg.i2
      +                          c_mode_cfg;
  1619   002350  5002               	movf	I2C_Slave_Mode_Configurations@i2c_obj^0,w,c
  1620   002352  6ED9               	movwf	fsr2l,c
  1621   002354  6ADA               	clrf	fsr2h,c
  1622   002356  0E02               	movlw	2
  1623   002358  26D9               	addwf	fsr2l,f,c
  1624   00235A  50DF               	movf	indf2,w,c
  1625   00235C  6E03               	movwf	??_I2C_Slave_Mode_Configurations^0,c
  1626   00235E  50C6               	movf	198,w,c	;volatile
  1627   002360  1803               	xorwf	??_I2C_Slave_Mode_Configurations^0,w,c
  1628   002362  0BF0               	andlw	-16
  1629   002364  1803               	xorwf	??_I2C_Slave_Mode_Configurations^0,w,c
  1630   002366  6EC6               	movwf	198,c	;volatile
  1631   002368  0012               	return		;funcret
  1632   00236A                     __end_of_I2C_Slave_Mode_Configurations:
  1633                           	callstack 0
  1634                           
  1635 ;; *************** function _I2C_Master_Mode_Clock_Configurations *****************
  1636 ;; Defined at:
  1637 ;;		line 265 in file "MCAL_Layer/mssp_i2c_m/hal_mssp_i2c_m.c"
  1638 ;; Parameters:    Size  Location     Type
  1639 ;;  i2c_obj         1   66[COMRAM] PTR const struct .
  1640 ;;		 -> i2c_obj(13), 
  1641 ;; Auto vars:     Size  Location     Type
  1642 ;;		None
  1643 ;; Return value:  Size  Location     Type
  1644 ;;                  1    wreg      void 
  1645 ;; Registers used:
  1646 ;;		wreg, fsr2l, fsr2h, status,2, status,0, cstack
  1647 ;; Tracked objects:
  1648 ;;		On entry : 0/0
  1649 ;;		On exit  : 0/0
  1650 ;;		Unchanged: 0/0
  1651 ;; Data sizes:     COMRAM   BANK0   BANK1   BANK2   BANK3   BANK4   BANK5   BANK6   BANK7   BANK8   BANK9  BANK10  BANK1
      +1  BANK12  BANK13  BANK14  BANK15
  1652 ;;      Params:         1       0       0       0       0       0       0       0       0       0       0       0       
      +0       0       0       0       0
  1653 ;;      Locals:         0       0       0       0       0       0       0       0       0       0       0       0       
      +0       0       0       0       0
  1654 ;;      Temps:          2       0       0       0       0       0       0       0       0       0       0       0       
      +0       0       0       0       0
  1655 ;;      Totals:         3       0       0       0       0       0       0       0       0       0       0       0       
      +0       0       0       0       0
  1656 ;;Total ram usage:        3 bytes
  1657 ;; Hardware stack levels used: 1
  1658 ;; Hardware stack levels required when called: 3
  1659 ;; This function calls:
  1660 ;;		___fladd
  1661 ;;		___fldiv
  1662 ;;		___fltol
  1663 ;;		___xxtofl
  1664 ;; This function is called by:
  1665 ;;		_MSSP_I2C_Init
  1666 ;; This function uses a non-reentrant model
  1667 ;;
  1668                           
  1669                           	psect	text10
  1670   0020D8                     __ptext10:
  1671                           	callstack 0
  1672   0020D8                     _I2C_Master_Mode_Clock_Configurations:
  1673                           	callstack 26
  1674   0020D8                     
  1675                           ;MCAL_Layer/mssp_i2c_m/hal_mssp_i2c_m.c: 267:     SSPCON1bits.SSPM = i2c_obj->i2c_cfg.i2
      +                          c_mode_cfg;
  1676   0020D8  5043               	movf	I2C_Master_Mode_Clock_Configurations@i2c_obj^0,w,c
  1677   0020DA  6ED9               	movwf	fsr2l,c
  1678   0020DC  6ADA               	clrf	fsr2h,c
  1679   0020DE  0E02               	movlw	2
  1680   0020E0  26D9               	addwf	fsr2l,f,c
  1681   0020E2  50DF               	movf	indf2,w,c
  1682   0020E4  6E44               	movwf	??_I2C_Master_Mode_Clock_Configurations^0,c
  1683   0020E6  50C6               	movf	198,w,c	;volatile
  1684   0020E8  1844               	xorwf	??_I2C_Master_Mode_Clock_Configurations^0,w,c
  1685   0020EA  0BF0               	andlw	-16
  1686   0020EC  1844               	xorwf	??_I2C_Master_Mode_Clock_Configurations^0,w,c
  1687   0020EE  6EC6               	movwf	198,c	;volatile
  1688   0020F0                     
  1689                           ;MCAL_Layer/mssp_i2c_m/hal_mssp_i2c_m.c: 268:     SSPADD = (uint8)(((8000000UL / 4.0) / 
      +                          i2c_obj->i2c_clock) - 1);
  1690   0020F0  0E00               	movlw	0
  1691   0020F2  6E2D               	movwf	___fladd@a^0,c
  1692   0020F4  0E00               	movlw	0
  1693   0020F6  6E2E               	movwf	(___fladd@a+1)^0,c
  1694   0020F8  0E80               	movlw	128
  1695   0020FA  6E2F               	movwf	(___fladd@a+2)^0,c
  1696   0020FC  0EBF               	movlw	191
  1697   0020FE  6E30               	movwf	(___fladd@a+3)^0,c
  1698   002100  5043               	movf	I2C_Master_Mode_Clock_Configurations@i2c_obj^0,w,c
  1699   002102  6ED9               	movwf	fsr2l,c
  1700   002104  6ADA               	clrf	fsr2h,c
  1701   002106  CFDE F044          	movff	postinc2,??_I2C_Master_Mode_Clock_Configurations
  1702   00210A  CFDD F045          	movff	postdec2,??_I2C_Master_Mode_Clock_Configurations+1
  1703   00210E  C044  F002         	movff	??_I2C_Master_Mode_Clock_Configurations,___xxtofl@val
  1704   002112  C045  F003         	movff	??_I2C_Master_Mode_Clock_Configurations+1,___xxtofl@val+1
  1705   002116  6A04               	clrf	(___xxtofl@val+2)^0,c
  1706   002118  6A05               	clrf	(___xxtofl@val+3)^0,c
  1707   00211A  0E00               	movlw	0
  1708   00211C  EC23  F00E         	call	___xxtofl
  1709   002120  C002  F014         	movff	?___xxtofl,___fldiv@a
  1710   002124  C003  F015         	movff	?___xxtofl+1,___fldiv@a+1
  1711   002128  C004  F016         	movff	?___xxtofl+2,___fldiv@a+2
  1712   00212C  C005  F017         	movff	?___xxtofl+3,___fldiv@a+3
  1713   002130  0E00               	movlw	0
  1714   002132  6E10               	movwf	___fldiv@b^0,c
  1715   002134  0E24               	movlw	36
  1716   002136  6E11               	movwf	(___fldiv@b+1)^0,c
  1717   002138  0EF4               	movlw	244
  1718   00213A  6E12               	movwf	(___fldiv@b+2)^0,c
  1719   00213C  0E49               	movlw	73
  1720   00213E  6E13               	movwf	(___fldiv@b+3)^0,c
  1721   002140  EC56  F00C         	call	___fldiv	;wreg free
  1722   002144  C010  F029         	movff	?___fldiv,___fladd@b
  1723   002148  C011  F02A         	movff	?___fldiv+1,___fladd@b+1
  1724   00214C  C012  F02B         	movff	?___fldiv+2,___fladd@b+2
  1725   002150  C013  F02C         	movff	?___fldiv+3,___fladd@b+3
  1726   002154  EC03  F008         	call	___fladd	;wreg free
  1727   002158  C029  F039         	movff	?___fladd,___fltol@f1
  1728   00215C  C02A  F03A         	movff	?___fladd+1,___fltol@f1+1
  1729   002160  C02B  F03B         	movff	?___fladd+2,___fltol@f1+2
  1730   002164  C02C  F03C         	movff	?___fladd+3,___fltol@f1+3
  1731   002168  EC95  F00F         	call	___fltol	;wreg free
  1732   00216C  5039               	movf	?___fltol^0,w,c
  1733   00216E  6EC8               	movwf	200,c	;volatile
  1734   002170  0012               	return		;funcret
  1735   002172                     __end_of_I2C_Master_Mode_Clock_Configurations:
  1736                           	callstack 0
  1737                           
  1738 ;; *************** function ___xxtofl *****************
  1739 ;; Defined at:
  1740 ;;		line 10 in file "C:\Program Files\Microchip\xc8\v2.45\pic\sources\c99\common\xxtofl.c"
  1741 ;; Parameters:    Size  Location     Type
  1742 ;;  sign            1    wreg     unsigned char 
  1743 ;;  val             4    1[COMRAM] long 
  1744 ;; Auto vars:     Size  Location     Type
  1745 ;;  sign            1    9[COMRAM] unsigned char 
  1746 ;;  arg             4   11[COMRAM] unsigned long 
  1747 ;;  exp             1   10[COMRAM] unsigned char 
  1748 ;; Return value:  Size  Location     Type
  1749 ;;                  4    1[COMRAM] unsigned char 
  1750 ;; Registers used:
  1751 ;;		wreg, status,2, status,0
  1752 ;; Tracked objects:
  1753 ;;		On entry : 0/0
  1754 ;;		On exit  : 0/0
  1755 ;;		Unchanged: 0/0
  1756 ;; Data sizes:     COMRAM   BANK0   BANK1   BANK2   BANK3   BANK4   BANK5   BANK6   BANK7   BANK8   BANK9  BANK10  BANK1
      +1  BANK12  BANK13  BANK14  BANK15
  1757 ;;      Params:         4       0       0       0       0       0       0       0       0       0       0       0       
      +0       0       0       0       0
  1758 ;;      Locals:         6       0       0       0       0       0       0       0       0       0       0       0       
      +0       0       0       0       0
  1759 ;;      Temps:          4       0       0       0       0       0       0       0       0       0       0       0       
      +0       0       0       0       0
  1760 ;;      Totals:        14       0       0       0       0       0       0       0       0       0       0       0       
      +0       0       0       0       0
  1761 ;;Total ram usage:       14 bytes
  1762 ;; Hardware stack levels used: 1
  1763 ;; Hardware stack levels required when called: 2
  1764 ;; This function calls:
  1765 ;;		Nothing
  1766 ;; This function is called by:
  1767 ;;		_I2C_Master_Mode_Clock_Configurations
  1768 ;;		_EUSART_Baud_Rate_Calculation
  1769 ;; This function uses a non-reentrant model
  1770 ;;
  1771                           
  1772                           	psect	text11
  1773   001C46                     __ptext11:
  1774                           	callstack 0
  1775   001C46                     ___xxtofl:
  1776                           	callstack 26
  1777                           
  1778                           ;incstack = 0
  1779                           ;___xxtofl@sign stored from wreg
  1780   001C46  6E0A               	movwf	___xxtofl@sign^0,c
  1781   001C48  500A               	movf	___xxtofl@sign^0,w,c
  1782   001C4A  B4D8               	btfsc	status,2,c
  1783   001C4C  EF2A  F00E         	goto	u4711
  1784   001C50  EF2C  F00E         	goto	u4710
  1785   001C54                     u4711:
  1786   001C54  EF4E  F00E         	goto	l2311
  1787   001C58                     u4710:
  1788   001C58  BE05               	btfsc	(___xxtofl@val+3)^0,7,c
  1789   001C5A  EF33  F00E         	goto	u4720
  1790   001C5E  EF31  F00E         	goto	u4721
  1791   001C62                     u4721:
  1792   001C62  EF4E  F00E         	goto	l2311
  1793   001C66                     u4720:
  1794   001C66  C002  F006         	movff	___xxtofl@val,??___xxtofl
  1795   001C6A  C003  F007         	movff	___xxtofl@val+1,??___xxtofl+1
  1796   001C6E  C004  F008         	movff	___xxtofl@val+2,??___xxtofl+2
  1797   001C72  C005  F009         	movff	___xxtofl@val+3,??___xxtofl+3
  1798   001C76  1E06               	comf	??___xxtofl^0,f,c
  1799   001C78  1E07               	comf	(??___xxtofl+1)^0,f,c
  1800   001C7A  1E08               	comf	(??___xxtofl+2)^0,f,c
  1801   001C7C  1E09               	comf	(??___xxtofl+3)^0,f,c
  1802   001C7E  2A06               	incf	??___xxtofl^0,f,c
  1803   001C80  0E00               	movlw	0
  1804   001C82  2207               	addwfc	(??___xxtofl+1)^0,f,c
  1805   001C84  2208               	addwfc	(??___xxtofl+2)^0,f,c
  1806   001C86  2209               	addwfc	(??___xxtofl+3)^0,f,c
  1807   001C88  C006  F00C         	movff	??___xxtofl,___xxtofl@arg
  1808   001C8C  C007  F00D         	movff	??___xxtofl+1,___xxtofl@arg+1
  1809   001C90  C008  F00E         	movff	??___xxtofl+2,___xxtofl@arg+2
  1810   001C94  C009  F00F         	movff	??___xxtofl+3,___xxtofl@arg+3
  1811   001C98  EF56  F00E         	goto	l5802
  1812   001C9C                     l2311:
  1813   001C9C  C002  F00C         	movff	___xxtofl@val,___xxtofl@arg
  1814   001CA0  C003  F00D         	movff	___xxtofl@val+1,___xxtofl@arg+1
  1815   001CA4  C004  F00E         	movff	___xxtofl@val+2,___xxtofl@arg+2
  1816   001CA8  C005  F00F         	movff	___xxtofl@val+3,___xxtofl@arg+3
  1817   001CAC                     l5802:
  1818   001CAC  5002               	movf	___xxtofl@val^0,w,c
  1819   001CAE  1003               	iorwf	(___xxtofl@val+1)^0,w,c
  1820   001CB0  1004               	iorwf	(___xxtofl@val+2)^0,w,c
  1821   001CB2  1005               	iorwf	(___xxtofl@val+3)^0,w,c
  1822   001CB4  A4D8               	btfss	status,2,c
  1823   001CB6  EF5F  F00E         	goto	u4731
  1824   001CBA  EF61  F00E         	goto	u4730
  1825   001CBE                     u4731:
  1826   001CBE  EF6B  F00E         	goto	l5808
  1827   001CC2                     u4730:
  1828   001CC2  0E00               	movlw	0
  1829   001CC4  6E02               	movwf	?___xxtofl^0,c
  1830   001CC6  0E00               	movlw	0
  1831   001CC8  6E03               	movwf	(?___xxtofl+1)^0,c
  1832   001CCA  0E00               	movlw	0
  1833   001CCC  6E04               	movwf	(?___xxtofl+2)^0,c
  1834   001CCE  0E00               	movlw	0
  1835   001CD0  6E05               	movwf	(?___xxtofl+3)^0,c
  1836   001CD2  EFFC  F00E         	goto	l2314
  1837   001CD6                     l5808:
  1838   001CD6  0E96               	movlw	150
  1839   001CD8  6E0B               	movwf	___xxtofl@exp^0,c
  1840   001CDA  EF75  F00E         	goto	l5812
  1841   001CDE                     l5810:
  1842   001CDE  2A0B               	incf	___xxtofl@exp^0,f,c
  1843   001CE0  90D8               	bcf	status,0,c
  1844   001CE2  320F               	rrcf	(___xxtofl@arg+3)^0,f,c
  1845   001CE4  320E               	rrcf	(___xxtofl@arg+2)^0,f,c
  1846   001CE6  320D               	rrcf	(___xxtofl@arg+1)^0,f,c
  1847   001CE8  320C               	rrcf	___xxtofl@arg^0,f,c
  1848   001CEA                     l5812:
  1849   001CEA  0E00               	movlw	0
  1850   001CEC  140C               	andwf	___xxtofl@arg^0,w,c
  1851   001CEE  6E06               	movwf	??___xxtofl^0,c
  1852   001CF0  0E00               	movlw	0
  1853   001CF2  140D               	andwf	(___xxtofl@arg+1)^0,w,c
  1854   001CF4  6E07               	movwf	(??___xxtofl+1)^0,c
  1855   001CF6  0E00               	movlw	0
  1856   001CF8  140E               	andwf	(___xxtofl@arg+2)^0,w,c
  1857   001CFA  6E08               	movwf	(??___xxtofl+2)^0,c
  1858   001CFC  0EFE               	movlw	254
  1859   001CFE  140F               	andwf	(___xxtofl@arg+3)^0,w,c
  1860   001D00  6E09               	movwf	(??___xxtofl+3)^0,c
  1861   001D02  5006               	movf	??___xxtofl^0,w,c
  1862   001D04  1007               	iorwf	(??___xxtofl+1)^0,w,c
  1863   001D06  1008               	iorwf	(??___xxtofl+2)^0,w,c
  1864   001D08  1009               	iorwf	(??___xxtofl+3)^0,w,c
  1865   001D0A  A4D8               	btfss	status,2,c
  1866   001D0C  EF8A  F00E         	goto	u4741
  1867   001D10  EF8C  F00E         	goto	u4740
  1868   001D14                     u4741:
  1869   001D14  EF6F  F00E         	goto	l5810
  1870   001D18                     u4740:
  1871   001D18  EF9A  F00E         	goto	l2318
  1872   001D1C                     l5814:
  1873   001D1C  2A0B               	incf	___xxtofl@exp^0,f,c
  1874   001D1E  0E01               	movlw	1
  1875   001D20  260C               	addwf	___xxtofl@arg^0,f,c
  1876   001D22  0E00               	movlw	0
  1877   001D24  220D               	addwfc	(___xxtofl@arg+1)^0,f,c
  1878   001D26  220E               	addwfc	(___xxtofl@arg+2)^0,f,c
  1879   001D28  220F               	addwfc	(___xxtofl@arg+3)^0,f,c
  1880   001D2A  90D8               	bcf	status,0,c
  1881   001D2C  320F               	rrcf	(___xxtofl@arg+3)^0,f,c
  1882   001D2E  320E               	rrcf	(___xxtofl@arg+2)^0,f,c
  1883   001D30  320D               	rrcf	(___xxtofl@arg+1)^0,f,c
  1884   001D32  320C               	rrcf	___xxtofl@arg^0,f,c
  1885   001D34                     l2318:
  1886   001D34  0E00               	movlw	0
  1887   001D36  140C               	andwf	___xxtofl@arg^0,w,c
  1888   001D38  6E06               	movwf	??___xxtofl^0,c
  1889   001D3A  0E00               	movlw	0
  1890   001D3C  140D               	andwf	(___xxtofl@arg+1)^0,w,c
  1891   001D3E  6E07               	movwf	(??___xxtofl+1)^0,c
  1892   001D40  0E00               	movlw	0
  1893   001D42  140E               	andwf	(___xxtofl@arg+2)^0,w,c
  1894   001D44  6E08               	movwf	(??___xxtofl+2)^0,c
  1895   001D46  0EFF               	movlw	255
  1896   001D48  140F               	andwf	(___xxtofl@arg+3)^0,w,c
  1897   001D4A  6E09               	movwf	(??___xxtofl+3)^0,c
  1898   001D4C  5006               	movf	??___xxtofl^0,w,c
  1899   001D4E  1007               	iorwf	(??___xxtofl+1)^0,w,c
  1900   001D50  1008               	iorwf	(??___xxtofl+2)^0,w,c
  1901   001D52  1009               	iorwf	(??___xxtofl+3)^0,w,c
  1902   001D54  A4D8               	btfss	status,2,c
  1903   001D56  EFAF  F00E         	goto	u4751
  1904   001D5A  EFB1  F00E         	goto	u4750
  1905   001D5E                     u4751:
  1906   001D5E  EF8E  F00E         	goto	l5814
  1907   001D62                     u4750:
  1908   001D62  EFB9  F00E         	goto	l5822
  1909   001D66                     l5820:
  1910   001D66  060B               	decf	___xxtofl@exp^0,f,c
  1911   001D68  90D8               	bcf	status,0,c
  1912   001D6A  360C               	rlcf	___xxtofl@arg^0,f,c
  1913   001D6C  360D               	rlcf	(___xxtofl@arg+1)^0,f,c
  1914   001D6E  360E               	rlcf	(___xxtofl@arg+2)^0,f,c
  1915   001D70  360F               	rlcf	(___xxtofl@arg+3)^0,f,c
  1916   001D72                     l5822:
  1917   001D72  BE0E               	btfsc	(___xxtofl@arg+2)^0,7,c
  1918   001D74  EFBE  F00E         	goto	u4761
  1919   001D78  EFC0  F00E         	goto	u4760
  1920   001D7C                     u4761:
  1921   001D7C  EFC8  F00E         	goto	l2325
  1922   001D80                     u4760:
  1923   001D80  0E02               	movlw	2
  1924   001D82  600B               	cpfslt	___xxtofl@exp^0,c
  1925   001D84  EFC6  F00E         	goto	u4771
  1926   001D88  EFC8  F00E         	goto	u4770
  1927   001D8C                     u4771:
  1928   001D8C  EFB3  F00E         	goto	l5820
  1929   001D90                     u4770:
  1930   001D90                     l2325:
  1931   001D90  B00B               	btfsc	___xxtofl@exp^0,0,c
  1932   001D92  EFCD  F00E         	goto	u4781
  1933   001D96  EFCF  F00E         	goto	u4780
  1934   001D9A                     u4781:
  1935   001D9A  EFD0  F00E         	goto	l5828
  1936   001D9E                     u4780:
  1937   001D9E  9E0E               	bcf	(___xxtofl@arg+2)^0,7,c
  1938   001DA0                     l5828:
  1939   001DA0  90D8               	bcf	status,0,c
  1940   001DA2  320B               	rrcf	___xxtofl@exp^0,f,c
  1941   001DA4  C00B  F006         	movff	___xxtofl@exp,??___xxtofl
  1942   001DA8  6A07               	clrf	(??___xxtofl+1)^0,c
  1943   001DAA  6A08               	clrf	(??___xxtofl+2)^0,c
  1944   001DAC  6A09               	clrf	(??___xxtofl+3)^0,c
  1945   001DAE  C006  F009         	movff	??___xxtofl,??___xxtofl+3
  1946   001DB2  6A08               	clrf	(??___xxtofl+2)^0,c
  1947   001DB4  6A07               	clrf	(??___xxtofl+1)^0,c
  1948   001DB6  6A06               	clrf	??___xxtofl^0,c
  1949   001DB8  5006               	movf	??___xxtofl^0,w,c
  1950   001DBA  120C               	iorwf	___xxtofl@arg^0,f,c
  1951   001DBC  5007               	movf	(??___xxtofl+1)^0,w,c
  1952   001DBE  120D               	iorwf	(___xxtofl@arg+1)^0,f,c
  1953   001DC0  5008               	movf	(??___xxtofl+2)^0,w,c
  1954   001DC2  120E               	iorwf	(___xxtofl@arg+2)^0,f,c
  1955   001DC4  5009               	movf	(??___xxtofl+3)^0,w,c
  1956   001DC6  120F               	iorwf	(___xxtofl@arg+3)^0,f,c
  1957   001DC8  500A               	movf	___xxtofl@sign^0,w,c
  1958   001DCA  B4D8               	btfsc	status,2,c
  1959   001DCC  EFEA  F00E         	goto	u4791
  1960   001DD0  EFEC  F00E         	goto	u4790
  1961   001DD4                     u4791:
  1962   001DD4  EFF4  F00E         	goto	l5838
  1963   001DD8                     u4790:
  1964   001DD8  BE05               	btfsc	(___xxtofl@val+3)^0,7,c
  1965   001DDA  EFF3  F00E         	goto	u4800
  1966   001DDE  EFF1  F00E         	goto	u4801
  1967   001DE2                     u4801:
  1968   001DE2  EFF4  F00E         	goto	l5838
  1969   001DE6                     u4800:
  1970   001DE6  8E0F               	bsf	(___xxtofl@arg+3)^0,7,c
  1971   001DE8                     l5838:
  1972   001DE8  C00C  F002         	movff	___xxtofl@arg,?___xxtofl
  1973   001DEC  C00D  F003         	movff	___xxtofl@arg+1,?___xxtofl+1
  1974   001DF0  C00E  F004         	movff	___xxtofl@arg+2,?___xxtofl+2
  1975   001DF4  C00F  F005         	movff	___xxtofl@arg+3,?___xxtofl+3
  1976   001DF8                     l2314:
  1977   001DF8  0012               	return		;funcret
  1978   001DFA                     __end_of___xxtofl:
  1979                           	callstack 0
  1980                           
  1981 ;; *************** function ___fltol *****************
  1982 ;; Defined at:
  1983 ;;		line 43 in file "C:\Program Files\Microchip\xc8\v2.45\pic\sources\c99\common\fltol.c"
  1984 ;; Parameters:    Size  Location     Type
  1985 ;;  f1              4   56[COMRAM] unsigned char 
  1986 ;; Auto vars:     Size  Location     Type
  1987 ;;  exp1            1   65[COMRAM] unsigned char 
  1988 ;;  sign1           1   64[COMRAM] unsigned char 
  1989 ;; Return value:  Size  Location     Type
  1990 ;;                  4   56[COMRAM] long 
  1991 ;; Registers used:
  1992 ;;		wreg, status,2, status,0
  1993 ;; Tracked objects:
  1994 ;;		On entry : 0/0
  1995 ;;		On exit  : 0/0
  1996 ;;		Unchanged: 0/0
  1997 ;; Data sizes:     COMRAM   BANK0   BANK1   BANK2   BANK3   BANK4   BANK5   BANK6   BANK7   BANK8   BANK9  BANK10  BANK1
      +1  BANK12  BANK13  BANK14  BANK15
  1998 ;;      Params:         4       0       0       0       0       0       0       0       0       0       0       0       
      +0       0       0       0       0
  1999 ;;      Locals:         2       0       0       0       0       0       0       0       0       0       0       0       
      +0       0       0       0       0
  2000 ;;      Temps:          4       0       0       0       0       0       0       0       0       0       0       0       
      +0       0       0       0       0
  2001 ;;      Totals:        10       0       0       0       0       0       0       0       0       0       0       0       
      +0       0       0       0       0
  2002 ;;Total ram usage:       10 bytes
  2003 ;; Hardware stack levels used: 1
  2004 ;; Hardware stack levels required when called: 2
  2005 ;; This function calls:
  2006 ;;		Nothing
  2007 ;; This function is called by:
  2008 ;;		_I2C_Master_Mode_Clock_Configurations
  2009 ;;		_EUSART_Baud_Rate_Calculation
  2010 ;; This function uses a non-reentrant model
  2011 ;;
  2012                           
  2013                           	psect	text12
  2014   001F2A                     __ptext12:
  2015                           	callstack 0
  2016   001F2A                     ___fltol:
  2017                           	callstack 26
  2018   001F2A  343B               	rlcf	(___fltol@f1+2)^0,w,c
  2019   001F2C  343C               	rlcf	(___fltol@f1+3)^0,w,c
  2020   001F2E  6E42               	movwf	___fltol@exp1^0,c
  2021   001F30  5042               	movf	___fltol@exp1^0,w,c
  2022   001F32  A4D8               	btfss	status,2,c
  2023   001F34  EF9E  F00F         	goto	u4641
  2024   001F38  EFA0  F00F         	goto	u4640
  2025   001F3C                     u4641:
  2026   001F3C  EFAA  F00F         	goto	l5758
  2027   001F40                     u4640:
  2028   001F40                     l5754:
  2029   001F40  0E00               	movlw	0
  2030   001F42  6E39               	movwf	?___fltol^0,c
  2031   001F44  0E00               	movlw	0
  2032   001F46  6E3A               	movwf	(?___fltol+1)^0,c
  2033   001F48  0E00               	movlw	0
  2034   001F4A  6E3B               	movwf	(?___fltol+2)^0,c
  2035   001F4C  0E00               	movlw	0
  2036   001F4E  6E3C               	movwf	(?___fltol+3)^0,c
  2037   001F50  EF17  F010         	goto	l1953
  2038   001F54                     l5758:
  2039   001F54  C039  F03D         	movff	___fltol@f1,??___fltol
  2040   001F58  C03A  F03E         	movff	___fltol@f1+1,??___fltol+1
  2041   001F5C  C03B  F03F         	movff	___fltol@f1+2,??___fltol+2
  2042   001F60  C03C  F040         	movff	___fltol@f1+3,??___fltol+3
  2043   001F64  0E20               	movlw	32
  2044   001F66  EFBA  F00F         	goto	u4650
  2045   001F6A                     u4655:
  2046   001F6A  90D8               	bcf	status,0,c
  2047   001F6C  3240               	rrcf	(??___fltol+3)^0,f,c
  2048   001F6E  323F               	rrcf	(??___fltol+2)^0,f,c
  2049   001F70  323E               	rrcf	(??___fltol+1)^0,f,c
  2050   001F72  323D               	rrcf	??___fltol^0,f,c
  2051   001F74                     u4650:
  2052   001F74  2EE8               	decfsz	wreg,f,c
  2053   001F76  EFB5  F00F         	goto	u4655
  2054   001F7A  503D               	movf	??___fltol^0,w,c
  2055   001F7C  6E41               	movwf	___fltol@sign1^0,c
  2056   001F7E  8E3B               	bsf	(___fltol@f1+2)^0,7,c
  2057   001F80  0EFF               	movlw	255
  2058   001F82  1639               	andwf	___fltol@f1^0,f,c
  2059   001F84  0EFF               	movlw	255
  2060   001F86  163A               	andwf	(___fltol@f1+1)^0,f,c
  2061   001F88  0EFF               	movlw	255
  2062   001F8A  163B               	andwf	(___fltol@f1+2)^0,f,c
  2063   001F8C  0E00               	movlw	0
  2064   001F8E  163C               	andwf	(___fltol@f1+3)^0,f,c
  2065   001F90  0E96               	movlw	150
  2066   001F92  5E42               	subwf	___fltol@exp1^0,f,c
  2067   001F94  BE42               	btfsc	___fltol@exp1^0,7,c
  2068   001F96  EFD1  F00F         	goto	u4660
  2069   001F9A  EFCF  F00F         	goto	u4661
  2070   001F9E                     u4661:
  2071   001F9E  EFE7  F00F         	goto	l5778
  2072   001FA2                     u4660:
  2073   001FA2  5042               	movf	___fltol@exp1^0,w,c
  2074   001FA4  0A80               	xorlw	128
  2075   001FA6  0F97               	addlw	151
  2076   001FA8  B0D8               	btfsc	status,0,c
  2077   001FAA  EFD9  F00F         	goto	u4671
  2078   001FAE  EFDB  F00F         	goto	u4670
  2079   001FB2                     u4671:
  2080   001FB2  EFDD  F00F         	goto	l5774
  2081   001FB6                     u4670:
  2082   001FB6  EFA0  F00F         	goto	l5754
  2083   001FBA                     l5774:
  2084   001FBA  90D8               	bcf	status,0,c
  2085   001FBC  323C               	rrcf	(___fltol@f1+3)^0,f,c
  2086   001FBE  323B               	rrcf	(___fltol@f1+2)^0,f,c
  2087   001FC0  323A               	rrcf	(___fltol@f1+1)^0,f,c
  2088   001FC2  3239               	rrcf	___fltol@f1^0,f,c
  2089   001FC4  3E42               	incfsz	___fltol@exp1^0,f,c
  2090   001FC6  EFDD  F00F         	goto	l5774
  2091   001FCA  EFFF  F00F         	goto	l5788
  2092   001FCE                     l5778:
  2093   001FCE  0E1F               	movlw	31
  2094   001FD0  6442               	cpfsgt	___fltol@exp1^0,c
  2095   001FD2  EFED  F00F         	goto	u4681
  2096   001FD6  EFEF  F00F         	goto	u4680
  2097   001FDA                     u4681:
  2098   001FDA  EFF7  F00F         	goto	l5786
  2099   001FDE                     u4680:
  2100   001FDE  EFA0  F00F         	goto	l5754
  2101   001FE2                     l5784:
  2102   001FE2  90D8               	bcf	status,0,c
  2103   001FE4  3639               	rlcf	___fltol@f1^0,f,c
  2104   001FE6  363A               	rlcf	(___fltol@f1+1)^0,f,c
  2105   001FE8  363B               	rlcf	(___fltol@f1+2)^0,f,c
  2106   001FEA  363C               	rlcf	(___fltol@f1+3)^0,f,c
  2107   001FEC  0642               	decf	___fltol@exp1^0,f,c
  2108   001FEE                     l5786:
  2109   001FEE  5042               	movf	___fltol@exp1^0,w,c
  2110   001FF0  A4D8               	btfss	status,2,c
  2111   001FF2  EFFD  F00F         	goto	u4691
  2112   001FF6  EFFF  F00F         	goto	u4690
  2113   001FFA                     u4691:
  2114   001FFA  EFF1  F00F         	goto	l5784
  2115   001FFE                     u4690:
  2116   001FFE                     l5788:
  2117   001FFE  5041               	movf	___fltol@sign1^0,w,c
  2118   002000  B4D8               	btfsc	status,2,c
  2119   002002  EF05  F010         	goto	u4701
  2120   002006  EF07  F010         	goto	u4700
  2121   00200A                     u4701:
  2122   00200A  EF0F  F010         	goto	l5792
  2123   00200E                     u4700:
  2124   00200E  1E3C               	comf	(___fltol@f1+3)^0,f,c
  2125   002010  1E3B               	comf	(___fltol@f1+2)^0,f,c
  2126   002012  1E3A               	comf	(___fltol@f1+1)^0,f,c
  2127   002014  6C39               	negf	___fltol@f1^0,c
  2128   002016  0E00               	movlw	0
  2129   002018  223A               	addwfc	(___fltol@f1+1)^0,f,c
  2130   00201A  223B               	addwfc	(___fltol@f1+2)^0,f,c
  2131   00201C  223C               	addwfc	(___fltol@f1+3)^0,f,c
  2132   00201E                     l5792:
  2133   00201E  C039  F039         	movff	___fltol@f1,?___fltol
  2134   002022  C03A  F03A         	movff	___fltol@f1+1,?___fltol+1
  2135   002026  C03B  F03B         	movff	___fltol@f1+2,?___fltol+2
  2136   00202A  C03C  F03C         	movff	___fltol@f1+3,?___fltol+3
  2137   00202E                     l1953:
  2138   00202E  0012               	return		;funcret
  2139   002030                     __end_of___fltol:
  2140                           	callstack 0
  2141                           
  2142 ;; *************** function ___fldiv *****************
  2143 ;; Defined at:
  2144 ;;		line 11 in file "C:\Program Files\Microchip\xc8\v2.45\pic\sources\c99\common\sprcdiv.c"
  2145 ;; Parameters:    Size  Location     Type
  2146 ;;  b               4   15[COMRAM] long 
  2147 ;;  a               4   19[COMRAM] long 
  2148 ;; Auto vars:     Size  Location     Type
  2149 ;;  grs             4   34[COMRAM] unsigned long 
  2150 ;;  rem             4   27[COMRAM] unsigned long 
  2151 ;;  new_exp         2   32[COMRAM] short 
  2152 ;;  aexp            1   39[COMRAM] unsigned char 
  2153 ;;  bexp            1   38[COMRAM] unsigned char 
  2154 ;;  sign            1   31[COMRAM] unsigned char 
  2155 ;; Return value:  Size  Location     Type
  2156 ;;                  4   15[COMRAM] unsigned char 
  2157 ;; Registers used:
  2158 ;;		wreg, status,2, status,0
  2159 ;; Tracked objects:
  2160 ;;		On entry : 0/0
  2161 ;;		On exit  : 0/0
  2162 ;;		Unchanged: 0/0
  2163 ;; Data sizes:     COMRAM   BANK0   BANK1   BANK2   BANK3   BANK4   BANK5   BANK6   BANK7   BANK8   BANK9  BANK10  BANK1
      +1  BANK12  BANK13  BANK14  BANK15
  2164 ;;      Params:         8       0       0       0       0       0       0       0       0       0       0       0       
      +0       0       0       0       0
  2165 ;;      Locals:        13       0       0       0       0       0       0       0       0       0       0       0       
      +0       0       0       0       0
  2166 ;;      Temps:          4       0       0       0       0       0       0       0       0       0       0       0       
      +0       0       0       0       0
  2167 ;;      Totals:        25       0       0       0       0       0       0       0       0       0       0       0       
      +0       0       0       0       0
  2168 ;;Total ram usage:       25 bytes
  2169 ;; Hardware stack levels used: 1
  2170 ;; Hardware stack levels required when called: 2
  2171 ;; This function calls:
  2172 ;;		Nothing
  2173 ;; This function is called by:
  2174 ;;		_I2C_Master_Mode_Clock_Configurations
  2175 ;;		_EUSART_Baud_Rate_Calculation
  2176 ;; This function uses a non-reentrant model
  2177 ;;
  2178                           
  2179                           	psect	text13
  2180   0018AC                     __ptext13:
  2181                           	callstack 0
  2182   0018AC                     ___fldiv:
  2183                           	callstack 26
  2184   0018AC  5013               	movf	(___fldiv@b+3)^0,w,c
  2185   0018AE  0B80               	andlw	128
  2186   0018B0  6E20               	movwf	___fldiv@sign^0,c
  2187   0018B2  5013               	movf	(___fldiv@b+3)^0,w,c
  2188   0018B4  2413               	addwf	(___fldiv@b+3)^0,w,c
  2189   0018B6  6E27               	movwf	___fldiv@bexp^0,c
  2190   0018B8  AE12               	btfss	(___fldiv@b+2)^0,7,c
  2191   0018BA  EF61  F00C         	goto	u4411
  2192   0018BE  EF63  F00C         	goto	u4410
  2193   0018C2                     u4411:
  2194   0018C2  EF64  F00C         	goto	l5620
  2195   0018C6                     u4410:
  2196   0018C6  8027               	bsf	___fldiv@bexp^0,0,c
  2197   0018C8                     l5620:
  2198   0018C8  5027               	movf	___fldiv@bexp^0,w,c
  2199   0018CA  B4D8               	btfsc	status,2,c
  2200   0018CC  EF6A  F00C         	goto	u4421
  2201   0018D0  EF6C  F00C         	goto	u4420
  2202   0018D4                     u4421:
  2203   0018D4  EF81  F00C         	goto	l5630
  2204   0018D8                     u4420:
  2205   0018D8  2827               	incf	___fldiv@bexp^0,w,c
  2206   0018DA  A4D8               	btfss	status,2,c
  2207   0018DC  EF72  F00C         	goto	u4431
  2208   0018E0  EF74  F00C         	goto	u4430
  2209   0018E4                     u4431:
  2210   0018E4  EF7C  F00C         	goto	l5626
  2211   0018E8                     u4430:
  2212   0018E8  0E00               	movlw	0
  2213   0018EA  6E10               	movwf	___fldiv@b^0,c
  2214   0018EC  0E00               	movlw	0
  2215   0018EE  6E11               	movwf	(___fldiv@b+1)^0,c
  2216   0018F0  0E00               	movlw	0
  2217   0018F2  6E12               	movwf	(___fldiv@b+2)^0,c
  2218   0018F4  0E00               	movlw	0
  2219   0018F6  6E13               	movwf	(___fldiv@b+3)^0,c
  2220   0018F8                     l5626:
  2221   0018F8  8E12               	bsf	(___fldiv@b+2)^0,7,c
  2222   0018FA  0E00               	movlw	0
  2223   0018FC  6E13               	movwf	(___fldiv@b+3)^0,c
  2224   0018FE  EF89  F00C         	goto	l5632
  2225   001902                     l5630:
  2226   001902  0E00               	movlw	0
  2227   001904  6E10               	movwf	___fldiv@b^0,c
  2228   001906  0E00               	movlw	0
  2229   001908  6E11               	movwf	(___fldiv@b+1)^0,c
  2230   00190A  0E00               	movlw	0
  2231   00190C  6E12               	movwf	(___fldiv@b+2)^0,c
  2232   00190E  0E00               	movlw	0
  2233   001910  6E13               	movwf	(___fldiv@b+3)^0,c
  2234   001912                     l5632:
  2235   001912  5017               	movf	(___fldiv@a+3)^0,w,c
  2236   001914  0B80               	andlw	128
  2237   001916  1A20               	xorwf	___fldiv@sign^0,f,c
  2238   001918  5017               	movf	(___fldiv@a+3)^0,w,c
  2239   00191A  2417               	addwf	(___fldiv@a+3)^0,w,c
  2240   00191C  6E28               	movwf	___fldiv@aexp^0,c
  2241   00191E  AE16               	btfss	(___fldiv@a+2)^0,7,c
  2242   001920  EF94  F00C         	goto	u4441
  2243   001924  EF96  F00C         	goto	u4440
  2244   001928                     u4441:
  2245   001928  EF97  F00C         	goto	l5640
  2246   00192C                     u4440:
  2247   00192C  8028               	bsf	___fldiv@aexp^0,0,c
  2248   00192E                     l5640:
  2249   00192E  5028               	movf	___fldiv@aexp^0,w,c
  2250   001930  B4D8               	btfsc	status,2,c
  2251   001932  EF9D  F00C         	goto	u4451
  2252   001936  EF9F  F00C         	goto	u4450
  2253   00193A                     u4451:
  2254   00193A  EFB4  F00C         	goto	l5650
  2255   00193E                     u4450:
  2256   00193E  2828               	incf	___fldiv@aexp^0,w,c
  2257   001940  A4D8               	btfss	status,2,c
  2258   001942  EFA5  F00C         	goto	u4461
  2259   001946  EFA7  F00C         	goto	u4460
  2260   00194A                     u4461:
  2261   00194A  EFAF  F00C         	goto	l5646
  2262   00194E                     u4460:
  2263   00194E  0E00               	movlw	0
  2264   001950  6E14               	movwf	___fldiv@a^0,c
  2265   001952  0E00               	movlw	0
  2266   001954  6E15               	movwf	(___fldiv@a+1)^0,c
  2267   001956  0E00               	movlw	0
  2268   001958  6E16               	movwf	(___fldiv@a+2)^0,c
  2269   00195A  0E00               	movlw	0
  2270   00195C  6E17               	movwf	(___fldiv@a+3)^0,c
  2271   00195E                     l5646:
  2272   00195E  8E16               	bsf	(___fldiv@a+2)^0,7,c
  2273   001960  0E00               	movlw	0
  2274   001962  6E17               	movwf	(___fldiv@a+3)^0,c
  2275   001964  EFBC  F00C         	goto	l5652
  2276   001968                     l5650:
  2277   001968  0E00               	movlw	0
  2278   00196A  6E14               	movwf	___fldiv@a^0,c
  2279   00196C  0E00               	movlw	0
  2280   00196E  6E15               	movwf	(___fldiv@a+1)^0,c
  2281   001970  0E00               	movlw	0
  2282   001972  6E16               	movwf	(___fldiv@a+2)^0,c
  2283   001974  0E00               	movlw	0
  2284   001976  6E17               	movwf	(___fldiv@a+3)^0,c
  2285   001978                     l5652:
  2286   001978  5014               	movf	___fldiv@a^0,w,c
  2287   00197A  1015               	iorwf	(___fldiv@a+1)^0,w,c
  2288   00197C  1016               	iorwf	(___fldiv@a+2)^0,w,c
  2289   00197E  1017               	iorwf	(___fldiv@a+3)^0,w,c
  2290   001980  A4D8               	btfss	status,2,c
  2291   001982  EFC5  F00C         	goto	u4471
  2292   001986  EFC7  F00C         	goto	u4470
  2293   00198A                     u4471:
  2294   00198A  EFDF  F00C         	goto	l5664
  2295   00198E                     u4470:
  2296   00198E  0E00               	movlw	0
  2297   001990  6E10               	movwf	___fldiv@b^0,c
  2298   001992  0E00               	movlw	0
  2299   001994  6E11               	movwf	(___fldiv@b+1)^0,c
  2300   001996  0E00               	movlw	0
  2301   001998  6E12               	movwf	(___fldiv@b+2)^0,c
  2302   00199A  0E00               	movlw	0
  2303   00199C  6E13               	movwf	(___fldiv@b+3)^0,c
  2304   00199E  0E80               	movlw	128
  2305   0019A0  1212               	iorwf	(___fldiv@b+2)^0,f,c
  2306   0019A2  0E7F               	movlw	127
  2307   0019A4  1213               	iorwf	(___fldiv@b+3)^0,f,c
  2308   0019A6                     l5658:
  2309   0019A6  5020               	movf	___fldiv@sign^0,w,c
  2310   0019A8  1213               	iorwf	(___fldiv@b+3)^0,f,c
  2311   0019AA  C010  F010         	movff	___fldiv@b,?___fldiv
  2312   0019AE  C011  F011         	movff	___fldiv@b+1,?___fldiv+1
  2313   0019B2  C012  F012         	movff	___fldiv@b+2,?___fldiv+2
  2314   0019B6  C013  F013         	movff	___fldiv@b+3,?___fldiv+3
  2315   0019BA  EF22  F00E         	goto	l2238
  2316   0019BE                     l5664:
  2317   0019BE  5027               	movf	___fldiv@bexp^0,w,c
  2318   0019C0  A4D8               	btfss	status,2,c
  2319   0019C2  EFE5  F00C         	goto	u4481
  2320   0019C6  EFE7  F00C         	goto	u4480
  2321   0019CA                     u4481:
  2322   0019CA  EFF1  F00C         	goto	l5672
  2323   0019CE                     u4480:
  2324   0019CE  0E00               	movlw	0
  2325   0019D0  6E10               	movwf	?___fldiv^0,c
  2326   0019D2  0E00               	movlw	0
  2327   0019D4  6E11               	movwf	(?___fldiv+1)^0,c
  2328   0019D6  0E00               	movlw	0
  2329   0019D8  6E12               	movwf	(?___fldiv+2)^0,c
  2330   0019DA  0E00               	movlw	0
  2331   0019DC  6E13               	movwf	(?___fldiv+3)^0,c
  2332   0019DE  EF22  F00E         	goto	l2238
  2333   0019E2                     l5672:
  2334   0019E2  5028               	movf	___fldiv@aexp^0,w,c
  2335   0019E4  C027  F018         	movff	___fldiv@bexp,??___fldiv
  2336   0019E8  6A19               	clrf	(??___fldiv+1)^0,c
  2337   0019EA  5E18               	subwf	??___fldiv^0,f,c
  2338   0019EC  0E00               	movlw	0
  2339   0019EE  5A19               	subwfb	(??___fldiv+1)^0,f,c
  2340   0019F0  0E7F               	movlw	127
  2341   0019F2  2418               	addwf	??___fldiv^0,w,c
  2342   0019F4  6E21               	movwf	___fldiv@new_exp^0,c
  2343   0019F6  0E00               	movlw	0
  2344   0019F8  2019               	addwfc	(??___fldiv+1)^0,w,c
  2345   0019FA  6E22               	movwf	(___fldiv@new_exp+1)^0,c
  2346   0019FC  C010  F01C         	movff	___fldiv@b,___fldiv@rem
  2347   001A00  C011  F01D         	movff	___fldiv@b+1,___fldiv@rem+1
  2348   001A04  C012  F01E         	movff	___fldiv@b+2,___fldiv@rem+2
  2349   001A08  C013  F01F         	movff	___fldiv@b+3,___fldiv@rem+3
  2350   001A0C  0E00               	movlw	0
  2351   001A0E  6E10               	movwf	___fldiv@b^0,c
  2352   001A10  0E00               	movlw	0
  2353   001A12  6E11               	movwf	(___fldiv@b+1)^0,c
  2354   001A14  0E00               	movlw	0
  2355   001A16  6E12               	movwf	(___fldiv@b+2)^0,c
  2356   001A18  0E00               	movlw	0
  2357   001A1A  6E13               	movwf	(___fldiv@b+3)^0,c
  2358   001A1C  0E00               	movlw	0
  2359   001A1E  6E23               	movwf	___fldiv@grs^0,c
  2360   001A20  0E00               	movlw	0
  2361   001A22  6E24               	movwf	(___fldiv@grs+1)^0,c
  2362   001A24  0E00               	movlw	0
  2363   001A26  6E25               	movwf	(___fldiv@grs+2)^0,c
  2364   001A28  0E00               	movlw	0
  2365   001A2A  6E26               	movwf	(___fldiv@grs+3)^0,c
  2366   001A2C  0E00               	movlw	0
  2367   001A2E  6E28               	movwf	___fldiv@aexp^0,c
  2368   001A30  EF52  F00D         	goto	l2240
  2369   001A34                     l5682:
  2370   001A34  5028               	movf	___fldiv@aexp^0,w,c
  2371   001A36  B4D8               	btfsc	status,2,c
  2372   001A38  EF20  F00D         	goto	u4491
  2373   001A3C  EF22  F00D         	goto	u4490
  2374   001A40                     u4491:
  2375   001A40  EF39  F00D         	goto	l5690
  2376   001A44                     u4490:
  2377   001A44  90D8               	bcf	status,0,c
  2378   001A46  361C               	rlcf	___fldiv@rem^0,f,c
  2379   001A48  361D               	rlcf	(___fldiv@rem+1)^0,f,c
  2380   001A4A  361E               	rlcf	(___fldiv@rem+2)^0,f,c
  2381   001A4C  361F               	rlcf	(___fldiv@rem+3)^0,f,c
  2382   001A4E  90D8               	bcf	status,0,c
  2383   001A50  3610               	rlcf	___fldiv@b^0,f,c
  2384   001A52  3611               	rlcf	(___fldiv@b+1)^0,f,c
  2385   001A54  3612               	rlcf	(___fldiv@b+2)^0,f,c
  2386   001A56  3613               	rlcf	(___fldiv@b+3)^0,f,c
  2387   001A58  AE26               	btfss	(___fldiv@grs+3)^0,7,c
  2388   001A5A  EF31  F00D         	goto	u4501
  2389   001A5E  EF33  F00D         	goto	u4500
  2390   001A62                     u4501:
  2391   001A62  EF34  F00D         	goto	l2243
  2392   001A66                     u4500:
  2393   001A66  8010               	bsf	___fldiv@b^0,0,c
  2394   001A68                     l2243:
  2395   001A68  90D8               	bcf	status,0,c
  2396   001A6A  3623               	rlcf	___fldiv@grs^0,f,c
  2397   001A6C  3624               	rlcf	(___fldiv@grs+1)^0,f,c
  2398   001A6E  3625               	rlcf	(___fldiv@grs+2)^0,f,c
  2399   001A70  3626               	rlcf	(___fldiv@grs+3)^0,f,c
  2400   001A72                     l5690:
  2401   001A72  5014               	movf	___fldiv@a^0,w,c
  2402   001A74  5C1C               	subwf	___fldiv@rem^0,w,c
  2403   001A76  5015               	movf	(___fldiv@a+1)^0,w,c
  2404   001A78  581D               	subwfb	(___fldiv@rem+1)^0,w,c
  2405   001A7A  5016               	movf	(___fldiv@a+2)^0,w,c
  2406   001A7C  581E               	subwfb	(___fldiv@rem+2)^0,w,c
  2407   001A7E  5017               	movf	(___fldiv@a+3)^0,w,c
  2408   001A80  581F               	subwfb	(___fldiv@rem+3)^0,w,c
  2409   001A82  A0D8               	btfss	status,0,c
  2410   001A84  EF46  F00D         	goto	u4511
  2411   001A88  EF48  F00D         	goto	u4510
  2412   001A8C                     u4511:
  2413   001A8C  EF51  F00D         	goto	l5696
  2414   001A90                     u4510:
  2415   001A90  8C26               	bsf	(___fldiv@grs+3)^0,6,c
  2416   001A92  5014               	movf	___fldiv@a^0,w,c
  2417   001A94  5E1C               	subwf	___fldiv@rem^0,f,c
  2418   001A96  5015               	movf	(___fldiv@a+1)^0,w,c
  2419   001A98  5A1D               	subwfb	(___fldiv@rem+1)^0,f,c
  2420   001A9A  5016               	movf	(___fldiv@a+2)^0,w,c
  2421   001A9C  5A1E               	subwfb	(___fldiv@rem+2)^0,f,c
  2422   001A9E  5017               	movf	(___fldiv@a+3)^0,w,c
  2423   001AA0  5A1F               	subwfb	(___fldiv@rem+3)^0,f,c
  2424   001AA2                     l5696:
  2425   001AA2  2A28               	incf	___fldiv@aexp^0,f,c
  2426   001AA4                     l2240:
  2427   001AA4  0E19               	movlw	25
  2428   001AA6  6428               	cpfsgt	___fldiv@aexp^0,c
  2429   001AA8  EF58  F00D         	goto	u4521
  2430   001AAC  EF5A  F00D         	goto	u4520
  2431   001AB0                     u4521:
  2432   001AB0  EF1A  F00D         	goto	l5682
  2433   001AB4                     u4520:
  2434   001AB4  501C               	movf	___fldiv@rem^0,w,c
  2435   001AB6  101D               	iorwf	(___fldiv@rem+1)^0,w,c
  2436   001AB8  101E               	iorwf	(___fldiv@rem+2)^0,w,c
  2437   001ABA  101F               	iorwf	(___fldiv@rem+3)^0,w,c
  2438   001ABC  B4D8               	btfsc	status,2,c
  2439   001ABE  EF63  F00D         	goto	u4531
  2440   001AC2  EF65  F00D         	goto	u4530
  2441   001AC6                     u4531:
  2442   001AC6  EF7D  F00D         	goto	l5708
  2443   001ACA                     u4530:
  2444   001ACA  8023               	bsf	___fldiv@grs^0,0,c
  2445   001ACC  EF7D  F00D         	goto	l5708
  2446   001AD0                     l5702:
  2447   001AD0  90D8               	bcf	status,0,c
  2448   001AD2  3610               	rlcf	___fldiv@b^0,f,c
  2449   001AD4  3611               	rlcf	(___fldiv@b+1)^0,f,c
  2450   001AD6  3612               	rlcf	(___fldiv@b+2)^0,f,c
  2451   001AD8  3613               	rlcf	(___fldiv@b+3)^0,f,c
  2452   001ADA  AE26               	btfss	(___fldiv@grs+3)^0,7,c
  2453   001ADC  EF72  F00D         	goto	u4541
  2454   001AE0  EF74  F00D         	goto	u4540
  2455   001AE4                     u4541:
  2456   001AE4  EF75  F00D         	goto	l2249
  2457   001AE8                     u4540:
  2458   001AE8  8010               	bsf	___fldiv@b^0,0,c
  2459   001AEA                     l2249:
  2460   001AEA  90D8               	bcf	status,0,c
  2461   001AEC  3623               	rlcf	___fldiv@grs^0,f,c
  2462   001AEE  3624               	rlcf	(___fldiv@grs+1)^0,f,c
  2463   001AF0  3625               	rlcf	(___fldiv@grs+2)^0,f,c
  2464   001AF2  3626               	rlcf	(___fldiv@grs+3)^0,f,c
  2465   001AF4  0621               	decf	___fldiv@new_exp^0,f,c
  2466   001AF6  A0D8               	btfss	status,0,c
  2467   001AF8  0622               	decf	(___fldiv@new_exp+1)^0,f,c
  2468   001AFA                     l5708:
  2469   001AFA  AE12               	btfss	(___fldiv@b+2)^0,7,c
  2470   001AFC  EF82  F00D         	goto	u4551
  2471   001B00  EF84  F00D         	goto	u4550
  2472   001B04                     u4551:
  2473   001B04  EF68  F00D         	goto	l5702
  2474   001B08                     u4550:
  2475   001B08  0E00               	movlw	0
  2476   001B0A  6E28               	movwf	___fldiv@aexp^0,c
  2477   001B0C  AE26               	btfss	(___fldiv@grs+3)^0,7,c
  2478   001B0E  EF8B  F00D         	goto	u4561
  2479   001B12  EF8D  F00D         	goto	u4560
  2480   001B16                     u4561:
  2481   001B16  EFB1  F00D         	goto	l2251
  2482   001B1A                     u4560:
  2483   001B1A  0EFF               	movlw	255
  2484   001B1C  1423               	andwf	___fldiv@grs^0,w,c
  2485   001B1E  6E18               	movwf	??___fldiv^0,c
  2486   001B20  0EFF               	movlw	255
  2487   001B22  1424               	andwf	(___fldiv@grs+1)^0,w,c
  2488   001B24  6E19               	movwf	(??___fldiv+1)^0,c
  2489   001B26  0EFF               	movlw	255
  2490   001B28  1425               	andwf	(___fldiv@grs+2)^0,w,c
  2491   001B2A  6E1A               	movwf	(??___fldiv+2)^0,c
  2492   001B2C  0E7F               	movlw	127
  2493   001B2E  1426               	andwf	(___fldiv@grs+3)^0,w,c
  2494   001B30  6E1B               	movwf	(??___fldiv+3)^0,c
  2495   001B32  5018               	movf	??___fldiv^0,w,c
  2496   001B34  1019               	iorwf	(??___fldiv+1)^0,w,c
  2497   001B36  101A               	iorwf	(??___fldiv+2)^0,w,c
  2498   001B38  101B               	iorwf	(??___fldiv+3)^0,w,c
  2499   001B3A  B4D8               	btfsc	status,2,c
  2500   001B3C  EFA2  F00D         	goto	u4571
  2501   001B40  EFA4  F00D         	goto	u4570
  2502   001B44                     u4571:
  2503   001B44  EFA8  F00D         	goto	l2252
  2504   001B48                     u4570:
  2505   001B48                     l5716:
  2506   001B48  0E01               	movlw	1
  2507   001B4A  6E28               	movwf	___fldiv@aexp^0,c
  2508   001B4C  EFB1  F00D         	goto	l2251
  2509   001B50                     l2252:
  2510   001B50  A010               	btfss	___fldiv@b^0,0,c
  2511   001B52  EFAD  F00D         	goto	u4581
  2512   001B56  EFAF  F00D         	goto	u4580
  2513   001B5A                     u4581:
  2514   001B5A  EFB1  F00D         	goto	l2251
  2515   001B5E                     u4580:
  2516   001B5E  EFA4  F00D         	goto	l5716
  2517   001B62                     l2251:
  2518   001B62  5028               	movf	___fldiv@aexp^0,w,c
  2519   001B64  B4D8               	btfsc	status,2,c
  2520   001B66  EFB7  F00D         	goto	u4591
  2521   001B6A  EFB9  F00D         	goto	u4590
  2522   001B6E                     u4591:
  2523   001B6E  EFDD  F00D         	goto	l5728
  2524   001B72                     u4590:
  2525   001B72  0E01               	movlw	1
  2526   001B74  2610               	addwf	___fldiv@b^0,f,c
  2527   001B76  0E00               	movlw	0
  2528   001B78  2211               	addwfc	(___fldiv@b+1)^0,f,c
  2529   001B7A  2212               	addwfc	(___fldiv@b+2)^0,f,c
  2530   001B7C  2213               	addwfc	(___fldiv@b+3)^0,f,c
  2531   001B7E  A013               	btfss	(___fldiv@b+3)^0,0,c
  2532   001B80  EFC4  F00D         	goto	u4601
  2533   001B84  EFC6  F00D         	goto	u4600
  2534   001B88                     u4601:
  2535   001B88  EFDD  F00D         	goto	l5728
  2536   001B8C                     u4600:
  2537   001B8C  C010  F018         	movff	___fldiv@b,??___fldiv
  2538   001B90  C011  F019         	movff	___fldiv@b+1,??___fldiv+1
  2539   001B94  C012  F01A         	movff	___fldiv@b+2,??___fldiv+2
  2540   001B98  C013  F01B         	movff	___fldiv@b+3,??___fldiv+3
  2541   001B9C  341B               	rlcf	(??___fldiv+3)^0,w,c
  2542   001B9E  321B               	rrcf	(??___fldiv+3)^0,f,c
  2543   001BA0  321A               	rrcf	(??___fldiv+2)^0,f,c
  2544   001BA2  3219               	rrcf	(??___fldiv+1)^0,f,c
  2545   001BA4  3218               	rrcf	??___fldiv^0,f,c
  2546   001BA6  C018  F010         	movff	??___fldiv,___fldiv@b
  2547   001BAA  C019  F011         	movff	??___fldiv+1,___fldiv@b+1
  2548   001BAE  C01A  F012         	movff	??___fldiv+2,___fldiv@b+2
  2549   001BB2  C01B  F013         	movff	??___fldiv+3,___fldiv@b+3
  2550   001BB6  4A21               	infsnz	___fldiv@new_exp^0,f,c
  2551   001BB8  2A22               	incf	(___fldiv@new_exp+1)^0,f,c
  2552   001BBA                     l5728:
  2553   001BBA  BE22               	btfsc	(___fldiv@new_exp+1)^0,7,c
  2554   001BBC  EFE8  F00D         	goto	u4611
  2555   001BC0  5022               	movf	(___fldiv@new_exp+1)^0,w,c
  2556   001BC2  E108               	bnz	u4610
  2557   001BC4  2821               	incf	___fldiv@new_exp^0,w,c
  2558   001BC6  A0D8               	btfss	status,0,c
  2559   001BC8  EFE8  F00D         	goto	u4611
  2560   001BCC  EFEA  F00D         	goto	u4610
  2561   001BD0                     u4611:
  2562   001BD0  EFF5  F00D         	goto	l5732
  2563   001BD4                     u4610:
  2564   001BD4  0E00               	movlw	0
  2565   001BD6  6E22               	movwf	(___fldiv@new_exp+1)^0,c
  2566   001BD8  6821               	setf	___fldiv@new_exp^0,c
  2567   001BDA  0E00               	movlw	0
  2568   001BDC  6E10               	movwf	___fldiv@b^0,c
  2569   001BDE  0E00               	movlw	0
  2570   001BE0  6E11               	movwf	(___fldiv@b+1)^0,c
  2571   001BE2  0E00               	movlw	0
  2572   001BE4  6E12               	movwf	(___fldiv@b+2)^0,c
  2573   001BE6  0E00               	movlw	0
  2574   001BE8  6E13               	movwf	(___fldiv@b+3)^0,c
  2575   001BEA                     l5732:
  2576   001BEA  BE22               	btfsc	(___fldiv@new_exp+1)^0,7,c
  2577   001BEC  EF02  F00E         	goto	u4620
  2578   001BF0  5022               	movf	(___fldiv@new_exp+1)^0,w,c
  2579   001BF2  E106               	bnz	u4621
  2580   001BF4  0421               	decf	___fldiv@new_exp^0,w,c
  2581   001BF6  B0D8               	btfsc	status,0,c
  2582   001BF8  EF00  F00E         	goto	u4621
  2583   001BFC  EF02  F00E         	goto	u4620
  2584   001C00                     u4621:
  2585   001C00  EF10  F00E         	goto	l5736
  2586   001C04                     u4620:
  2587   001C04  0E00               	movlw	0
  2588   001C06  6E22               	movwf	(___fldiv@new_exp+1)^0,c
  2589   001C08  0E00               	movlw	0
  2590   001C0A  6E21               	movwf	___fldiv@new_exp^0,c
  2591   001C0C  0E00               	movlw	0
  2592   001C0E  6E10               	movwf	___fldiv@b^0,c
  2593   001C10  0E00               	movlw	0
  2594   001C12  6E11               	movwf	(___fldiv@b+1)^0,c
  2595   001C14  0E00               	movlw	0
  2596   001C16  6E12               	movwf	(___fldiv@b+2)^0,c
  2597   001C18  0E00               	movlw	0
  2598   001C1A  6E13               	movwf	(___fldiv@b+3)^0,c
  2599   001C1C  0E00               	movlw	0
  2600   001C1E  6E20               	movwf	___fldiv@sign^0,c
  2601   001C20                     l5736:
  2602   001C20  C021  F027         	movff	___fldiv@new_exp,___fldiv@bexp
  2603   001C24  A027               	btfss	___fldiv@bexp^0,0,c
  2604   001C26  EF17  F00E         	goto	u4631
  2605   001C2A  EF19  F00E         	goto	u4630
  2606   001C2E                     u4631:
  2607   001C2E  EF1C  F00E         	goto	l5742
  2608   001C32                     u4630:
  2609   001C32  8E12               	bsf	(___fldiv@b+2)^0,7,c
  2610   001C34  EF1D  F00E         	goto	l5744
  2611   001C38                     l5742:
  2612   001C38  9E12               	bcf	(___fldiv@b+2)^0,7,c
  2613   001C3A                     l5744:
  2614   001C3A  90D8               	bcf	status,0,c
  2615   001C3C  3027               	rrcf	___fldiv@bexp^0,w,c
  2616   001C3E  6E13               	movwf	(___fldiv@b+3)^0,c
  2617   001C40  EFD3  F00C         	goto	l5658
  2618   001C44                     l2238:
  2619   001C44  0012               	return		;funcret
  2620   001C46                     __end_of___fldiv:
  2621                           	callstack 0
  2622                           
  2623 ;; *************** function ___fladd *****************
  2624 ;; Defined at:
  2625 ;;		line 10 in file "C:\Program Files\Microchip\xc8\v2.45\pic\sources\c99\common\sprcadd.c"
  2626 ;; Parameters:    Size  Location     Type
  2627 ;;  b               4   40[COMRAM] unsigned char 
  2628 ;;  a               4   44[COMRAM] unsigned char 
  2629 ;; Auto vars:     Size  Location     Type
  2630 ;;  grs             1   55[COMRAM] unsigned char 
  2631 ;;  bexp            1   54[COMRAM] unsigned char 
  2632 ;;  aexp            1   53[COMRAM] unsigned char 
  2633 ;;  signs           1   52[COMRAM] unsigned char 
  2634 ;; Return value:  Size  Location     Type
  2635 ;;                  4   40[COMRAM] unsigned char 
  2636 ;; Registers used:
  2637 ;;		wreg, status,2, status,0
  2638 ;; Tracked objects:
  2639 ;;		On entry : 0/0
  2640 ;;		On exit  : 0/0
  2641 ;;		Unchanged: 0/0
  2642 ;; Data sizes:     COMRAM   BANK0   BANK1   BANK2   BANK3   BANK4   BANK5   BANK6   BANK7   BANK8   BANK9  BANK10  BANK1
      +1  BANK12  BANK13  BANK14  BANK15
  2643 ;;      Params:         8       0       0       0       0       0       0       0       0       0       0       0       
      +0       0       0       0       0
  2644 ;;      Locals:         4       0       0       0       0       0       0       0       0       0       0       0       
      +0       0       0       0       0
  2645 ;;      Temps:          4       0       0       0       0       0       0       0       0       0       0       0       
      +0       0       0       0       0
  2646 ;;      Totals:        16       0       0       0       0       0       0       0       0       0       0       0       
      +0       0       0       0       0
  2647 ;;Total ram usage:       16 bytes
  2648 ;; Hardware stack levels used: 1
  2649 ;; Hardware stack levels required when called: 2
  2650 ;; This function calls:
  2651 ;;		Nothing
  2652 ;; This function is called by:
  2653 ;;		_I2C_Master_Mode_Clock_Configurations
  2654 ;;		_EUSART_Baud_Rate_Calculation
  2655 ;; This function uses a non-reentrant model
  2656 ;;
  2657                           
  2658                           	psect	text14
  2659   001006                     __ptext14:
  2660                           	callstack 0
  2661   001006                     ___fladd:
  2662                           	callstack 26
  2663   001006  502C               	movf	(___fladd@b+3)^0,w,c
  2664   001008  0B80               	andlw	128
  2665   00100A  6E35               	movwf	___fladd@signs^0,c
  2666   00100C  502C               	movf	(___fladd@b+3)^0,w,c
  2667   00100E  242C               	addwf	(___fladd@b+3)^0,w,c
  2668   001010  6E37               	movwf	___fladd@bexp^0,c
  2669   001012  AE2B               	btfss	(___fladd@b+2)^0,7,c
  2670   001014  EF0E  F008         	goto	u4021
  2671   001018  EF10  F008         	goto	u4020
  2672   00101C                     u4021:
  2673   00101C  EF11  F008         	goto	l5418
  2674   001020                     u4020:
  2675   001020  8037               	bsf	___fladd@bexp^0,0,c
  2676   001022                     l5418:
  2677   001022  5037               	movf	___fladd@bexp^0,w,c
  2678   001024  B4D8               	btfsc	status,2,c
  2679   001026  EF17  F008         	goto	u4031
  2680   00102A  EF19  F008         	goto	u4030
  2681   00102E                     u4031:
  2682   00102E  EF2E  F008         	goto	l5428
  2683   001032                     u4030:
  2684   001032  2837               	incf	___fladd@bexp^0,w,c
  2685   001034  A4D8               	btfss	status,2,c
  2686   001036  EF1F  F008         	goto	u4041
  2687   00103A  EF21  F008         	goto	u4040
  2688   00103E                     u4041:
  2689   00103E  EF29  F008         	goto	l5424
  2690   001042                     u4040:
  2691   001042  0E00               	movlw	0
  2692   001044  6E29               	movwf	___fladd@b^0,c
  2693   001046  0E00               	movlw	0
  2694   001048  6E2A               	movwf	(___fladd@b+1)^0,c
  2695   00104A  0E00               	movlw	0
  2696   00104C  6E2B               	movwf	(___fladd@b+2)^0,c
  2697   00104E  0E00               	movlw	0
  2698   001050  6E2C               	movwf	(___fladd@b+3)^0,c
  2699   001052                     l5424:
  2700   001052  8E2B               	bsf	(___fladd@b+2)^0,7,c
  2701   001054  0E00               	movlw	0
  2702   001056  6E2C               	movwf	(___fladd@b+3)^0,c
  2703   001058  EF36  F008         	goto	l5430
  2704   00105C                     l5428:
  2705   00105C  0E00               	movlw	0
  2706   00105E  6E29               	movwf	___fladd@b^0,c
  2707   001060  0E00               	movlw	0
  2708   001062  6E2A               	movwf	(___fladd@b+1)^0,c
  2709   001064  0E00               	movlw	0
  2710   001066  6E2B               	movwf	(___fladd@b+2)^0,c
  2711   001068  0E00               	movlw	0
  2712   00106A  6E2C               	movwf	(___fladd@b+3)^0,c
  2713   00106C                     l5430:
  2714   00106C  5030               	movf	(___fladd@a+3)^0,w,c
  2715   00106E  0B80               	andlw	128
  2716   001070  6E36               	movwf	___fladd@aexp^0,c
  2717   001072  5035               	movf	___fladd@signs^0,w,c
  2718   001074  1836               	xorwf	___fladd@aexp^0,w,c
  2719   001076  B4D8               	btfsc	status,2,c
  2720   001078  EF40  F008         	goto	u4051
  2721   00107C  EF42  F008         	goto	u4050
  2722   001080                     u4051:
  2723   001080  EF43  F008         	goto	l5436
  2724   001084                     u4050:
  2725   001084  8C35               	bsf	___fladd@signs^0,6,c
  2726   001086                     l5436:
  2727   001086  5030               	movf	(___fladd@a+3)^0,w,c
  2728   001088  2430               	addwf	(___fladd@a+3)^0,w,c
  2729   00108A  6E36               	movwf	___fladd@aexp^0,c
  2730   00108C  AE2F               	btfss	(___fladd@a+2)^0,7,c
  2731   00108E  EF4B  F008         	goto	u4061
  2732   001092  EF4D  F008         	goto	u4060
  2733   001096                     u4061:
  2734   001096  EF4E  F008         	goto	l5442
  2735   00109A                     u4060:
  2736   00109A  8036               	bsf	___fladd@aexp^0,0,c
  2737   00109C                     l5442:
  2738   00109C  5036               	movf	___fladd@aexp^0,w,c
  2739   00109E  B4D8               	btfsc	status,2,c
  2740   0010A0  EF54  F008         	goto	u4071
  2741   0010A4  EF56  F008         	goto	u4070
  2742   0010A8                     u4071:
  2743   0010A8  EF6B  F008         	goto	l5452
  2744   0010AC                     u4070:
  2745   0010AC  2836               	incf	___fladd@aexp^0,w,c
  2746   0010AE  A4D8               	btfss	status,2,c
  2747   0010B0  EF5C  F008         	goto	u4081
  2748   0010B4  EF5E  F008         	goto	u4080
  2749   0010B8                     u4081:
  2750   0010B8  EF66  F008         	goto	l5448
  2751   0010BC                     u4080:
  2752   0010BC  0E00               	movlw	0
  2753   0010BE  6E2D               	movwf	___fladd@a^0,c
  2754   0010C0  0E00               	movlw	0
  2755   0010C2  6E2E               	movwf	(___fladd@a+1)^0,c
  2756   0010C4  0E00               	movlw	0
  2757   0010C6  6E2F               	movwf	(___fladd@a+2)^0,c
  2758   0010C8  0E00               	movlw	0
  2759   0010CA  6E30               	movwf	(___fladd@a+3)^0,c
  2760   0010CC                     l5448:
  2761   0010CC  8E2F               	bsf	(___fladd@a+2)^0,7,c
  2762   0010CE  0E00               	movlw	0
  2763   0010D0  6E30               	movwf	(___fladd@a+3)^0,c
  2764   0010D2  EF73  F008         	goto	l5454
  2765   0010D6                     l5452:
  2766   0010D6  0E00               	movlw	0
  2767   0010D8  6E2D               	movwf	___fladd@a^0,c
  2768   0010DA  0E00               	movlw	0
  2769   0010DC  6E2E               	movwf	(___fladd@a+1)^0,c
  2770   0010DE  0E00               	movlw	0
  2771   0010E0  6E2F               	movwf	(___fladd@a+2)^0,c
  2772   0010E2  0E00               	movlw	0
  2773   0010E4  6E30               	movwf	(___fladd@a+3)^0,c
  2774   0010E6                     l5454:
  2775   0010E6  5037               	movf	___fladd@bexp^0,w,c
  2776   0010E8  5C36               	subwf	___fladd@aexp^0,w,c
  2777   0010EA  B0D8               	btfsc	status,0,c
  2778   0010EC  EF7A  F008         	goto	u4091
  2779   0010F0  EF7C  F008         	goto	u4090
  2780   0010F4                     u4091:
  2781   0010F4  EFA3  F008         	goto	l5490
  2782   0010F8                     u4090:
  2783   0010F8  AC35               	btfss	___fladd@signs^0,6,c
  2784   0010FA  EF81  F008         	goto	u4101
  2785   0010FE  EF83  F008         	goto	u4100
  2786   001102                     u4101:
  2787   001102  EF85  F008         	goto	l5460
  2788   001106                     u4100:
  2789   001106  0E80               	movlw	128
  2790   001108  1A35               	xorwf	___fladd@signs^0,f,c
  2791   00110A                     l5460:
  2792   00110A  C037  F038         	movff	___fladd@bexp,___fladd@grs
  2793   00110E  C036  F037         	movff	___fladd@aexp,___fladd@bexp
  2794   001112  C038  F036         	movff	___fladd@grs,___fladd@aexp
  2795   001116  C029  F038         	movff	___fladd@b,___fladd@grs
  2796   00111A  C02D  F029         	movff	___fladd@a,___fladd@b
  2797   00111E  C038  F02D         	movff	___fladd@grs,___fladd@a
  2798   001122  C02A  F038         	movff	___fladd@b+1,___fladd@grs
  2799   001126  C02E  F02A         	movff	___fladd@a+1,___fladd@b+1
  2800   00112A  C038  F02E         	movff	___fladd@grs,___fladd@a+1
  2801   00112E  C02B  F038         	movff	___fladd@b+2,___fladd@grs
  2802   001132  C02F  F02B         	movff	___fladd@a+2,___fladd@b+2
  2803   001136  C038  F02F         	movff	___fladd@grs,___fladd@a+2
  2804   00113A  C02C  F038         	movff	___fladd@b+3,___fladd@grs
  2805   00113E  C030  F02C         	movff	___fladd@a+3,___fladd@b+3
  2806   001142  C038  F030         	movff	___fladd@grs,___fladd@a+3
  2807   001146                     l5490:
  2808   001146  0E00               	movlw	0
  2809   001148  6E38               	movwf	___fladd@grs^0,c
  2810   00114A  5037               	movf	___fladd@bexp^0,w,c
  2811   00114C  C036  F031         	movff	___fladd@aexp,??___fladd
  2812   001150  6A32               	clrf	(??___fladd+1)^0,c
  2813   001152  5E31               	subwf	??___fladd^0,f,c
  2814   001154  0E00               	movlw	0
  2815   001156  5A32               	subwfb	(??___fladd+1)^0,f,c
  2816   001158  BE32               	btfsc	(??___fladd+1)^0,7,c
  2817   00115A  EFB8  F008         	goto	u4111
  2818   00115E  5032               	movf	(??___fladd+1)^0,w,c
  2819   001160  E109               	bnz	u4110
  2820   001162  0E1A               	movlw	26
  2821   001164  5C31               	subwf	??___fladd^0,w,c
  2822   001166  A0D8               	btfss	status,0,c
  2823   001168  EFB8  F008         	goto	u4111
  2824   00116C  EFBA  F008         	goto	u4110
  2825   001170                     u4111:
  2826   001170  EFF1  F008         	goto	l2185
  2827   001174                     u4110:
  2828   001174  5029               	movf	___fladd@b^0,w,c
  2829   001176  102A               	iorwf	(___fladd@b+1)^0,w,c
  2830   001178  102B               	iorwf	(___fladd@b+2)^0,w,c
  2831   00117A  102C               	iorwf	(___fladd@b+3)^0,w,c
  2832   00117C  A4D8               	btfss	status,2,c
  2833   00117E  EFC3  F008         	goto	u4121
  2834   001182  EFC6  F008         	goto	u4120
  2835   001186                     u4121:
  2836   001186  0E01               	movlw	1
  2837   001188  EFC7  F008         	goto	u4130
  2838   00118C                     u4120:
  2839   00118C  0E00               	movlw	0
  2840   00118E                     u4130:
  2841   00118E  6E38               	movwf	___fladd@grs^0,c
  2842   001190  0E00               	movlw	0
  2843   001192  6E29               	movwf	___fladd@b^0,c
  2844   001194  0E00               	movlw	0
  2845   001196  6E2A               	movwf	(___fladd@b+1)^0,c
  2846   001198  0E00               	movlw	0
  2847   00119A  6E2B               	movwf	(___fladd@b+2)^0,c
  2848   00119C  0E00               	movlw	0
  2849   00119E  6E2C               	movwf	(___fladd@b+3)^0,c
  2850   0011A0  C036  F037         	movff	___fladd@aexp,___fladd@bexp
  2851   0011A4  EFFA  F008         	goto	l2184
  2852   0011A8                     l2186:
  2853   0011A8  A038               	btfss	___fladd@grs^0,0,c
  2854   0011AA  EFD9  F008         	goto	u4141
  2855   0011AE  EFDB  F008         	goto	u4140
  2856   0011B2                     u4141:
  2857   0011B2  EFE1  F008         	goto	l5502
  2858   0011B6                     u4140:
  2859   0011B6  90D8               	bcf	status,0,c
  2860   0011B8  3038               	rrcf	___fladd@grs^0,w,c
  2861   0011BA  0901               	iorlw	1
  2862   0011BC  6E38               	movwf	___fladd@grs^0,c
  2863   0011BE  EFE3  F008         	goto	l5504
  2864   0011C2                     l5502:
  2865   0011C2  90D8               	bcf	status,0,c
  2866   0011C4  3238               	rrcf	___fladd@grs^0,f,c
  2867   0011C6                     l5504:
  2868   0011C6  A029               	btfss	___fladd@b^0,0,c
  2869   0011C8  EFE8  F008         	goto	u4151
  2870   0011CC  EFEA  F008         	goto	u4150
  2871   0011D0                     u4151:
  2872   0011D0  EFEB  F008         	goto	l5508
  2873   0011D4                     u4150:
  2874   0011D4  8E38               	bsf	___fladd@grs^0,7,c
  2875   0011D6                     l5508:
  2876   0011D6  342C               	rlcf	(___fladd@b+3)^0,w,c
  2877   0011D8  322C               	rrcf	(___fladd@b+3)^0,f,c
  2878   0011DA  322B               	rrcf	(___fladd@b+2)^0,f,c
  2879   0011DC  322A               	rrcf	(___fladd@b+1)^0,f,c
  2880   0011DE  3229               	rrcf	___fladd@b^0,f,c
  2881   0011E0  2A37               	incf	___fladd@bexp^0,f,c
  2882   0011E2                     l2185:
  2883   0011E2  5036               	movf	___fladd@aexp^0,w,c
  2884   0011E4  5C37               	subwf	___fladd@bexp^0,w,c
  2885   0011E6  A0D8               	btfss	status,0,c
  2886   0011E8  EFF8  F008         	goto	u4161
  2887   0011EC  EFFA  F008         	goto	u4160
  2888   0011F0                     u4161:
  2889   0011F0  EFD4  F008         	goto	l2186
  2890   0011F4                     u4160:
  2891   0011F4                     l2184:
  2892   0011F4  BC35               	btfsc	___fladd@signs^0,6,c
  2893   0011F6  EFFF  F008         	goto	u4171
  2894   0011FA  EF01  F009         	goto	u4170
  2895   0011FE                     u4171:
  2896   0011FE  EF41  F009         	goto	l5536
  2897   001202                     u4170:
  2898   001202  5037               	movf	___fladd@bexp^0,w,c
  2899   001204  A4D8               	btfss	status,2,c
  2900   001206  EF07  F009         	goto	u4181
  2901   00120A  EF09  F009         	goto	u4180
  2902   00120E                     u4181:
  2903   00120E  EF13  F009         	goto	l5518
  2904   001212                     u4180:
  2905   001212  0E00               	movlw	0
  2906   001214  6E29               	movwf	?___fladd^0,c
  2907   001216  0E00               	movlw	0
  2908   001218  6E2A               	movwf	(?___fladd+1)^0,c
  2909   00121A  0E00               	movlw	0
  2910   00121C  6E2B               	movwf	(?___fladd+2)^0,c
  2911   00121E  0E00               	movlw	0
  2912   001220  6E2C               	movwf	(?___fladd+3)^0,c
  2913   001222  EF62  F00A         	goto	l2193
  2914   001226                     l5518:
  2915   001226  502D               	movf	___fladd@a^0,w,c
  2916   001228  2629               	addwf	___fladd@b^0,f,c
  2917   00122A  502E               	movf	(___fladd@a+1)^0,w,c
  2918   00122C  222A               	addwfc	(___fladd@b+1)^0,f,c
  2919   00122E  502F               	movf	(___fladd@a+2)^0,w,c
  2920   001230  222B               	addwfc	(___fladd@b+2)^0,f,c
  2921   001232  5030               	movf	(___fladd@a+3)^0,w,c
  2922   001234  222C               	addwfc	(___fladd@b+3)^0,f,c
  2923   001236  A02C               	btfss	(___fladd@b+3)^0,0,c
  2924   001238  EF20  F009         	goto	u4191
  2925   00123C  EF22  F009         	goto	u4190
  2926   001240                     u4191:
  2927   001240  EFCE  F009         	goto	l5572
  2928   001244                     u4190:
  2929   001244  A038               	btfss	___fladd@grs^0,0,c
  2930   001246  EF27  F009         	goto	u4201
  2931   00124A  EF29  F009         	goto	u4200
  2932   00124E                     u4201:
  2933   00124E  EF2F  F009         	goto	l5526
  2934   001252                     u4200:
  2935   001252  90D8               	bcf	status,0,c
  2936   001254  3038               	rrcf	___fladd@grs^0,w,c
  2937   001256  0901               	iorlw	1
  2938   001258  6E38               	movwf	___fladd@grs^0,c
  2939   00125A  EF31  F009         	goto	l5528
  2940   00125E                     l5526:
  2941   00125E  90D8               	bcf	status,0,c
  2942   001260  3238               	rrcf	___fladd@grs^0,f,c
  2943   001262                     l5528:
  2944   001262  A029               	btfss	___fladd@b^0,0,c
  2945   001264  EF36  F009         	goto	u4211
  2946   001268  EF38  F009         	goto	u4210
  2947   00126C                     u4211:
  2948   00126C  EF39  F009         	goto	l5532
  2949   001270                     u4210:
  2950   001270  8E38               	bsf	___fladd@grs^0,7,c
  2951   001272                     l5532:
  2952   001272  342C               	rlcf	(___fladd@b+3)^0,w,c
  2953   001274  322C               	rrcf	(___fladd@b+3)^0,f,c
  2954   001276  322B               	rrcf	(___fladd@b+2)^0,f,c
  2955   001278  322A               	rrcf	(___fladd@b+1)^0,f,c
  2956   00127A  3229               	rrcf	___fladd@b^0,f,c
  2957   00127C  2A37               	incf	___fladd@bexp^0,f,c
  2958   00127E  EFCE  F009         	goto	l5572
  2959   001282                     l5536:
  2960   001282  502D               	movf	___fladd@a^0,w,c
  2961   001284  5C29               	subwf	___fladd@b^0,w,c
  2962   001286  502E               	movf	(___fladd@a+1)^0,w,c
  2963   001288  582A               	subwfb	(___fladd@b+1)^0,w,c
  2964   00128A  502F               	movf	(___fladd@a+2)^0,w,c
  2965   00128C  582B               	subwfb	(___fladd@b+2)^0,w,c
  2966   00128E  502C               	movf	(___fladd@b+3)^0,w,c
  2967   001290  0A80               	xorlw	128
  2968   001292  6E31               	movwf	??___fladd^0,c
  2969   001294  5030               	movf	(___fladd@a+3)^0,w,c
  2970   001296  0A80               	xorlw	128
  2971   001298  5831               	subwfb	??___fladd^0,w,c
  2972   00129A  B0D8               	btfsc	status,0,c
  2973   00129C  EF52  F009         	goto	u4221
  2974   0012A0  EF54  F009         	goto	u4220
  2975   0012A4                     u4221:
  2976   0012A4  EF7F  F009         	goto	l5546
  2977   0012A8                     u4220:
  2978   0012A8  5029               	movf	___fladd@b^0,w,c
  2979   0012AA  5C2D               	subwf	___fladd@a^0,w,c
  2980   0012AC  6E31               	movwf	??___fladd^0,c
  2981   0012AE  502A               	movf	(___fladd@b+1)^0,w,c
  2982   0012B0  582E               	subwfb	(___fladd@a+1)^0,w,c
  2983   0012B2  6E32               	movwf	(??___fladd+1)^0,c
  2984   0012B4  502B               	movf	(___fladd@b+2)^0,w,c
  2985   0012B6  582F               	subwfb	(___fladd@a+2)^0,w,c
  2986   0012B8  6E33               	movwf	(??___fladd+2)^0,c
  2987   0012BA  502C               	movf	(___fladd@b+3)^0,w,c
  2988   0012BC  5830               	subwfb	(___fladd@a+3)^0,w,c
  2989   0012BE  6E34               	movwf	(??___fladd+3)^0,c
  2990   0012C0  0EFF               	movlw	255
  2991   0012C2  2431               	addwf	??___fladd^0,w,c
  2992   0012C4  6E29               	movwf	___fladd@b^0,c
  2993   0012C6  0EFF               	movlw	255
  2994   0012C8  2032               	addwfc	(??___fladd+1)^0,w,c
  2995   0012CA  6E2A               	movwf	(___fladd@b+1)^0,c
  2996   0012CC  0EFF               	movlw	255
  2997   0012CE  2033               	addwfc	(??___fladd+2)^0,w,c
  2998   0012D0  6E2B               	movwf	(___fladd@b+2)^0,c
  2999   0012D2  0EFF               	movlw	255
  3000   0012D4  2034               	addwfc	(??___fladd+3)^0,w,c
  3001   0012D6  6E2C               	movwf	(___fladd@b+3)^0,c
  3002   0012D8  0E80               	movlw	128
  3003   0012DA  1A35               	xorwf	___fladd@signs^0,f,c
  3004   0012DC  6C38               	negf	___fladd@grs^0,c
  3005   0012DE  5038               	movf	___fladd@grs^0,w,c
  3006   0012E0  A4D8               	btfss	status,2,c
  3007   0012E2  EF75  F009         	goto	u4231
  3008   0012E6  EF77  F009         	goto	u4230
  3009   0012EA                     u4231:
  3010   0012EA  EF87  F009         	goto	l2201
  3011   0012EE                     u4230:
  3012   0012EE  0E01               	movlw	1
  3013   0012F0  2629               	addwf	___fladd@b^0,f,c
  3014   0012F2  0E00               	movlw	0
  3015   0012F4  222A               	addwfc	(___fladd@b+1)^0,f,c
  3016   0012F6  222B               	addwfc	(___fladd@b+2)^0,f,c
  3017   0012F8  222C               	addwfc	(___fladd@b+3)^0,f,c
  3018   0012FA  EF87  F009         	goto	l2201
  3019   0012FE                     l5546:
  3020   0012FE  502D               	movf	___fladd@a^0,w,c
  3021   001300  5E29               	subwf	___fladd@b^0,f,c
  3022   001302  502E               	movf	(___fladd@a+1)^0,w,c
  3023   001304  5A2A               	subwfb	(___fladd@b+1)^0,f,c
  3024   001306  502F               	movf	(___fladd@a+2)^0,w,c
  3025   001308  5A2B               	subwfb	(___fladd@b+2)^0,f,c
  3026   00130A  5030               	movf	(___fladd@a+3)^0,w,c
  3027   00130C  5A2C               	subwfb	(___fladd@b+3)^0,f,c
  3028   00130E                     l2201:
  3029   00130E  5029               	movf	___fladd@b^0,w,c
  3030   001310  102A               	iorwf	(___fladd@b+1)^0,w,c
  3031   001312  102B               	iorwf	(___fladd@b+2)^0,w,c
  3032   001314  102C               	iorwf	(___fladd@b+3)^0,w,c
  3033   001316  A4D8               	btfss	status,2,c
  3034   001318  EF90  F009         	goto	u4241
  3035   00131C  EF92  F009         	goto	u4240
  3036   001320                     u4241:
  3037   001320  EFC7  F009         	goto	l5570
  3038   001324                     u4240:
  3039   001324  5038               	movf	___fladd@grs^0,w,c
  3040   001326  A4D8               	btfss	status,2,c
  3041   001328  EF98  F009         	goto	u4251
  3042   00132C  EF9A  F009         	goto	u4250
  3043   001330                     u4251:
  3044   001330  EFC7  F009         	goto	l5570
  3045   001334                     u4250:
  3046   001334  0E00               	movlw	0
  3047   001336  6E29               	movwf	?___fladd^0,c
  3048   001338  0E00               	movlw	0
  3049   00133A  6E2A               	movwf	(?___fladd+1)^0,c
  3050   00133C  0E00               	movlw	0
  3051   00133E  6E2B               	movwf	(?___fladd+2)^0,c
  3052   001340  0E00               	movlw	0
  3053   001342  6E2C               	movwf	(?___fladd+3)^0,c
  3054   001344  EF62  F00A         	goto	l2193
  3055   001348                     l5554:
  3056   001348  90D8               	bcf	status,0,c
  3057   00134A  3629               	rlcf	___fladd@b^0,f,c
  3058   00134C  362A               	rlcf	(___fladd@b+1)^0,f,c
  3059   00134E  362B               	rlcf	(___fladd@b+2)^0,f,c
  3060   001350  362C               	rlcf	(___fladd@b+3)^0,f,c
  3061   001352  AE38               	btfss	___fladd@grs^0,7,c
  3062   001354  EFAE  F009         	goto	u4261
  3063   001358  EFB0  F009         	goto	u4260
  3064   00135C                     u4261:
  3065   00135C  EFB1  F009         	goto	l5560
  3066   001360                     u4260:
  3067   001360  8029               	bsf	___fladd@b^0,0,c
  3068   001362                     l5560:
  3069   001362  A038               	btfss	___fladd@grs^0,0,c
  3070   001364  EFB6  F009         	goto	u4271
  3071   001368  EFB8  F009         	goto	u4270
  3072   00136C                     u4271:
  3073   00136C  EFBC  F009         	goto	l5564
  3074   001370                     u4270:
  3075   001370  80D8               	bsf	status,0,c
  3076   001372  3638               	rlcf	___fladd@grs^0,f,c
  3077   001374  EFBE  F009         	goto	l5566
  3078   001378                     l5564:
  3079   001378  90D8               	bcf	status,0,c
  3080   00137A  3638               	rlcf	___fladd@grs^0,f,c
  3081   00137C                     l5566:
  3082   00137C  5037               	movf	___fladd@bexp^0,w,c
  3083   00137E  B4D8               	btfsc	status,2,c
  3084   001380  EFC4  F009         	goto	u4281
  3085   001384  EFC6  F009         	goto	u4280
  3086   001388                     u4281:
  3087   001388  EFC7  F009         	goto	l5570
  3088   00138C                     u4280:
  3089   00138C  0637               	decf	___fladd@bexp^0,f,c
  3090   00138E                     l5570:
  3091   00138E  AE2B               	btfss	(___fladd@b+2)^0,7,c
  3092   001390  EFCC  F009         	goto	u4291
  3093   001394  EFCE  F009         	goto	u4290
  3094   001398                     u4291:
  3095   001398  EFA4  F009         	goto	l5554
  3096   00139C                     u4290:
  3097   00139C                     l5572:
  3098   00139C  0E00               	movlw	0
  3099   00139E  6E36               	movwf	___fladd@aexp^0,c
  3100   0013A0  AE38               	btfss	___fladd@grs^0,7,c
  3101   0013A2  EFD5  F009         	goto	u4301
  3102   0013A6  EFD7  F009         	goto	u4300
  3103   0013AA                     u4301:
  3104   0013AA  EFEF  F009         	goto	l2210
  3105   0013AE                     u4300:
  3106   0013AE  C038  F031         	movff	___fladd@grs,??___fladd
  3107   0013B2  0E7F               	movlw	127
  3108   0013B4  1631               	andwf	??___fladd^0,f,c
  3109   0013B6  B4D8               	btfsc	status,2,c
  3110   0013B8  EFE0  F009         	goto	u4311
  3111   0013BC  EFE2  F009         	goto	u4310
  3112   0013C0                     u4311:
  3113   0013C0  EFE6  F009         	goto	l2211
  3114   0013C4                     u4310:
  3115   0013C4                     l5578:
  3116   0013C4  0E01               	movlw	1
  3117   0013C6  6E36               	movwf	___fladd@aexp^0,c
  3118   0013C8  EFEF  F009         	goto	l2210
  3119   0013CC                     l2211:
  3120   0013CC  A029               	btfss	___fladd@b^0,0,c
  3121   0013CE  EFEB  F009         	goto	u4321
  3122   0013D2  EFED  F009         	goto	u4320
  3123   0013D6                     u4321:
  3124   0013D6  EFEF  F009         	goto	l2210
  3125   0013DA                     u4320:
  3126   0013DA  EFE2  F009         	goto	l5578
  3127   0013DE                     l2210:
  3128   0013DE  5036               	movf	___fladd@aexp^0,w,c
  3129   0013E0  B4D8               	btfsc	status,2,c
  3130   0013E2  EFF5  F009         	goto	u4331
  3131   0013E6  EFF7  F009         	goto	u4330
  3132   0013EA                     u4331:
  3133   0013EA  EF22  F00A         	goto	l5590
  3134   0013EE                     u4330:
  3135   0013EE  0E01               	movlw	1
  3136   0013F0  2629               	addwf	___fladd@b^0,f,c
  3137   0013F2  0E00               	movlw	0
  3138   0013F4  222A               	addwfc	(___fladd@b+1)^0,f,c
  3139   0013F6  222B               	addwfc	(___fladd@b+2)^0,f,c
  3140   0013F8  222C               	addwfc	(___fladd@b+3)^0,f,c
  3141   0013FA  A02C               	btfss	(___fladd@b+3)^0,0,c
  3142   0013FC  EF02  F00A         	goto	u4341
  3143   001400  EF04  F00A         	goto	u4340
  3144   001404                     u4341:
  3145   001404  EF22  F00A         	goto	l5590
  3146   001408                     u4340:
  3147   001408  C029  F031         	movff	___fladd@b,??___fladd
  3148   00140C  C02A  F032         	movff	___fladd@b+1,??___fladd+1
  3149   001410  C02B  F033         	movff	___fladd@b+2,??___fladd+2
  3150   001414  C02C  F034         	movff	___fladd@b+3,??___fladd+3
  3151   001418  3434               	rlcf	(??___fladd+3)^0,w,c
  3152   00141A  3234               	rrcf	(??___fladd+3)^0,f,c
  3153   00141C  3233               	rrcf	(??___fladd+2)^0,f,c
  3154   00141E  3232               	rrcf	(??___fladd+1)^0,f,c
  3155   001420  3231               	rrcf	??___fladd^0,f,c
  3156   001422  C031  F029         	movff	??___fladd,___fladd@b
  3157   001426  C032  F02A         	movff	??___fladd+1,___fladd@b+1
  3158   00142A  C033  F02B         	movff	??___fladd+2,___fladd@b+2
  3159   00142E  C034  F02C         	movff	??___fladd+3,___fladd@b+3
  3160   001432  2837               	incf	___fladd@bexp^0,w,c
  3161   001434  B4D8               	btfsc	status,2,c
  3162   001436  EF1F  F00A         	goto	u4351
  3163   00143A  EF21  F00A         	goto	u4350
  3164   00143E                     u4351:
  3165   00143E  EF22  F00A         	goto	l5590
  3166   001442                     u4350:
  3167   001442  2A37               	incf	___fladd@bexp^0,f,c
  3168   001444                     l5590:
  3169   001444  2837               	incf	___fladd@bexp^0,w,c
  3170   001446  B4D8               	btfsc	status,2,c
  3171   001448  EF28  F00A         	goto	u4361
  3172   00144C  EF2A  F00A         	goto	u4360
  3173   001450                     u4361:
  3174   001450  EF32  F00A         	goto	l5594
  3175   001454                     u4360:
  3176   001454  5037               	movf	___fladd@bexp^0,w,c
  3177   001456  A4D8               	btfss	status,2,c
  3178   001458  EF30  F00A         	goto	u4371
  3179   00145C  EF32  F00A         	goto	u4370
  3180   001460                     u4371:
  3181   001460  EF44  F00A         	goto	l5598
  3182   001464                     u4370:
  3183   001464                     l5594:
  3184   001464  0E00               	movlw	0
  3185   001466  6E29               	movwf	___fladd@b^0,c
  3186   001468  0E00               	movlw	0
  3187   00146A  6E2A               	movwf	(___fladd@b+1)^0,c
  3188   00146C  0E00               	movlw	0
  3189   00146E  6E2B               	movwf	(___fladd@b+2)^0,c
  3190   001470  0E00               	movlw	0
  3191   001472  6E2C               	movwf	(___fladd@b+3)^0,c
  3192   001474  5037               	movf	___fladd@bexp^0,w,c
  3193   001476  A4D8               	btfss	status,2,c
  3194   001478  EF40  F00A         	goto	u4381
  3195   00147C  EF42  F00A         	goto	u4380
  3196   001480                     u4381:
  3197   001480  EF44  F00A         	goto	l5598
  3198   001484                     u4380:
  3199   001484  0E00               	movlw	0
  3200   001486  6E35               	movwf	___fladd@signs^0,c
  3201   001488                     l5598:
  3202   001488  A037               	btfss	___fladd@bexp^0,0,c
  3203   00148A  EF49  F00A         	goto	u4391
  3204   00148E  EF4B  F00A         	goto	u4390
  3205   001492                     u4391:
  3206   001492  EF4E  F00A         	goto	l5602
  3207   001496                     u4390:
  3208   001496  8E2B               	bsf	(___fladd@b+2)^0,7,c
  3209   001498  EF4F  F00A         	goto	l5604
  3210   00149C                     l5602:
  3211   00149C  9E2B               	bcf	(___fladd@b+2)^0,7,c
  3212   00149E                     l5604:
  3213   00149E  90D8               	bcf	status,0,c
  3214   0014A0  3037               	rrcf	___fladd@bexp^0,w,c
  3215   0014A2  6E2C               	movwf	(___fladd@b+3)^0,c
  3216   0014A4  AE35               	btfss	___fladd@signs^0,7,c
  3217   0014A6  EF57  F00A         	goto	u4401
  3218   0014AA  EF59  F00A         	goto	u4400
  3219   0014AE                     u4401:
  3220   0014AE  EF5A  F00A         	goto	l5610
  3221   0014B2                     u4400:
  3222   0014B2  8E2C               	bsf	(___fladd@b+3)^0,7,c
  3223   0014B4                     l5610:
  3224   0014B4  C029  F029         	movff	___fladd@b,?___fladd
  3225   0014B8  C02A  F02A         	movff	___fladd@b+1,?___fladd+1
  3226   0014BC  C02B  F02B         	movff	___fladd@b+2,?___fladd+2
  3227   0014C0  C02C  F02C         	movff	___fladd@b+3,?___fladd+3
  3228   0014C4                     l2193:
  3229   0014C4  0012               	return		;funcret
  3230   0014C6                     __end_of___fladd:
  3231                           	callstack 0
  3232                           
  3233 ;; *************** function _InterruptManager *****************
  3234 ;; Defined at:
  3235 ;;		line 32 in file "MCAL_Layer/Interrupt/mcal_interrupt_manager.c"
  3236 ;; Parameters:    Size  Location     Type
  3237 ;;		None
  3238 ;; Auto vars:     Size  Location     Type
  3239 ;;		None
  3240 ;; Return value:  Size  Location     Type
  3241 ;;                  1    wreg      void 
  3242 ;; Registers used:
  3243 ;;		wreg, status,2, status,0, cstack
  3244 ;; Tracked objects:
  3245 ;;		On entry : 0/0
  3246 ;;		On exit  : 0/0
  3247 ;;		Unchanged: 0/0
  3248 ;; Data sizes:     COMRAM   BANK0   BANK1   BANK2   BANK3   BANK4   BANK5   BANK6   BANK7   BANK8   BANK9  BANK10  BANK1
      +1  BANK12  BANK13  BANK14  BANK15
  3249 ;;      Params:         0       0       0       0       0       0       0       0       0       0       0       0       
      +0       0       0       0       0
  3250 ;;      Locals:         0       0       0       0       0       0       0       0       0       0       0       0       
      +0       0       0       0       0
  3251 ;;      Temps:          0       0       0       0       0       0       0       0       0       0       0       0       
      +0       0       0       0       0
  3252 ;;      Totals:         0       0       0       0       0       0       0       0       0       0       0       0       
      +0       0       0       0       0
  3253 ;;Total ram usage:        0 bytes
  3254 ;; Hardware stack levels used: 1
  3255 ;; Hardware stack levels required when called: 1
  3256 ;; This function calls:
  3257 ;;		_ADC_ISR
  3258 ;;		_CCP1_ISR
  3259 ;;		_CCP2_ISR
  3260 ;;		_EUSART_RX_ISR
  3261 ;;		_EUSART_TX_ISR
  3262 ;;		_INT0_ISR
  3263 ;;		_INT1_ISR
  3264 ;;		_INT2_ISR
  3265 ;;		_MSSP_I2C_BC_ISR
  3266 ;;		_RB4_ISR
  3267 ;;		_RB5_ISR
  3268 ;;		_RB6_ISR
  3269 ;;		_RB7_ISR
  3270 ;;		_SPI_ISR
  3271 ;;		_TMR0_ISR
  3272 ;;		_TMR1_ISR
  3273 ;;		_TMR2_ISR
  3274 ;;		_TMR3_ISR
  3275 ;; This function is called by:
  3276 ;;		Interrupt level 2
  3277 ;; This function uses a non-reentrant model
  3278 ;;
  3279                           
  3280                           	psect	intcode
  3281   000008                     __pintcode:
  3282                           	callstack 0
  3283   000008                     _InterruptManager:
  3284                           	callstack 26
  3285                           
  3286                           ;incstack = 0
  3287   000008  827E               	bsf	int$flags,1,c	;set compiler interrupt flag (level 2)
  3288   00000A  ED63  F00A         	call	int_func,f	;refresh shadow registers
  3289                           
  3290                           	psect	intcode_body
  3291   0014C6                     __pintcode_body:
  3292                           	callstack 26
  3293   0014C6                     int_func:
  3294                           	callstack 26
  3295   0014C6  0006               	pop		; remove dummy address from shadow register refresh
  3296   0014C8                     
  3297                           ;MCAL_Layer/Interrupt/mcal_interrupt_manager.c: 34:     if((1 == INTCONbits.INT0IE) && (
      +                          1 == INTCONbits.INT0IF)){
  3298   0014C8  A8F2               	btfss	242,4,c	;volatile
  3299   0014CA  EF69  F00A         	goto	i2u612_41
  3300   0014CE  EF6B  F00A         	goto	i2u612_40
  3301   0014D2                     i2u612_41:
  3302   0014D2  EF74  F00A         	goto	i2l795
  3303   0014D6                     i2u612_40:
  3304   0014D6  A2F2               	btfss	242,1,c	;volatile
  3305   0014D8  EF70  F00A         	goto	i2u613_41
  3306   0014DC  EF72  F00A         	goto	i2u613_40
  3307   0014E0                     i2u613_41:
  3308   0014E0  EF74  F00A         	goto	i2l795
  3309   0014E4                     i2u613_40:
  3310   0014E4                     
  3311                           ;MCAL_Layer/Interrupt/mcal_interrupt_manager.c: 35:         INT0_ISR();
  3312   0014E4  EC0C  F012         	call	_INT0_ISR	;wreg free
  3313   0014E8                     i2l795:
  3314                           
  3315                           ;MCAL_Layer/Interrupt/mcal_interrupt_manager.c: 38:     if((1 == INTCON3bits.INT1E) && (
      +                          1 == INTCON3bits.INT1F)){
  3316   0014E8  A6F0               	btfss	240,3,c	;volatile
  3317   0014EA  EF79  F00A         	goto	i2u614_41
  3318   0014EE  EF7B  F00A         	goto	i2u614_40
  3319   0014F2                     i2u614_41:
  3320   0014F2  EF84  F00A         	goto	i2l797
  3321   0014F6                     i2u614_40:
  3322   0014F6  A0F0               	btfss	240,0,c	;volatile
  3323   0014F8  EF80  F00A         	goto	i2u615_41
  3324   0014FC  EF82  F00A         	goto	i2u615_40
  3325   001500                     i2u615_41:
  3326   001500  EF84  F00A         	goto	i2l797
  3327   001504                     i2u615_40:
  3328   001504                     
  3329                           ;MCAL_Layer/Interrupt/mcal_interrupt_manager.c: 39:         INT1_ISR();
  3330   001504  EC0A  F012         	call	_INT1_ISR	;wreg free
  3331   001508                     i2l797:
  3332                           
  3333                           ;MCAL_Layer/Interrupt/mcal_interrupt_manager.c: 42:     if((1 == INTCON3bits.INT2IE) && 
      +                          (1 == INTCON3bits.INT2IF)){
  3334   001508  A8F0               	btfss	240,4,c	;volatile
  3335   00150A  EF89  F00A         	goto	i2u616_41
  3336   00150E  EF8B  F00A         	goto	i2u616_40
  3337   001512                     i2u616_41:
  3338   001512  EF94  F00A         	goto	i2l799
  3339   001516                     i2u616_40:
  3340   001516  A2F0               	btfss	240,1,c	;volatile
  3341   001518  EF90  F00A         	goto	i2u617_41
  3342   00151C  EF92  F00A         	goto	i2u617_40
  3343   001520                     i2u617_41:
  3344   001520  EF94  F00A         	goto	i2l799
  3345   001524                     i2u617_40:
  3346   001524                     
  3347                           ;MCAL_Layer/Interrupt/mcal_interrupt_manager.c: 43:         INT2_ISR();
  3348   001524  EC08  F012         	call	_INT2_ISR	;wreg free
  3349   001528                     i2l799:
  3350                           
  3351                           ;MCAL_Layer/Interrupt/mcal_interrupt_manager.c: 49:     if((1 == INTCONbits.RBIE) && (1 
      +                          == INTCONbits.RBIF) &&
  3352   001528  A6F2               	btfss	242,3,c	;volatile
  3353   00152A  EF99  F00A         	goto	i2u618_41
  3354   00152E  EF9B  F00A         	goto	i2u618_40
  3355   001532                     i2u618_41:
  3356   001532  EFB6  F00A         	goto	i2l801
  3357   001536                     i2u618_40:
  3358   001536  A0F2               	btfss	242,0,c	;volatile
  3359   001538  EFA0  F00A         	goto	i2u619_41
  3360   00153C  EFA2  F00A         	goto	i2u619_40
  3361   001540                     i2u619_41:
  3362   001540  EFB6  F00A         	goto	i2l801
  3363   001544                     i2u619_40:
  3364   001544  A881               	btfss	129,4,c	;volatile
  3365   001546  EFA7  F00A         	goto	i2u620_41
  3366   00154A  EFA9  F00A         	goto	i2u620_40
  3367   00154E                     i2u620_41:
  3368   00154E  EFB6  F00A         	goto	i2l801
  3369   001552                     i2u620_40:
  3370   001552  047D               	decf	_RB4_Flag^0,w,c	;volatile
  3371   001554  A4D8               	btfss	status,2,c
  3372   001556  EFAF  F00A         	goto	i2u621_41
  3373   00155A  EFB1  F00A         	goto	i2u621_40
  3374   00155E                     i2u621_41:
  3375   00155E  EFB6  F00A         	goto	i2l801
  3376   001562                     i2u621_40:
  3377   001562                     
  3378                           ;MCAL_Layer/Interrupt/mcal_interrupt_manager.c: 50:        (PORTBbits.RB4 == HIGH) && (R
      +                          B4_Flag == 1)){;MCAL_Layer/Interrupt/mcal_interrupt_manager.c: 51:         RB4_Flag = 0;
  3379   001562  0E00               	movlw	0
  3380   001564  6E7D               	movwf	_RB4_Flag^0,c	;volatile
  3381   001566                     
  3382                           ;MCAL_Layer/Interrupt/mcal_interrupt_manager.c: 52:         RB4_ISR(0);
  3383   001566  0E00               	movlw	0
  3384   001568  ECDC  F011         	call	_RB4_ISR
  3385   00156C                     i2l801:
  3386                           
  3387                           ;MCAL_Layer/Interrupt/mcal_interrupt_manager.c: 55:     if((1 == INTCONbits.RBIE) && (1 
      +                          == INTCONbits.RBIF) &&
  3388   00156C  A6F2               	btfss	242,3,c	;volatile
  3389   00156E  EFBB  F00A         	goto	i2u622_41
  3390   001572  EFBD  F00A         	goto	i2u622_40
  3391   001576                     i2u622_41:
  3392   001576  EFD8  F00A         	goto	i2l803
  3393   00157A                     i2u622_40:
  3394   00157A  A0F2               	btfss	242,0,c	;volatile
  3395   00157C  EFC2  F00A         	goto	i2u623_41
  3396   001580  EFC4  F00A         	goto	i2u623_40
  3397   001584                     i2u623_41:
  3398   001584  EFD8  F00A         	goto	i2l803
  3399   001588                     i2u623_40:
  3400   001588  B881               	btfsc	129,4,c	;volatile
  3401   00158A  EFC9  F00A         	goto	i2u624_41
  3402   00158E  EFCB  F00A         	goto	i2u624_40
  3403   001592                     i2u624_41:
  3404   001592  EFD8  F00A         	goto	i2l803
  3405   001596                     i2u624_40:
  3406   001596  507D               	movf	_RB4_Flag^0,w,c	;volatile
  3407   001598  A4D8               	btfss	status,2,c
  3408   00159A  EFD1  F00A         	goto	i2u625_41
  3409   00159E  EFD3  F00A         	goto	i2u625_40
  3410   0015A2                     i2u625_41:
  3411   0015A2  EFD8  F00A         	goto	i2l803
  3412   0015A6                     i2u625_40:
  3413   0015A6                     
  3414                           ;MCAL_Layer/Interrupt/mcal_interrupt_manager.c: 56:        (PORTBbits.RB4 == LOW) && (RB
      +                          4_Flag == 0)){;MCAL_Layer/Interrupt/mcal_interrupt_manager.c: 57:         RB4_Flag = 1;
  3415   0015A6  0E01               	movlw	1
  3416   0015A8  6E7D               	movwf	_RB4_Flag^0,c	;volatile
  3417   0015AA                     
  3418                           ;MCAL_Layer/Interrupt/mcal_interrupt_manager.c: 58:         RB4_ISR(1);
  3419   0015AA  0E01               	movlw	1
  3420   0015AC  ECDC  F011         	call	_RB4_ISR
  3421   0015B0                     i2l803:
  3422                           
  3423                           ;MCAL_Layer/Interrupt/mcal_interrupt_manager.c: 61:     if((1 == INTCONbits.RBIE) && (1 
      +                          == INTCONbits.RBIF) &&
  3424   0015B0  A6F2               	btfss	242,3,c	;volatile
  3425   0015B2  EFDD  F00A         	goto	i2u626_41
  3426   0015B6  EFDF  F00A         	goto	i2u626_40
  3427   0015BA                     i2u626_41:
  3428   0015BA  EFFA  F00A         	goto	i2l805
  3429   0015BE                     i2u626_40:
  3430   0015BE  A0F2               	btfss	242,0,c	;volatile
  3431   0015C0  EFE4  F00A         	goto	i2u627_41
  3432   0015C4  EFE6  F00A         	goto	i2u627_40
  3433   0015C8                     i2u627_41:
  3434   0015C8  EFFA  F00A         	goto	i2l805
  3435   0015CC                     i2u627_40:
  3436   0015CC  AA81               	btfss	129,5,c	;volatile
  3437   0015CE  EFEB  F00A         	goto	i2u628_41
  3438   0015D2  EFED  F00A         	goto	i2u628_40
  3439   0015D6                     i2u628_41:
  3440   0015D6  EFFA  F00A         	goto	i2l805
  3441   0015DA                     i2u628_40:
  3442   0015DA  047C               	decf	_RB5_Flag^0,w,c	;volatile
  3443   0015DC  A4D8               	btfss	status,2,c
  3444   0015DE  EFF3  F00A         	goto	i2u629_41
  3445   0015E2  EFF5  F00A         	goto	i2u629_40
  3446   0015E6                     i2u629_41:
  3447   0015E6  EFFA  F00A         	goto	i2l805
  3448   0015EA                     i2u629_40:
  3449   0015EA                     
  3450                           ;MCAL_Layer/Interrupt/mcal_interrupt_manager.c: 62:        (PORTBbits.RB5 == HIGH) && (R
      +                          B5_Flag == 1)){;MCAL_Layer/Interrupt/mcal_interrupt_manager.c: 63:         RB5_Flag = 0;
  3451   0015EA  0E00               	movlw	0
  3452   0015EC  6E7C               	movwf	_RB5_Flag^0,c	;volatile
  3453   0015EE                     
  3454                           ;MCAL_Layer/Interrupt/mcal_interrupt_manager.c: 64:         RB5_ISR(0);
  3455   0015EE  0E00               	movlw	0
  3456   0015F0  ECCF  F011         	call	_RB5_ISR
  3457   0015F4                     i2l805:
  3458                           
  3459                           ;MCAL_Layer/Interrupt/mcal_interrupt_manager.c: 67:     if((1 == INTCONbits.RBIE) && (1 
      +                          == INTCONbits.RBIF) &&
  3460   0015F4  A6F2               	btfss	242,3,c	;volatile
  3461   0015F6  EFFF  F00A         	goto	i2u630_41
  3462   0015FA  EF01  F00B         	goto	i2u630_40
  3463   0015FE                     i2u630_41:
  3464   0015FE  EF1C  F00B         	goto	i2l807
  3465   001602                     i2u630_40:
  3466   001602  A0F2               	btfss	242,0,c	;volatile
  3467   001604  EF06  F00B         	goto	i2u631_41
  3468   001608  EF08  F00B         	goto	i2u631_40
  3469   00160C                     i2u631_41:
  3470   00160C  EF1C  F00B         	goto	i2l807
  3471   001610                     i2u631_40:
  3472   001610  BA81               	btfsc	129,5,c	;volatile
  3473   001612  EF0D  F00B         	goto	i2u632_41
  3474   001616  EF0F  F00B         	goto	i2u632_40
  3475   00161A                     i2u632_41:
  3476   00161A  EF1C  F00B         	goto	i2l807
  3477   00161E                     i2u632_40:
  3478   00161E  507C               	movf	_RB5_Flag^0,w,c	;volatile
  3479   001620  A4D8               	btfss	status,2,c
  3480   001622  EF15  F00B         	goto	i2u633_41
  3481   001626  EF17  F00B         	goto	i2u633_40
  3482   00162A                     i2u633_41:
  3483   00162A  EF1C  F00B         	goto	i2l807
  3484   00162E                     i2u633_40:
  3485   00162E                     
  3486                           ;MCAL_Layer/Interrupt/mcal_interrupt_manager.c: 68:        (PORTBbits.RB5 == LOW) && (RB
      +                          5_Flag == 0)){;MCAL_Layer/Interrupt/mcal_interrupt_manager.c: 69:         RB5_Flag = 1;
  3487   00162E  0E01               	movlw	1
  3488   001630  6E7C               	movwf	_RB5_Flag^0,c	;volatile
  3489   001632                     
  3490                           ;MCAL_Layer/Interrupt/mcal_interrupt_manager.c: 70:         RB5_ISR(1);
  3491   001632  0E01               	movlw	1
  3492   001634  ECCF  F011         	call	_RB5_ISR
  3493   001638                     i2l807:
  3494                           
  3495                           ;MCAL_Layer/Interrupt/mcal_interrupt_manager.c: 73:     if((1 == INTCONbits.RBIE) && (1 
      +                          == INTCONbits.RBIF) &&
  3496   001638  A6F2               	btfss	242,3,c	;volatile
  3497   00163A  EF21  F00B         	goto	i2u634_41
  3498   00163E  EF23  F00B         	goto	i2u634_40
  3499   001642                     i2u634_41:
  3500   001642  EF3E  F00B         	goto	i2l809
  3501   001646                     i2u634_40:
  3502   001646  A0F2               	btfss	242,0,c	;volatile
  3503   001648  EF28  F00B         	goto	i2u635_41
  3504   00164C  EF2A  F00B         	goto	i2u635_40
  3505   001650                     i2u635_41:
  3506   001650  EF3E  F00B         	goto	i2l809
  3507   001654                     i2u635_40:
  3508   001654  AC81               	btfss	129,6,c	;volatile
  3509   001656  EF2F  F00B         	goto	i2u636_41
  3510   00165A  EF31  F00B         	goto	i2u636_40
  3511   00165E                     i2u636_41:
  3512   00165E  EF3E  F00B         	goto	i2l809
  3513   001662                     i2u636_40:
  3514   001662  047B               	decf	_RB6_Flag^0,w,c	;volatile
  3515   001664  A4D8               	btfss	status,2,c
  3516   001666  EF37  F00B         	goto	i2u637_41
  3517   00166A  EF39  F00B         	goto	i2u637_40
  3518   00166E                     i2u637_41:
  3519   00166E  EF3E  F00B         	goto	i2l809
  3520   001672                     i2u637_40:
  3521   001672                     
  3522                           ;MCAL_Layer/Interrupt/mcal_interrupt_manager.c: 74:        (PORTBbits.RB6 == HIGH) && (R
      +                          B6_Flag == 1)){;MCAL_Layer/Interrupt/mcal_interrupt_manager.c: 75:         RB6_Flag = 0;
  3523   001672  0E00               	movlw	0
  3524   001674  6E7B               	movwf	_RB6_Flag^0,c	;volatile
  3525   001676                     
  3526                           ;MCAL_Layer/Interrupt/mcal_interrupt_manager.c: 76:         RB6_ISR(0);
  3527   001676  0E00               	movlw	0
  3528   001678  ECC2  F011         	call	_RB6_ISR
  3529   00167C                     i2l809:
  3530                           
  3531                           ;MCAL_Layer/Interrupt/mcal_interrupt_manager.c: 79:     if((1 == INTCONbits.RBIE) && (1 
      +                          == INTCONbits.RBIF) &&
  3532   00167C  A6F2               	btfss	242,3,c	;volatile
  3533   00167E  EF43  F00B         	goto	i2u638_41
  3534   001682  EF45  F00B         	goto	i2u638_40
  3535   001686                     i2u638_41:
  3536   001686  EF60  F00B         	goto	i2l811
  3537   00168A                     i2u638_40:
  3538   00168A  A0F2               	btfss	242,0,c	;volatile
  3539   00168C  EF4A  F00B         	goto	i2u639_41
  3540   001690  EF4C  F00B         	goto	i2u639_40
  3541   001694                     i2u639_41:
  3542   001694  EF60  F00B         	goto	i2l811
  3543   001698                     i2u639_40:
  3544   001698  BC81               	btfsc	129,6,c	;volatile
  3545   00169A  EF51  F00B         	goto	i2u640_41
  3546   00169E  EF53  F00B         	goto	i2u640_40
  3547   0016A2                     i2u640_41:
  3548   0016A2  EF60  F00B         	goto	i2l811
  3549   0016A6                     i2u640_40:
  3550   0016A6  507B               	movf	_RB6_Flag^0,w,c	;volatile
  3551   0016A8  A4D8               	btfss	status,2,c
  3552   0016AA  EF59  F00B         	goto	i2u641_41
  3553   0016AE  EF5B  F00B         	goto	i2u641_40
  3554   0016B2                     i2u641_41:
  3555   0016B2  EF60  F00B         	goto	i2l811
  3556   0016B6                     i2u641_40:
  3557   0016B6                     
  3558                           ;MCAL_Layer/Interrupt/mcal_interrupt_manager.c: 80:        (PORTBbits.RB6 == LOW) && (RB
      +                          6_Flag == 0)){;MCAL_Layer/Interrupt/mcal_interrupt_manager.c: 81:         RB6_Flag = 1;
  3559   0016B6  0E01               	movlw	1
  3560   0016B8  6E7B               	movwf	_RB6_Flag^0,c	;volatile
  3561   0016BA                     
  3562                           ;MCAL_Layer/Interrupt/mcal_interrupt_manager.c: 82:         RB6_ISR(1);
  3563   0016BA  0E01               	movlw	1
  3564   0016BC  ECC2  F011         	call	_RB6_ISR
  3565   0016C0                     i2l811:
  3566                           
  3567                           ;MCAL_Layer/Interrupt/mcal_interrupt_manager.c: 85:     if((1 == INTCONbits.RBIE) && (1 
      +                          == INTCONbits.RBIF) &&
  3568   0016C0  A6F2               	btfss	242,3,c	;volatile
  3569   0016C2  EF65  F00B         	goto	i2u642_41
  3570   0016C6  EF67  F00B         	goto	i2u642_40
  3571   0016CA                     i2u642_41:
  3572   0016CA  EF82  F00B         	goto	i2l813
  3573   0016CE                     i2u642_40:
  3574   0016CE  A0F2               	btfss	242,0,c	;volatile
  3575   0016D0  EF6C  F00B         	goto	i2u643_41
  3576   0016D4  EF6E  F00B         	goto	i2u643_40
  3577   0016D8                     i2u643_41:
  3578   0016D8  EF82  F00B         	goto	i2l813
  3579   0016DC                     i2u643_40:
  3580   0016DC  AE81               	btfss	129,7,c	;volatile
  3581   0016DE  EF73  F00B         	goto	i2u644_41
  3582   0016E2  EF75  F00B         	goto	i2u644_40
  3583   0016E6                     i2u644_41:
  3584   0016E6  EF82  F00B         	goto	i2l813
  3585   0016EA                     i2u644_40:
  3586   0016EA  047A               	decf	_RB7_Flag^0,w,c	;volatile
  3587   0016EC  A4D8               	btfss	status,2,c
  3588   0016EE  EF7B  F00B         	goto	i2u645_41
  3589   0016F2  EF7D  F00B         	goto	i2u645_40
  3590   0016F6                     i2u645_41:
  3591   0016F6  EF82  F00B         	goto	i2l813
  3592   0016FA                     i2u645_40:
  3593   0016FA                     
  3594                           ;MCAL_Layer/Interrupt/mcal_interrupt_manager.c: 86:        (PORTBbits.RB7 == HIGH) && (R
      +                          B7_Flag == 1)){;MCAL_Layer/Interrupt/mcal_interrupt_manager.c: 87:         RB7_Flag = 0;
  3595   0016FA  0E00               	movlw	0
  3596   0016FC  6E7A               	movwf	_RB7_Flag^0,c	;volatile
  3597   0016FE                     
  3598                           ;MCAL_Layer/Interrupt/mcal_interrupt_manager.c: 88:         RB7_ISR(0);
  3599   0016FE  0E00               	movlw	0
  3600   001700  ECB5  F011         	call	_RB7_ISR
  3601   001704                     i2l813:
  3602                           
  3603                           ;MCAL_Layer/Interrupt/mcal_interrupt_manager.c: 91:     if((1 == INTCONbits.RBIE) && (1 
      +                          == INTCONbits.RBIF) &&
  3604   001704  A6F2               	btfss	242,3,c	;volatile
  3605   001706  EF87  F00B         	goto	i2u646_41
  3606   00170A  EF89  F00B         	goto	i2u646_40
  3607   00170E                     i2u646_41:
  3608   00170E  EFA4  F00B         	goto	i2l815
  3609   001712                     i2u646_40:
  3610   001712  A0F2               	btfss	242,0,c	;volatile
  3611   001714  EF8E  F00B         	goto	i2u647_41
  3612   001718  EF90  F00B         	goto	i2u647_40
  3613   00171C                     i2u647_41:
  3614   00171C  EFA4  F00B         	goto	i2l815
  3615   001720                     i2u647_40:
  3616   001720  BE81               	btfsc	129,7,c	;volatile
  3617   001722  EF95  F00B         	goto	i2u648_41
  3618   001726  EF97  F00B         	goto	i2u648_40
  3619   00172A                     i2u648_41:
  3620   00172A  EFA4  F00B         	goto	i2l815
  3621   00172E                     i2u648_40:
  3622   00172E  507A               	movf	_RB7_Flag^0,w,c	;volatile
  3623   001730  A4D8               	btfss	status,2,c
  3624   001732  EF9D  F00B         	goto	i2u649_41
  3625   001736  EF9F  F00B         	goto	i2u649_40
  3626   00173A                     i2u649_41:
  3627   00173A  EFA4  F00B         	goto	i2l815
  3628   00173E                     i2u649_40:
  3629   00173E                     
  3630                           ;MCAL_Layer/Interrupt/mcal_interrupt_manager.c: 92:        (PORTBbits.RB7 == LOW) && (RB
      +                          7_Flag == 0)){;MCAL_Layer/Interrupt/mcal_interrupt_manager.c: 93:         RB7_Flag = 1;
  3631   00173E  0E01               	movlw	1
  3632   001740  6E7A               	movwf	_RB7_Flag^0,c	;volatile
  3633   001742                     
  3634                           ;MCAL_Layer/Interrupt/mcal_interrupt_manager.c: 94:         RB7_ISR(1);
  3635   001742  0E01               	movlw	1
  3636   001744  ECB5  F011         	call	_RB7_ISR
  3637   001748                     i2l815:
  3638                           
  3639                           ;MCAL_Layer/Interrupt/mcal_interrupt_manager.c: 99:     if((1 == PIE1bits.ADIE) && (1 ==
      +                           PIR1bits.ADIF)){
  3640   001748  AC9D               	btfss	157,6,c	;volatile
  3641   00174A  EFA9  F00B         	goto	i2u650_41
  3642   00174E  EFAB  F00B         	goto	i2u650_40
  3643   001752                     i2u650_41:
  3644   001752  EFB4  F00B         	goto	i2l817
  3645   001756                     i2u650_40:
  3646   001756  AC9E               	btfss	158,6,c	;volatile
  3647   001758  EFB0  F00B         	goto	i2u651_41
  3648   00175C  EFB2  F00B         	goto	i2u651_40
  3649   001760                     i2u651_41:
  3650   001760  EFB4  F00B         	goto	i2l817
  3651   001764                     i2u651_40:
  3652   001764                     
  3653                           ;MCAL_Layer/Interrupt/mcal_interrupt_manager.c: 100:         ADC_ISR();
  3654   001764  EC14  F012         	call	_ADC_ISR	;wreg free
  3655   001768                     i2l817:
  3656                           
  3657                           ;MCAL_Layer/Interrupt/mcal_interrupt_manager.c: 105:     if((1 == INTCONbits.TMR0IE) && 
      +                          (1 == INTCONbits.TMR0IF)){
  3658   001768  AAF2               	btfss	242,5,c	;volatile
  3659   00176A  EFB9  F00B         	goto	i2u652_41
  3660   00176E  EFBB  F00B         	goto	i2u652_40
  3661   001772                     i2u652_41:
  3662   001772  EFC4  F00B         	goto	i2l819
  3663   001776                     i2u652_40:
  3664   001776  A4F2               	btfss	242,2,c	;volatile
  3665   001778  EFC0  F00B         	goto	i2u653_41
  3666   00177C  EFC2  F00B         	goto	i2u653_40
  3667   001780                     i2u653_41:
  3668   001780  EFC4  F00B         	goto	i2l819
  3669   001784                     i2u653_40:
  3670   001784                     
  3671                           ;MCAL_Layer/Interrupt/mcal_interrupt_manager.c: 106:         TMR0_ISR();
  3672   001784  ECF5  F011         	call	_TMR0_ISR	;wreg free
  3673   001788                     i2l819:
  3674                           
  3675                           ;MCAL_Layer/Interrupt/mcal_interrupt_manager.c: 111:     if((1 == PIE1bits.TMR1IE) && (1
      +                           == PIR1bits.TMR1IF)){
  3676   001788  A09D               	btfss	157,0,c	;volatile
  3677   00178A  EFC9  F00B         	goto	i2u654_41
  3678   00178E  EFCB  F00B         	goto	i2u654_40
  3679   001792                     i2u654_41:
  3680   001792  EFD4  F00B         	goto	i2l821
  3681   001796                     i2u654_40:
  3682   001796  A09E               	btfss	158,0,c	;volatile
  3683   001798  EFD0  F00B         	goto	i2u655_41
  3684   00179C  EFD2  F00B         	goto	i2u655_40
  3685   0017A0                     i2u655_41:
  3686   0017A0  EFD4  F00B         	goto	i2l821
  3687   0017A4                     i2u655_40:
  3688   0017A4                     
  3689                           ;MCAL_Layer/Interrupt/mcal_interrupt_manager.c: 112:         TMR1_ISR();
  3690   0017A4  ECEF  F011         	call	_TMR1_ISR	;wreg free
  3691   0017A8                     i2l821:
  3692                           
  3693                           ;MCAL_Layer/Interrupt/mcal_interrupt_manager.c: 117:     if((1 == PIE1bits.TMR2IE) && (1
      +                           == PIR1bits.TMR2IF)){
  3694   0017A8  A29D               	btfss	157,1,c	;volatile
  3695   0017AA  EFD9  F00B         	goto	i2u656_41
  3696   0017AE  EFDB  F00B         	goto	i2u656_40
  3697   0017B2                     i2u656_41:
  3698   0017B2  EFE4  F00B         	goto	i2l823
  3699   0017B6                     i2u656_40:
  3700   0017B6  A29E               	btfss	158,1,c	;volatile
  3701   0017B8  EFE0  F00B         	goto	i2u657_41
  3702   0017BC  EFE2  F00B         	goto	i2u657_40
  3703   0017C0                     i2u657_41:
  3704   0017C0  EFE4  F00B         	goto	i2l823
  3705   0017C4                     i2u657_40:
  3706   0017C4                     
  3707                           ;MCAL_Layer/Interrupt/mcal_interrupt_manager.c: 118:         TMR2_ISR();
  3708   0017C4  ECFB  F011         	call	_TMR2_ISR	;wreg free
  3709   0017C8                     i2l823:
  3710                           
  3711                           ;MCAL_Layer/Interrupt/mcal_interrupt_manager.c: 123:     if((1 == PIE2bits.TMR3IE) && (1
      +                           == PIR2bits.TMR3IF)){
  3712   0017C8  A2A0               	btfss	160,1,c	;volatile
  3713   0017CA  EFE9  F00B         	goto	i2u658_41
  3714   0017CE  EFEB  F00B         	goto	i2u658_40
  3715   0017D2                     i2u658_41:
  3716   0017D2  EFF4  F00B         	goto	i2l825
  3717   0017D6                     i2u658_40:
  3718   0017D6  A2A1               	btfss	161,1,c	;volatile
  3719   0017D8  EFF0  F00B         	goto	i2u659_41
  3720   0017DC  EFF2  F00B         	goto	i2u659_40
  3721   0017E0                     i2u659_41:
  3722   0017E0  EFF4  F00B         	goto	i2l825
  3723   0017E4                     i2u659_40:
  3724   0017E4                     
  3725                           ;MCAL_Layer/Interrupt/mcal_interrupt_manager.c: 124:         TMR3_ISR();
  3726   0017E4  ECE9  F011         	call	_TMR3_ISR	;wreg free
  3727   0017E8                     i2l825:
  3728                           
  3729                           ;MCAL_Layer/Interrupt/mcal_interrupt_manager.c: 129:     if((1 == PIE1bits.CCP1IE) && (1
      +                           == PIR1bits.CCP1IF)){
  3730   0017E8  A49D               	btfss	157,2,c	;volatile
  3731   0017EA  EFF9  F00B         	goto	i2u660_41
  3732   0017EE  EFFB  F00B         	goto	i2u660_40
  3733   0017F2                     i2u660_41:
  3734   0017F2  EF04  F00C         	goto	i2l827
  3735   0017F6                     i2u660_40:
  3736   0017F6  A49E               	btfss	158,2,c	;volatile
  3737   0017F8  EF00  F00C         	goto	i2u661_41
  3738   0017FC  EF02  F00C         	goto	i2u661_40
  3739   001800                     i2u661_41:
  3740   001800  EF04  F00C         	goto	i2l827
  3741   001804                     i2u661_40:
  3742   001804                     
  3743                           ;MCAL_Layer/Interrupt/mcal_interrupt_manager.c: 130:         CCP1_ISR();
  3744   001804  EC12  F012         	call	_CCP1_ISR	;wreg free
  3745   001808                     i2l827:
  3746                           
  3747                           ;MCAL_Layer/Interrupt/mcal_interrupt_manager.c: 133:     if((1 == PIE2bits.CCP2IE) && (1
      +                           == PIR2bits.CCP2IF)){
  3748   001808  A0A0               	btfss	160,0,c	;volatile
  3749   00180A  EF09  F00C         	goto	i2u662_41
  3750   00180E  EF0B  F00C         	goto	i2u662_40
  3751   001812                     i2u662_41:
  3752   001812  EF14  F00C         	goto	i2l829
  3753   001816                     i2u662_40:
  3754   001816  A0A1               	btfss	161,0,c	;volatile
  3755   001818  EF10  F00C         	goto	i2u663_41
  3756   00181C  EF12  F00C         	goto	i2u663_40
  3757   001820                     i2u663_41:
  3758   001820  EF14  F00C         	goto	i2l829
  3759   001824                     i2u663_40:
  3760   001824                     
  3761                           ;MCAL_Layer/Interrupt/mcal_interrupt_manager.c: 134:         CCP2_ISR();
  3762   001824  EC10  F012         	call	_CCP2_ISR	;wreg free
  3763   001828                     i2l829:
  3764                           
  3765                           ;MCAL_Layer/Interrupt/mcal_interrupt_manager.c: 138:     if((1 == PIE1bits.TXIE) && (1 =
      +                          = PIR1bits.TXIF)){
  3766   001828  A89D               	btfss	157,4,c	;volatile
  3767   00182A  EF19  F00C         	goto	i2u664_41
  3768   00182E  EF1B  F00C         	goto	i2u664_40
  3769   001832                     i2u664_41:
  3770   001832  EF24  F00C         	goto	i2l831
  3771   001836                     i2u664_40:
  3772   001836  A89E               	btfss	158,4,c	;volatile
  3773   001838  EF20  F00C         	goto	i2u665_41
  3774   00183C  EF22  F00C         	goto	i2u665_40
  3775   001840                     i2u665_41:
  3776   001840  EF24  F00C         	goto	i2l831
  3777   001844                     i2u665_40:
  3778   001844                     
  3779                           ;MCAL_Layer/Interrupt/mcal_interrupt_manager.c: 139:         EUSART_TX_ISR();
  3780   001844  EC0E  F012         	call	_EUSART_TX_ISR	;wreg free
  3781   001848                     i2l831:
  3782                           
  3783                           ;MCAL_Layer/Interrupt/mcal_interrupt_manager.c: 142:     if((1 == PIE1bits.RCIE) && (1 =
      +                          = PIR1bits.RCIF)){
  3784   001848  AA9D               	btfss	157,5,c	;volatile
  3785   00184A  EF29  F00C         	goto	i2u666_41
  3786   00184E  EF2B  F00C         	goto	i2u666_40
  3787   001852                     i2u666_41:
  3788   001852  EF34  F00C         	goto	i2l833
  3789   001856                     i2u666_40:
  3790   001856  AA9E               	btfss	158,5,c	;volatile
  3791   001858  EF30  F00C         	goto	i2u667_41
  3792   00185C  EF32  F00C         	goto	i2u667_40
  3793   001860                     i2u667_41:
  3794   001860  EF34  F00C         	goto	i2l833
  3795   001864                     i2u667_40:
  3796   001864                     
  3797                           ;MCAL_Layer/Interrupt/mcal_interrupt_manager.c: 143:         EUSART_RX_ISR();
  3798   001864  EC17  F012         	call	_EUSART_RX_ISR	;wreg free
  3799   001868                     i2l833:
  3800                           
  3801                           ;MCAL_Layer/Interrupt/mcal_interrupt_manager.c: 148:     if((1 == PIE1bits.SSPIE) && (1 
      +                          == PIR1bits.SSPIF)){
  3802   001868  A69D               	btfss	157,3,c	;volatile
  3803   00186A  EF39  F00C         	goto	i2u668_41
  3804   00186E  EF3B  F00C         	goto	i2u668_40
  3805   001872                     i2u668_41:
  3806   001872  EF44  F00C         	goto	i2l835
  3807   001876                     i2u668_40:
  3808   001876  A69E               	btfss	158,3,c	;volatile
  3809   001878  EF40  F00C         	goto	i2u669_41
  3810   00187C  EF42  F00C         	goto	i2u669_40
  3811   001880                     i2u669_41:
  3812   001880  EF44  F00C         	goto	i2l835
  3813   001884                     i2u669_40:
  3814   001884                     
  3815                           ;MCAL_Layer/Interrupt/mcal_interrupt_manager.c: 149:         SPI_ISR();
  3816   001884  EC04  F012         	call	_SPI_ISR	;wreg free
  3817   001888                     i2l835:
  3818                           
  3819                           ;MCAL_Layer/Interrupt/mcal_interrupt_manager.c: 154:     if((1 == PIE2bits.BCLIE) && (1 
      +                          == PIR2bits.BCLIF)){
  3820   001888  A6A0               	btfss	160,3,c	;volatile
  3821   00188A  EF49  F00C         	goto	i2u670_41
  3822   00188E  EF4B  F00C         	goto	i2u670_40
  3823   001892                     i2u670_41:
  3824   001892  EF54  F00C         	goto	i2l838
  3825   001896                     i2u670_40:
  3826   001896  A6A1               	btfss	161,3,c	;volatile
  3827   001898  EF50  F00C         	goto	i2u671_41
  3828   00189C  EF52  F00C         	goto	i2u671_40
  3829   0018A0                     i2u671_41:
  3830   0018A0  EF54  F00C         	goto	i2l838
  3831   0018A4                     i2u671_40:
  3832   0018A4                     
  3833                           ;MCAL_Layer/Interrupt/mcal_interrupt_manager.c: 155:         MSSP_I2C_BC_ISR();
  3834   0018A4  EC06  F012         	call	_MSSP_I2C_BC_ISR	;wreg free
  3835   0018A8                     i2l838:
  3836   0018A8  927E               	bcf	int$flags,1,c	;clear compiler interrupt flag (level 2)
  3837   0018AA  0011               	retfie		f
  3838   0018AC                     __end_of_InterruptManager:
  3839                           	callstack 0
  3840                           
  3841 ;; *************** function _TMR3_ISR *****************
  3842 ;; Defined at:
  3843 ;;		line 102 in file "MCAL_Layer/Timer3/hal_timer3.c"
  3844 ;; Parameters:    Size  Location     Type
  3845 ;;		None
  3846 ;; Auto vars:     Size  Location     Type
  3847 ;;		None
  3848 ;; Return value:  Size  Location     Type
  3849 ;;                  1    wreg      void 
  3850 ;; Registers used:
  3851 ;;		wreg, status,2
  3852 ;; Tracked objects:
  3853 ;;		On entry : 0/0
  3854 ;;		On exit  : 0/0
  3855 ;;		Unchanged: 0/0
  3856 ;; Data sizes:     COMRAM   BANK0   BANK1   BANK2   BANK3   BANK4   BANK5   BANK6   BANK7   BANK8   BANK9  BANK10  BANK1
      +1  BANK12  BANK13  BANK14  BANK15
  3857 ;;      Params:         0       0       0       0       0       0       0       0       0       0       0       0       
      +0       0       0       0       0
  3858 ;;      Locals:         0       0       0       0       0       0       0       0       0       0       0       0       
      +0       0       0       0       0
  3859 ;;      Temps:          0       0       0       0       0       0       0       0       0       0       0       0       
      +0       0       0       0       0
  3860 ;;      Totals:         0       0       0       0       0       0       0       0       0       0       0       0       
      +0       0       0       0       0
  3861 ;;Total ram usage:        0 bytes
  3862 ;; Hardware stack levels used: 1
  3863 ;; This function calls:
  3864 ;;		Nothing
  3865 ;; This function is called by:
  3866 ;;		_InterruptManager
  3867 ;; This function uses a non-reentrant model
  3868 ;;
  3869                           
  3870                           	psect	text16
  3871   0023D2                     __ptext16:
  3872                           	callstack 0
  3873   0023D2                     _TMR3_ISR:
  3874                           	callstack 26
  3875   0023D2                     
  3876                           ;MCAL_Layer/Timer3/hal_timer3.c: 103:     (PIR2bits.TMR3IF = 0);
  3877   0023D2  92A1               	bcf	161,1,c	;volatile
  3878   0023D4                     
  3879                           ;MCAL_Layer/Timer3/hal_timer3.c: 104:     TMR3H = (timer3_preload) >> 8;
  3880   0023D4  504B               	movf	(_timer3_preload+1)^0,w,c
  3881   0023D6  6EB3               	movwf	179,c	;volatile
  3882   0023D8                     
  3883                           ;MCAL_Layer/Timer3/hal_timer3.c: 105:     TMR3L = (uint8)(timer3_preload);
  3884   0023D8  C04A  FFB2         	movff	_timer3_preload,4018	;volatile
  3885   0023DC  0012               	return		;funcret
  3886   0023DE                     __end_of_TMR3_ISR:
  3887                           	callstack 0
  3888                           
  3889 ;; *************** function _TMR2_ISR *****************
  3890 ;; Defined at:
  3891 ;;		line 95 in file "MCAL_Layer/Timer2/hal_timer2.c"
  3892 ;; Parameters:    Size  Location     Type
  3893 ;;		None
  3894 ;; Auto vars:     Size  Location     Type
  3895 ;;		None
  3896 ;; Return value:  Size  Location     Type
  3897 ;;                  1    wreg      void 
  3898 ;; Registers used:
  3899 ;;		None
  3900 ;; Tracked objects:
  3901 ;;		On entry : 0/0
  3902 ;;		On exit  : 0/0
  3903 ;;		Unchanged: 0/0
  3904 ;; Data sizes:     COMRAM   BANK0   BANK1   BANK2   BANK3   BANK4   BANK5   BANK6   BANK7   BANK8   BANK9  BANK10  BANK1
      +1  BANK12  BANK13  BANK14  BANK15
  3905 ;;      Params:         0       0       0       0       0       0       0       0       0       0       0       0       
      +0       0       0       0       0
  3906 ;;      Locals:         0       0       0       0       0       0       0       0       0       0       0       0       
      +0       0       0       0       0
  3907 ;;      Temps:          0       0       0       0       0       0       0       0       0       0       0       0       
      +0       0       0       0       0
  3908 ;;      Totals:         0       0       0       0       0       0       0       0       0       0       0       0       
      +0       0       0       0       0
  3909 ;;Total ram usage:        0 bytes
  3910 ;; Hardware stack levels used: 1
  3911 ;; This function calls:
  3912 ;;		Nothing
  3913 ;; This function is called by:
  3914 ;;		_InterruptManager
  3915 ;; This function uses a non-reentrant model
  3916 ;;
  3917                           
  3918                           	psect	text17
  3919   0023F6                     __ptext17:
  3920                           	callstack 0
  3921   0023F6                     _TMR2_ISR:
  3922                           	callstack 26
  3923   0023F6                     
  3924                           ;MCAL_Layer/Timer2/hal_timer2.c: 96:     (PIR1bits.TMR2IF = 0);
  3925   0023F6  929E               	bcf	158,1,c	;volatile
  3926                           
  3927                           ;MCAL_Layer/Timer2/hal_timer2.c: 97:     TMR2 = timer2_preload;
  3928   0023F8  C071  FFCC         	movff	_timer2_preload,4044	;volatile
  3929   0023FC  0012               	return		;funcret
  3930   0023FE                     __end_of_TMR2_ISR:
  3931                           	callstack 0
  3932                           
  3933 ;; *************** function _TMR1_ISR *****************
  3934 ;; Defined at:
  3935 ;;		line 102 in file "MCAL_Layer/Timer1/hal_timer1.c"
  3936 ;; Parameters:    Size  Location     Type
  3937 ;;		None
  3938 ;; Auto vars:     Size  Location     Type
  3939 ;;		None
  3940 ;; Return value:  Size  Location     Type
  3941 ;;                  1    wreg      void 
  3942 ;; Registers used:
  3943 ;;		wreg, status,2
  3944 ;; Tracked objects:
  3945 ;;		On entry : 0/0
  3946 ;;		On exit  : 0/0
  3947 ;;		Unchanged: 0/0
  3948 ;; Data sizes:     COMRAM   BANK0   BANK1   BANK2   BANK3   BANK4   BANK5   BANK6   BANK7   BANK8   BANK9  BANK10  BANK1
      +1  BANK12  BANK13  BANK14  BANK15
  3949 ;;      Params:         0       0       0       0       0       0       0       0       0       0       0       0       
      +0       0       0       0       0
  3950 ;;      Locals:         0       0       0       0       0       0       0       0       0       0       0       0       
      +0       0       0       0       0
  3951 ;;      Temps:          0       0       0       0       0       0       0       0       0       0       0       0       
      +0       0       0       0       0
  3952 ;;      Totals:         0       0       0       0       0       0       0       0       0       0       0       0       
      +0       0       0       0       0
  3953 ;;Total ram usage:        0 bytes
  3954 ;; Hardware stack levels used: 1
  3955 ;; This function calls:
  3956 ;;		Nothing
  3957 ;; This function is called by:
  3958 ;;		_InterruptManager
  3959 ;; This function uses a non-reentrant model
  3960 ;;
  3961                           
  3962                           	psect	text18
  3963   0023DE                     __ptext18:
  3964                           	callstack 0
  3965   0023DE                     _TMR1_ISR:
  3966                           	callstack 26
  3967   0023DE                     
  3968                           ;MCAL_Layer/Timer1/hal_timer1.c: 103:     (PIR1bits.TMR1IF = 0);
  3969   0023DE  909E               	bcf	158,0,c	;volatile
  3970   0023E0                     
  3971                           ;MCAL_Layer/Timer1/hal_timer1.c: 104:     TMR1H = (timer1_preload) >> 8;
  3972   0023E0  504D               	movf	(_timer1_preload+1)^0,w,c	;volatile
  3973   0023E2  6ECF               	movwf	207,c	;volatile
  3974   0023E4                     
  3975                           ;MCAL_Layer/Timer1/hal_timer1.c: 105:     TMR1L = (uint8)(timer1_preload);
  3976   0023E4  C04C  FFCE         	movff	_timer1_preload,4046	;volatile
  3977   0023E8  0012               	return		;funcret
  3978   0023EA                     __end_of_TMR1_ISR:
  3979                           	callstack 0
  3980                           
  3981 ;; *************** function _TMR0_ISR *****************
  3982 ;; Defined at:
  3983 ;;		line 107 in file "MCAL_Layer/Timers/hal_timer0.c"
  3984 ;; Parameters:    Size  Location     Type
  3985 ;;		None
  3986 ;; Auto vars:     Size  Location     Type
  3987 ;;		None
  3988 ;; Return value:  Size  Location     Type
  3989 ;;                  1    wreg      void 
  3990 ;; Registers used:
  3991 ;;		wreg, status,2
  3992 ;; Tracked objects:
  3993 ;;		On entry : 0/0
  3994 ;;		On exit  : 0/0
  3995 ;;		Unchanged: 0/0
  3996 ;; Data sizes:     COMRAM   BANK0   BANK1   BANK2   BANK3   BANK4   BANK5   BANK6   BANK7   BANK8   BANK9  BANK10  BANK1
      +1  BANK12  BANK13  BANK14  BANK15
  3997 ;;      Params:         0       0       0       0       0       0       0       0       0       0       0       0       
      +0       0       0       0       0
  3998 ;;      Locals:         0       0       0       0       0       0       0       0       0       0       0       0       
      +0       0       0       0       0
  3999 ;;      Temps:          0       0       0       0       0       0       0       0       0       0       0       0       
      +0       0       0       0       0
  4000 ;;      Totals:         0       0       0       0       0       0       0       0       0       0       0       0       
      +0       0       0       0       0
  4001 ;;Total ram usage:        0 bytes
  4002 ;; Hardware stack levels used: 1
  4003 ;; This function calls:
  4004 ;;		Nothing
  4005 ;; This function is called by:
  4006 ;;		_InterruptManager
  4007 ;; This function uses a non-reentrant model
  4008 ;;
  4009                           
  4010                           	psect	text19
  4011   0023EA                     __ptext19:
  4012                           	callstack 0
  4013   0023EA                     _TMR0_ISR:
  4014                           	callstack 26
  4015   0023EA                     
  4016                           ;MCAL_Layer/Timers/hal_timer0.c: 108:     (INTCONbits.TMR0IF = 0);
  4017   0023EA  94F2               	bcf	242,2,c	;volatile
  4018   0023EC                     
  4019                           ;MCAL_Layer/Timers/hal_timer0.c: 109:     TMR0H = (timer0_preload) >> 8;
  4020   0023EC  504F               	movf	(_timer0_preload+1)^0,w,c
  4021   0023EE  6ED7               	movwf	215,c	;volatile
  4022   0023F0                     
  4023                           ;MCAL_Layer/Timers/hal_timer0.c: 110:     TMR0L = (uint8)(timer0_preload);
  4024   0023F0  C04E  FFD6         	movff	_timer0_preload,4054	;volatile
  4025   0023F4  0012               	return		;funcret
  4026   0023F6                     __end_of_TMR0_ISR:
  4027                           	callstack 0
  4028                           
  4029 ;; *************** function _SPI_ISR *****************
  4030 ;; Defined at:
  4031 ;;		line 95 in file "MCAL_Layer/MSSP_SPI/hal_mssp_spi.c"
  4032 ;; Parameters:    Size  Location     Type
  4033 ;;		None
  4034 ;; Auto vars:     Size  Location     Type
  4035 ;;		None
  4036 ;; Return value:  Size  Location     Type
  4037 ;;                  1    wreg      void 
  4038 ;; Registers used:
  4039 ;;		None
  4040 ;; Tracked objects:
  4041 ;;		On entry : 0/0
  4042 ;;		On exit  : 0/0
  4043 ;;		Unchanged: 0/0
  4044 ;; Data sizes:     COMRAM   BANK0   BANK1   BANK2   BANK3   BANK4   BANK5   BANK6   BANK7   BANK8   BANK9  BANK10  BANK1
      +1  BANK12  BANK13  BANK14  BANK15
  4045 ;;      Params:         0       0       0       0       0       0       0       0       0       0       0       0       
      +0       0       0       0       0
  4046 ;;      Locals:         0       0       0       0       0       0       0       0       0       0       0       0       
      +0       0       0       0       0
  4047 ;;      Temps:          0       0       0       0       0       0       0       0       0       0       0       0       
      +0       0       0       0       0
  4048 ;;      Totals:         0       0       0       0       0       0       0       0       0       0       0       0       
      +0       0       0       0       0
  4049 ;;Total ram usage:        0 bytes
  4050 ;; Hardware stack levels used: 1
  4051 ;; This function calls:
  4052 ;;		Nothing
  4053 ;; This function is called by:
  4054 ;;		_InterruptManager
  4055 ;; This function uses a non-reentrant model
  4056 ;;
  4057                           
  4058                           	psect	text20
  4059   002408                     __ptext20:
  4060                           	callstack 0
  4061   002408                     _SPI_ISR:
  4062                           	callstack 26
  4063   002408                     
  4064                           ;MCAL_Layer/MSSP_SPI/hal_mssp_spi.c: 97:     SPI_InterruptHandler_Callbak();
  4065   002408  969E               	bcf	158,3,c	;volatile
  4066   00240A  0012               	return		;funcret
  4067   00240C                     __end_of_SPI_ISR:
  4068                           	callstack 0
  4069                           
  4070 ;; *************** function _RB7_ISR *****************
  4071 ;; Defined at:
  4072 ;;		line 167 in file "MCAL_Layer/Interrupt/mcal_external_interrupt.c"
  4073 ;; Parameters:    Size  Location     Type
  4074 ;;  RB7_Source      1    wreg     unsigned char 
  4075 ;; Auto vars:     Size  Location     Type
  4076 ;;  RB7_Source      1    0[COMRAM] unsigned char 
  4077 ;; Return value:  Size  Location     Type
  4078 ;;                  1    wreg      void 
  4079 ;; Registers used:
  4080 ;;		wreg, status,2, status,0
  4081 ;; Tracked objects:
  4082 ;;		On entry : 0/0
  4083 ;;		On exit  : 0/0
  4084 ;;		Unchanged: 0/0
  4085 ;; Data sizes:     COMRAM   BANK0   BANK1   BANK2   BANK3   BANK4   BANK5   BANK6   BANK7   BANK8   BANK9  BANK10  BANK1
      +1  BANK12  BANK13  BANK14  BANK15
  4086 ;;      Params:         0       0       0       0       0       0       0       0       0       0       0       0       
      +0       0       0       0       0
  4087 ;;      Locals:         1       0       0       0       0       0       0       0       0       0       0       0       
      +0       0       0       0       0
  4088 ;;      Temps:          0       0       0       0       0       0       0       0       0       0       0       0       
      +0       0       0       0       0
  4089 ;;      Totals:         1       0       0       0       0       0       0       0       0       0       0       0       
      +0       0       0       0       0
  4090 ;;Total ram usage:        1 bytes
  4091 ;; Hardware stack levels used: 1
  4092 ;; This function calls:
  4093 ;;		Nothing
  4094 ;; This function is called by:
  4095 ;;		_InterruptManager
  4096 ;; This function uses a non-reentrant model
  4097 ;;
  4098                           
  4099                           	psect	text21
  4100   00236A                     __ptext21:
  4101                           	callstack 0
  4102   00236A                     _RB7_ISR:
  4103                           	callstack 26
  4104                           
  4105                           ;incstack = 0
  4106                           ;RB7_ISR@RB7_Source stored from wreg
  4107   00236A  6E01               	movwf	RB7_ISR@RB7_Source^0,c
  4108   00236C                     
  4109                           ;MCAL_Layer/Interrupt/mcal_external_interrupt.c: 169:     (INTCONbits.RBIF = 0);
  4110   00236C  90F2               	bcf	242,0,c	;volatile
  4111   00236E                     
  4112                           ;MCAL_Layer/Interrupt/mcal_external_interrupt.c: 172:     if(0 == RB7_Source){
  4113   00236E  5001               	movf	RB7_ISR@RB7_Source^0,w,c
  4114   002370  A4D8               	btfss	status,2,c
  4115   002372  EFBD  F011         	goto	i2u127_41
  4116   002376  EFBF  F011         	goto	i2u127_40
  4117   00237A                     i2u127_41:
  4118   00237A  EFC1  F011         	goto	i2l3188
  4119   00237E                     i2u127_40:
  4120   00237E  EFC1  F011         	goto	i2l944
  4121   002382                     i2l3188:
  4122   002382                     i2l944:
  4123   002382  0012               	return		;funcret
  4124   002384                     __end_of_RB7_ISR:
  4125                           	callstack 0
  4126                           
  4127 ;; *************** function _RB6_ISR *****************
  4128 ;; Defined at:
  4129 ;;		line 148 in file "MCAL_Layer/Interrupt/mcal_external_interrupt.c"
  4130 ;; Parameters:    Size  Location     Type
  4131 ;;  RB6_Source      1    wreg     unsigned char 
  4132 ;; Auto vars:     Size  Location     Type
  4133 ;;  RB6_Source      1    0[COMRAM] unsigned char 
  4134 ;; Return value:  Size  Location     Type
  4135 ;;                  1    wreg      void 
  4136 ;; Registers used:
  4137 ;;		wreg, status,2, status,0
  4138 ;; Tracked objects:
  4139 ;;		On entry : 0/0
  4140 ;;		On exit  : 0/0
  4141 ;;		Unchanged: 0/0
  4142 ;; Data sizes:     COMRAM   BANK0   BANK1   BANK2   BANK3   BANK4   BANK5   BANK6   BANK7   BANK8   BANK9  BANK10  BANK1
      +1  BANK12  BANK13  BANK14  BANK15
  4143 ;;      Params:         0       0       0       0       0       0       0       0       0       0       0       0       
      +0       0       0       0       0
  4144 ;;      Locals:         1       0       0       0       0       0       0       0       0       0       0       0       
      +0       0       0       0       0
  4145 ;;      Temps:          0       0       0       0       0       0       0       0       0       0       0       0       
      +0       0       0       0       0
  4146 ;;      Totals:         1       0       0       0       0       0       0       0       0       0       0       0       
      +0       0       0       0       0
  4147 ;;Total ram usage:        1 bytes
  4148 ;; Hardware stack levels used: 1
  4149 ;; This function calls:
  4150 ;;		Nothing
  4151 ;; This function is called by:
  4152 ;;		_InterruptManager
  4153 ;; This function uses a non-reentrant model
  4154 ;;
  4155                           
  4156                           	psect	text22
  4157   002384                     __ptext22:
  4158                           	callstack 0
  4159   002384                     _RB6_ISR:
  4160                           	callstack 26
  4161                           
  4162                           ;incstack = 0
  4163                           ;RB6_ISR@RB6_Source stored from wreg
  4164   002384  6E01               	movwf	RB6_ISR@RB6_Source^0,c
  4165   002386                     
  4166                           ;MCAL_Layer/Interrupt/mcal_external_interrupt.c: 150:     (INTCONbits.RBIF = 0);
  4167   002386  90F2               	bcf	242,0,c	;volatile
  4168   002388                     
  4169                           ;MCAL_Layer/Interrupt/mcal_external_interrupt.c: 153:     if(0 == RB6_Source){
  4170   002388  5001               	movf	RB6_ISR@RB6_Source^0,w,c
  4171   00238A  A4D8               	btfss	status,2,c
  4172   00238C  EFCA  F011         	goto	i2u126_41
  4173   002390  EFCC  F011         	goto	i2u126_40
  4174   002394                     i2u126_41:
  4175   002394  EFCE  F011         	goto	i2l3174
  4176   002398                     i2u126_40:
  4177   002398  EFCE  F011         	goto	i2l933
  4178   00239C                     i2l3174:
  4179   00239C                     i2l933:
  4180   00239C  0012               	return		;funcret
  4181   00239E                     __end_of_RB6_ISR:
  4182                           	callstack 0
  4183                           
  4184 ;; *************** function _RB5_ISR *****************
  4185 ;; Defined at:
  4186 ;;		line 129 in file "MCAL_Layer/Interrupt/mcal_external_interrupt.c"
  4187 ;; Parameters:    Size  Location     Type
  4188 ;;  RB5_Source      1    wreg     unsigned char 
  4189 ;; Auto vars:     Size  Location     Type
  4190 ;;  RB5_Source      1    0[COMRAM] unsigned char 
  4191 ;; Return value:  Size  Location     Type
  4192 ;;                  1    wreg      void 
  4193 ;; Registers used:
  4194 ;;		wreg, status,2, status,0
  4195 ;; Tracked objects:
  4196 ;;		On entry : 0/0
  4197 ;;		On exit  : 0/0
  4198 ;;		Unchanged: 0/0
  4199 ;; Data sizes:     COMRAM   BANK0   BANK1   BANK2   BANK3   BANK4   BANK5   BANK6   BANK7   BANK8   BANK9  BANK10  BANK1
      +1  BANK12  BANK13  BANK14  BANK15
  4200 ;;      Params:         0       0       0       0       0       0       0       0       0       0       0       0       
      +0       0       0       0       0
  4201 ;;      Locals:         1       0       0       0       0       0       0       0       0       0       0       0       
      +0       0       0       0       0
  4202 ;;      Temps:          0       0       0       0       0       0       0       0       0       0       0       0       
      +0       0       0       0       0
  4203 ;;      Totals:         1       0       0       0       0       0       0       0       0       0       0       0       
      +0       0       0       0       0
  4204 ;;Total ram usage:        1 bytes
  4205 ;; Hardware stack levels used: 1
  4206 ;; This function calls:
  4207 ;;		Nothing
  4208 ;; This function is called by:
  4209 ;;		_InterruptManager
  4210 ;; This function uses a non-reentrant model
  4211 ;;
  4212                           
  4213                           	psect	text23
  4214   00239E                     __ptext23:
  4215                           	callstack 0
  4216   00239E                     _RB5_ISR:
  4217                           	callstack 26
  4218                           
  4219                           ;incstack = 0
  4220                           ;RB5_ISR@RB5_Source stored from wreg
  4221   00239E  6E01               	movwf	RB5_ISR@RB5_Source^0,c
  4222   0023A0                     
  4223                           ;MCAL_Layer/Interrupt/mcal_external_interrupt.c: 131:     (INTCONbits.RBIF = 0);
  4224   0023A0  90F2               	bcf	242,0,c	;volatile
  4225   0023A2                     
  4226                           ;MCAL_Layer/Interrupt/mcal_external_interrupt.c: 134:     if(0 == RB5_Source){
  4227   0023A2  5001               	movf	RB5_ISR@RB5_Source^0,w,c
  4228   0023A4  A4D8               	btfss	status,2,c
  4229   0023A6  EFD7  F011         	goto	i2u125_41
  4230   0023AA  EFD9  F011         	goto	i2u125_40
  4231   0023AE                     i2u125_41:
  4232   0023AE  EFDB  F011         	goto	i2l3160
  4233   0023B2                     i2u125_40:
  4234   0023B2  EFDB  F011         	goto	i2l922
  4235   0023B6                     i2l3160:
  4236   0023B6                     i2l922:
  4237   0023B6  0012               	return		;funcret
  4238   0023B8                     __end_of_RB5_ISR:
  4239                           	callstack 0
  4240                           
  4241 ;; *************** function _RB4_ISR *****************
  4242 ;; Defined at:
  4243 ;;		line 110 in file "MCAL_Layer/Interrupt/mcal_external_interrupt.c"
  4244 ;; Parameters:    Size  Location     Type
  4245 ;;  RB4_Source      1    wreg     unsigned char 
  4246 ;; Auto vars:     Size  Location     Type
  4247 ;;  RB4_Source      1    0[COMRAM] unsigned char 
  4248 ;; Return value:  Size  Location     Type
  4249 ;;                  1    wreg      void 
  4250 ;; Registers used:
  4251 ;;		wreg, status,2, status,0
  4252 ;; Tracked objects:
  4253 ;;		On entry : 0/0
  4254 ;;		On exit  : 0/0
  4255 ;;		Unchanged: 0/0
  4256 ;; Data sizes:     COMRAM   BANK0   BANK1   BANK2   BANK3   BANK4   BANK5   BANK6   BANK7   BANK8   BANK9  BANK10  BANK1
      +1  BANK12  BANK13  BANK14  BANK15
  4257 ;;      Params:         0       0       0       0       0       0       0       0       0       0       0       0       
      +0       0       0       0       0
  4258 ;;      Locals:         1       0       0       0       0       0       0       0       0       0       0       0       
      +0       0       0       0       0
  4259 ;;      Temps:          0       0       0       0       0       0       0       0       0       0       0       0       
      +0       0       0       0       0
  4260 ;;      Totals:         1       0       0       0       0       0       0       0       0       0       0       0       
      +0       0       0       0       0
  4261 ;;Total ram usage:        1 bytes
  4262 ;; Hardware stack levels used: 1
  4263 ;; This function calls:
  4264 ;;		Nothing
  4265 ;; This function is called by:
  4266 ;;		_InterruptManager
  4267 ;; This function uses a non-reentrant model
  4268 ;;
  4269                           
  4270                           	psect	text24
  4271   0023B8                     __ptext24:
  4272                           	callstack 0
  4273   0023B8                     _RB4_ISR:
  4274                           	callstack 26
  4275                           
  4276                           ;incstack = 0
  4277                           ;RB4_ISR@RB4_Source stored from wreg
  4278   0023B8  6E01               	movwf	RB4_ISR@RB4_Source^0,c
  4279   0023BA                     
  4280                           ;MCAL_Layer/Interrupt/mcal_external_interrupt.c: 112:     (INTCONbits.RBIF = 0);
  4281   0023BA  90F2               	bcf	242,0,c	;volatile
  4282   0023BC                     
  4283                           ;MCAL_Layer/Interrupt/mcal_external_interrupt.c: 115:     if(0 == RB4_Source){
  4284   0023BC  5001               	movf	RB4_ISR@RB4_Source^0,w,c
  4285   0023BE  A4D8               	btfss	status,2,c
  4286   0023C0  EFE4  F011         	goto	i2u124_41
  4287   0023C4  EFE6  F011         	goto	i2u124_40
  4288   0023C8                     i2u124_41:
  4289   0023C8  EFE8  F011         	goto	i2l3146
  4290   0023CC                     i2u124_40:
  4291   0023CC  EFE8  F011         	goto	i2l911
  4292   0023D0                     i2l3146:
  4293   0023D0                     i2l911:
  4294   0023D0  0012               	return		;funcret
  4295   0023D2                     __end_of_RB4_ISR:
  4296                           	callstack 0
  4297                           
  4298 ;; *************** function _MSSP_I2C_BC_ISR *****************
  4299 ;; Defined at:
  4300 ;;		line 251 in file "MCAL_Layer/mssp_i2c_m/hal_mssp_i2c_m.c"
  4301 ;; Parameters:    Size  Location     Type
  4302 ;;		None
  4303 ;; Auto vars:     Size  Location     Type
  4304 ;;		None
  4305 ;; Return value:  Size  Location     Type
  4306 ;;                  1    wreg      void 
  4307 ;; Registers used:
  4308 ;;		None
  4309 ;; Tracked objects:
  4310 ;;		On entry : 0/0
  4311 ;;		On exit  : 0/0
  4312 ;;		Unchanged: 0/0
  4313 ;; Data sizes:     COMRAM   BANK0   BANK1   BANK2   BANK3   BANK4   BANK5   BANK6   BANK7   BANK8   BANK9  BANK10  BANK1
      +1  BANK12  BANK13  BANK14  BANK15
  4314 ;;      Params:         0       0       0       0       0       0       0       0       0       0       0       0       
      +0       0       0       0       0
  4315 ;;      Locals:         0       0       0       0       0       0       0       0       0       0       0       0       
      +0       0       0       0       0
  4316 ;;      Temps:          0       0       0       0       0       0       0       0       0       0       0       0       
      +0       0       0       0       0
  4317 ;;      Totals:         0       0       0       0       0       0       0       0       0       0       0       0       
      +0       0       0       0       0
  4318 ;;Total ram usage:        0 bytes
  4319 ;; Hardware stack levels used: 1
  4320 ;; This function calls:
  4321 ;;		Nothing
  4322 ;; This function is called by:
  4323 ;;		_InterruptManager
  4324 ;; This function uses a non-reentrant model
  4325 ;;
  4326                           
  4327                           	psect	text25
  4328   00240C                     __ptext25:
  4329                           	callstack 0
  4330   00240C                     _MSSP_I2C_BC_ISR:
  4331                           	callstack 26
  4332   00240C                     
  4333                           ;MCAL_Layer/mssp_i2c_m/hal_mssp_i2c_m.c: 253:     (PIR2bits.BCLIF = 0);
  4334   00240C  96A1               	bcf	161,3,c	;volatile
  4335   00240E  0012               	return		;funcret
  4336   002410                     __end_of_MSSP_I2C_BC_ISR:
  4337                           	callstack 0
  4338                           
  4339 ;; *************** function _INT2_ISR *****************
  4340 ;; Defined at:
  4341 ;;		line 98 in file "MCAL_Layer/Interrupt/mcal_external_interrupt.c"
  4342 ;; Parameters:    Size  Location     Type
  4343 ;;		None
  4344 ;; Auto vars:     Size  Location     Type
  4345 ;;		None
  4346 ;; Return value:  Size  Location     Type
  4347 ;;                  1    wreg      void 
  4348 ;; Registers used:
  4349 ;;		None
  4350 ;; Tracked objects:
  4351 ;;		On entry : 0/0
  4352 ;;		On exit  : 0/0
  4353 ;;		Unchanged: 0/0
  4354 ;; Data sizes:     COMRAM   BANK0   BANK1   BANK2   BANK3   BANK4   BANK5   BANK6   BANK7   BANK8   BANK9  BANK10  BANK1
      +1  BANK12  BANK13  BANK14  BANK15
  4355 ;;      Params:         0       0       0       0       0       0       0       0       0       0       0       0       
      +0       0       0       0       0
  4356 ;;      Locals:         0       0       0       0       0       0       0       0       0       0       0       0       
      +0       0       0       0       0
  4357 ;;      Temps:          0       0       0       0       0       0       0       0       0       0       0       0       
      +0       0       0       0       0
  4358 ;;      Totals:         0       0       0       0       0       0       0       0       0       0       0       0       
      +0       0       0       0       0
  4359 ;;Total ram usage:        0 bytes
  4360 ;; Hardware stack levels used: 1
  4361 ;; This function calls:
  4362 ;;		Nothing
  4363 ;; This function is called by:
  4364 ;;		_InterruptManager
  4365 ;; This function uses a non-reentrant model
  4366 ;;
  4367                           
  4368                           	psect	text26
  4369   002410                     __ptext26:
  4370                           	callstack 0
  4371   002410                     _INT2_ISR:
  4372                           	callstack 26
  4373   002410                     
  4374                           ;MCAL_Layer/Interrupt/mcal_external_interrupt.c: 100:     (INTCON3bits.INT2IF = 0);
  4375   002410  92F0               	bcf	240,1,c	;volatile
  4376   002412  0012               	return		;funcret
  4377   002414                     __end_of_INT2_ISR:
  4378                           	callstack 0
  4379                           
  4380 ;; *************** function _INT1_ISR *****************
  4381 ;; Defined at:
  4382 ;;		line 89 in file "MCAL_Layer/Interrupt/mcal_external_interrupt.c"
  4383 ;; Parameters:    Size  Location     Type
  4384 ;;		None
  4385 ;; Auto vars:     Size  Location     Type
  4386 ;;		None
  4387 ;; Return value:  Size  Location     Type
  4388 ;;                  1    wreg      void 
  4389 ;; Registers used:
  4390 ;;		None
  4391 ;; Tracked objects:
  4392 ;;		On entry : 0/0
  4393 ;;		On exit  : 0/0
  4394 ;;		Unchanged: 0/0
  4395 ;; Data sizes:     COMRAM   BANK0   BANK1   BANK2   BANK3   BANK4   BANK5   BANK6   BANK7   BANK8   BANK9  BANK10  BANK1
      +1  BANK12  BANK13  BANK14  BANK15
  4396 ;;      Params:         0       0       0       0       0       0       0       0       0       0       0       0       
      +0       0       0       0       0
  4397 ;;      Locals:         0       0       0       0       0       0       0       0       0       0       0       0       
      +0       0       0       0       0
  4398 ;;      Temps:          0       0       0       0       0       0       0       0       0       0       0       0       
      +0       0       0       0       0
  4399 ;;      Totals:         0       0       0       0       0       0       0       0       0       0       0       0       
      +0       0       0       0       0
  4400 ;;Total ram usage:        0 bytes
  4401 ;; Hardware stack levels used: 1
  4402 ;; This function calls:
  4403 ;;		Nothing
  4404 ;; This function is called by:
  4405 ;;		_InterruptManager
  4406 ;; This function uses a non-reentrant model
  4407 ;;
  4408                           
  4409                           	psect	text27
  4410   002414                     __ptext27:
  4411                           	callstack 0
  4412   002414                     _INT1_ISR:
  4413                           	callstack 26
  4414   002414                     
  4415                           ;MCAL_Layer/Interrupt/mcal_external_interrupt.c: 91:     (INTCON3bits.INT1IF = 0);
  4416   002414  90F0               	bcf	240,0,c	;volatile
  4417   002416  0012               	return		;funcret
  4418   002418                     __end_of_INT1_ISR:
  4419                           	callstack 0
  4420                           
  4421 ;; *************** function _INT0_ISR *****************
  4422 ;; Defined at:
  4423 ;;		line 77 in file "MCAL_Layer/Interrupt/mcal_external_interrupt.c"
  4424 ;; Parameters:    Size  Location     Type
  4425 ;;		None
  4426 ;; Auto vars:     Size  Location     Type
  4427 ;;		None
  4428 ;; Return value:  Size  Location     Type
  4429 ;;                  1    wreg      void 
  4430 ;; Registers used:
  4431 ;;		None
  4432 ;; Tracked objects:
  4433 ;;		On entry : 0/0
  4434 ;;		On exit  : 0/0
  4435 ;;		Unchanged: 0/0
  4436 ;; Data sizes:     COMRAM   BANK0   BANK1   BANK2   BANK3   BANK4   BANK5   BANK6   BANK7   BANK8   BANK9  BANK10  BANK1
      +1  BANK12  BANK13  BANK14  BANK15
  4437 ;;      Params:         0       0       0       0       0       0       0       0       0       0       0       0       
      +0       0       0       0       0
  4438 ;;      Locals:         0       0       0       0       0       0       0       0       0       0       0       0       
      +0       0       0       0       0
  4439 ;;      Temps:          0       0       0       0       0       0       0       0       0       0       0       0       
      +0       0       0       0       0
  4440 ;;      Totals:         0       0       0       0       0       0       0       0       0       0       0       0       
      +0       0       0       0       0
  4441 ;;Total ram usage:        0 bytes
  4442 ;; Hardware stack levels used: 1
  4443 ;; This function calls:
  4444 ;;		Nothing
  4445 ;; This function is called by:
  4446 ;;		_InterruptManager
  4447 ;; This function uses a non-reentrant model
  4448 ;;
  4449                           
  4450                           	psect	text28
  4451   002418                     __ptext28:
  4452                           	callstack 0
  4453   002418                     _INT0_ISR:
  4454                           	callstack 26
  4455   002418                     
  4456                           ;MCAL_Layer/Interrupt/mcal_external_interrupt.c: 79:     (INTCONbits.INT0IF = 0);
  4457   002418  92F2               	bcf	242,1,c	;volatile
  4458   00241A  0012               	return		;funcret
  4459   00241C                     __end_of_INT0_ISR:
  4460                           	callstack 0
  4461                           
  4462 ;; *************** function _EUSART_TX_ISR *****************
  4463 ;; Defined at:
  4464 ;;		line 287 in file "MCAL_Layer/USART/hal_usart.c"
  4465 ;; Parameters:    Size  Location     Type
  4466 ;;		None
  4467 ;; Auto vars:     Size  Location     Type
  4468 ;;		None
  4469 ;; Return value:  Size  Location     Type
  4470 ;;                  1    wreg      void 
  4471 ;; Registers used:
  4472 ;;		None
  4473 ;; Tracked objects:
  4474 ;;		On entry : 0/0
  4475 ;;		On exit  : 0/0
  4476 ;;		Unchanged: 0/0
  4477 ;; Data sizes:     COMRAM   BANK0   BANK1   BANK2   BANK3   BANK4   BANK5   BANK6   BANK7   BANK8   BANK9  BANK10  BANK1
      +1  BANK12  BANK13  BANK14  BANK15
  4478 ;;      Params:         0       0       0       0       0       0       0       0       0       0       0       0       
      +0       0       0       0       0
  4479 ;;      Locals:         0       0       0       0       0       0       0       0       0       0       0       0       
      +0       0       0       0       0
  4480 ;;      Temps:          0       0       0       0       0       0       0       0       0       0       0       0       
      +0       0       0       0       0
  4481 ;;      Totals:         0       0       0       0       0       0       0       0       0       0       0       0       
      +0       0       0       0       0
  4482 ;;Total ram usage:        0 bytes
  4483 ;; Hardware stack levels used: 1
  4484 ;; This function calls:
  4485 ;;		Nothing
  4486 ;; This function is called by:
  4487 ;;		_InterruptManager
  4488 ;; This function uses a non-reentrant model
  4489 ;;
  4490                           
  4491                           	psect	text29
  4492   00241C                     __ptext29:
  4493                           	callstack 0
  4494   00241C                     _EUSART_TX_ISR:
  4495                           	callstack 26
  4496   00241C                     
  4497                           ;MCAL_Layer/USART/hal_usart.c: 288:     (PIE1bits.TXIE = 0);
  4498   00241C  989D               	bcf	157,4,c	;volatile
  4499   00241E  0012               	return		;funcret
  4500   002420                     __end_of_EUSART_TX_ISR:
  4501                           	callstack 0
  4502                           
  4503 ;; *************** function _EUSART_RX_ISR *****************
  4504 ;; Defined at:
  4505 ;;		line 294 in file "MCAL_Layer/USART/hal_usart.c"
  4506 ;; Parameters:    Size  Location     Type
  4507 ;;		None
  4508 ;; Auto vars:     Size  Location     Type
  4509 ;;		None
  4510 ;; Return value:  Size  Location     Type
  4511 ;;                  1    wreg      void 
  4512 ;; Registers used:
  4513 ;;		wreg, status,2, status,0
  4514 ;; Tracked objects:
  4515 ;;		On entry : 0/0
  4516 ;;		On exit  : 0/0
  4517 ;;		Unchanged: 0/0
  4518 ;; Data sizes:     COMRAM   BANK0   BANK1   BANK2   BANK3   BANK4   BANK5   BANK6   BANK7   BANK8   BANK9  BANK10  BANK1
      +1  BANK12  BANK13  BANK14  BANK15
  4519 ;;      Params:         0       0       0       0       0       0       0       0       0       0       0       0       
      +0       0       0       0       0
  4520 ;;      Locals:         0       0       0       0       0       0       0       0       0       0       0       0       
      +0       0       0       0       0
  4521 ;;      Temps:          0       0       0       0       0       0       0       0       0       0       0       0       
      +0       0       0       0       0
  4522 ;;      Totals:         0       0       0       0       0       0       0       0       0       0       0       0       
      +0       0       0       0       0
  4523 ;;Total ram usage:        0 bytes
  4524 ;; Hardware stack levels used: 1
  4525 ;; This function calls:
  4526 ;;		Nothing
  4527 ;; This function is called by:
  4528 ;;		_InterruptManager
  4529 ;; This function uses a non-reentrant model
  4530 ;;
  4531                           
  4532                           	psect	text30
  4533   00242E                     __ptext30:
  4534                           	callstack 0
  4535   00242E                     _EUSART_RX_ISR:
  4536                           	callstack 26
  4537   00242E  0012               	return		;funcret
  4538   002430                     __end_of_EUSART_RX_ISR:
  4539                           	callstack 0
  4540                           
  4541 ;; *************** function _CCP2_ISR *****************
  4542 ;; Defined at:
  4543 ;;		line 300 in file "MCAL_Layer/CCP/hal_ccp.c"
  4544 ;; Parameters:    Size  Location     Type
  4545 ;;		None
  4546 ;; Auto vars:     Size  Location     Type
  4547 ;;		None
  4548 ;; Return value:  Size  Location     Type
  4549 ;;                  1    wreg      void 
  4550 ;; Registers used:
  4551 ;;		None
  4552 ;; Tracked objects:
  4553 ;;		On entry : 0/0
  4554 ;;		On exit  : 0/0
  4555 ;;		Unchanged: 0/0
  4556 ;; Data sizes:     COMRAM   BANK0   BANK1   BANK2   BANK3   BANK4   BANK5   BANK6   BANK7   BANK8   BANK9  BANK10  BANK1
      +1  BANK12  BANK13  BANK14  BANK15
  4557 ;;      Params:         0       0       0       0       0       0       0       0       0       0       0       0       
      +0       0       0       0       0
  4558 ;;      Locals:         0       0       0       0       0       0       0       0       0       0       0       0       
      +0       0       0       0       0
  4559 ;;      Temps:          0       0       0       0       0       0       0       0       0       0       0       0       
      +0       0       0       0       0
  4560 ;;      Totals:         0       0       0       0       0       0       0       0       0       0       0       0       
      +0       0       0       0       0
  4561 ;;Total ram usage:        0 bytes
  4562 ;; Hardware stack levels used: 1
  4563 ;; This function calls:
  4564 ;;		Nothing
  4565 ;; This function is called by:
  4566 ;;		_InterruptManager
  4567 ;; This function uses a non-reentrant model
  4568 ;;
  4569                           
  4570                           	psect	text31
  4571   002420                     __ptext31:
  4572                           	callstack 0
  4573   002420                     _CCP2_ISR:
  4574                           	callstack 26
  4575   002420                     
  4576                           ;MCAL_Layer/CCP/hal_ccp.c: 301:     (PIR2bits.CCP2IF = 0);
  4577   002420  90A1               	bcf	161,0,c	;volatile
  4578   002422  0012               	return		;funcret
  4579   002424                     __end_of_CCP2_ISR:
  4580                           	callstack 0
  4581                           
  4582 ;; *************** function _CCP1_ISR *****************
  4583 ;; Defined at:
  4584 ;;		line 292 in file "MCAL_Layer/CCP/hal_ccp.c"
  4585 ;; Parameters:    Size  Location     Type
  4586 ;;		None
  4587 ;; Auto vars:     Size  Location     Type
  4588 ;;		None
  4589 ;; Return value:  Size  Location     Type
  4590 ;;                  1    wreg      void 
  4591 ;; Registers used:
  4592 ;;		None
  4593 ;; Tracked objects:
  4594 ;;		On entry : 0/0
  4595 ;;		On exit  : 0/0
  4596 ;;		Unchanged: 0/0
  4597 ;; Data sizes:     COMRAM   BANK0   BANK1   BANK2   BANK3   BANK4   BANK5   BANK6   BANK7   BANK8   BANK9  BANK10  BANK1
      +1  BANK12  BANK13  BANK14  BANK15
  4598 ;;      Params:         0       0       0       0       0       0       0       0       0       0       0       0       
      +0       0       0       0       0
  4599 ;;      Locals:         0       0       0       0       0       0       0       0       0       0       0       0       
      +0       0       0       0       0
  4600 ;;      Temps:          0       0       0       0       0       0       0       0       0       0       0       0       
      +0       0       0       0       0
  4601 ;;      Totals:         0       0       0       0       0       0       0       0       0       0       0       0       
      +0       0       0       0       0
  4602 ;;Total ram usage:        0 bytes
  4603 ;; Hardware stack levels used: 1
  4604 ;; This function calls:
  4605 ;;		Nothing
  4606 ;; This function is called by:
  4607 ;;		_InterruptManager
  4608 ;; This function uses a non-reentrant model
  4609 ;;
  4610                           
  4611                           	psect	text32
  4612   002424                     __ptext32:
  4613                           	callstack 0
  4614   002424                     _CCP1_ISR:
  4615                           	callstack 26
  4616   002424                     
  4617                           ;MCAL_Layer/CCP/hal_ccp.c: 293:     (PIR1bits.CCP1IF = 0);
  4618   002424  949E               	bcf	158,2,c	;volatile
  4619   002426  0012               	return		;funcret
  4620   002428                     __end_of_CCP1_ISR:
  4621                           	callstack 0
  4622                           
  4623 ;; *************** function _ADC_ISR *****************
  4624 ;; Defined at:
  4625 ;;		line 298 in file "MCAL_Layer/ADC/hal_adc.c"
  4626 ;; Parameters:    Size  Location     Type
  4627 ;;		None
  4628 ;; Auto vars:     Size  Location     Type
  4629 ;;		None
  4630 ;; Return value:  Size  Location     Type
  4631 ;;                  1    wreg      void 
  4632 ;; Registers used:
  4633 ;;		None
  4634 ;; Tracked objects:
  4635 ;;		On entry : 0/0
  4636 ;;		On exit  : 0/0
  4637 ;;		Unchanged: 0/0
  4638 ;; Data sizes:     COMRAM   BANK0   BANK1   BANK2   BANK3   BANK4   BANK5   BANK6   BANK7   BANK8   BANK9  BANK10  BANK1
      +1  BANK12  BANK13  BANK14  BANK15
  4639 ;;      Params:         0       0       0       0       0       0       0       0       0       0       0       0       
      +0       0       0       0       0
  4640 ;;      Locals:         0       0       0       0       0       0       0       0       0       0       0       0       
      +0       0       0       0       0
  4641 ;;      Temps:          0       0       0       0       0       0       0       0       0       0       0       0       
      +0       0       0       0       0
  4642 ;;      Totals:         0       0       0       0       0       0       0       0       0       0       0       0       
      +0       0       0       0       0
  4643 ;;Total ram usage:        0 bytes
  4644 ;; Hardware stack levels used: 1
  4645 ;; This function calls:
  4646 ;;		Nothing
  4647 ;; This function is called by:
  4648 ;;		_InterruptManager
  4649 ;; This function uses a non-reentrant model
  4650 ;;
  4651                           
  4652                           	psect	text33
  4653   002428                     __ptext33:
  4654                           	callstack 0
  4655   002428                     _ADC_ISR:
  4656                           	callstack 26
  4657   002428                     
  4658                           ;MCAL_Layer/ADC/hal_adc.c: 299:     (PIR1bits.ADIF = 0);
  4659   002428  9C9E               	bcf	158,6,c	;volatile
  4660   00242A  0012               	return		;funcret
  4661   00242C                     __end_of_ADC_ISR:
  4662                           	callstack 0
  4663                           
  4664                           	psect	rparam
  4665   000000                     
  4666                           	psect	temp
  4667   00007E                     btemp:
  4668                           	callstack 0
  4669   00007E                     	ds	1
  4670   000000                     int$flags	set	btemp
  4671   000000                     wtemp8	set	btemp+1
  4672   000000                     ttemp5	set	btemp+1
  4673   000000                     ttemp6	set	btemp+4
  4674   000000                     ttemp7	set	btemp+8
  4675                           
  4676                           	psect	config
  4677                           
  4678                           ; Padding undefined space
  4679   300000                     	org	3145728
  4680   300000  FF                 	db	255
  4681                           
  4682                           ;Config register CONFIG1H @ 0x300001
  4683                           ;	Oscillator Selection bits
  4684                           ;	OSC = HS, HS oscillator
  4685                           ;	Fail-Safe Clock Monitor Enable bit
  4686                           ;	FCMEN = OFF, Fail-Safe Clock Monitor disabled
  4687                           ;	Internal/External Oscillator Switchover bit
  4688                           ;	IESO = OFF, Oscillator Switchover mode disabled
  4689   300001                     	org	3145729
  4690   300001  02                 	db	2
  4691                           
  4692                           ;Config register CONFIG2L @ 0x300002
  4693                           ;	Power-up Timer Enable bit
  4694                           ;	PWRT = OFF, PWRT disabled
  4695                           ;	Brown-out Reset Enable bits
  4696                           ;	BOREN = OFF, Brown-out Reset disabled in hardware and software
  4697                           ;	Brown Out Reset Voltage bits
  4698                           ;	BORV = 1, 
  4699   300002                     	org	3145730
  4700   300002  09                 	db	9
  4701                           
  4702                           ;Config register CONFIG2H @ 0x300003
  4703                           ;	Watchdog Timer Enable bit
  4704                           ;	WDT = OFF, WDT disabled (control is placed on the SWDTEN bit)
  4705                           ;	Watchdog Timer Postscale Select bits
  4706                           ;	WDTPS = 32768, 1:32768
  4707   300003                     	org	3145731
  4708   300003  1E                 	db	30
  4709                           
  4710                           ; Padding undefined space
  4711   300004                     	org	3145732
  4712   300004  FF                 	db	255
  4713                           
  4714                           ;Config register CONFIG3H @ 0x300005
  4715                           ;	CCP2 MUX bit
  4716                           ;	CCP2MX = PORTC, CCP2 input/output is multiplexed with RC1
  4717                           ;	PORTB A/D Enable bit
  4718                           ;	PBADEN = OFF, PORTB<4:0> pins are configured as digital I/O on Reset
  4719                           ;	Low-Power Timer1 Oscillator Enable bit
  4720                           ;	LPT1OSC = OFF, Timer1 configured for higher power operation
  4721                           ;	MCLR Pin Enable bit
  4722                           ;	MCLRE = ON, MCLR pin enabled; RE3 input pin disabled
  4723   300005                     	org	3145733
  4724   300005  81                 	db	129
  4725                           
  4726                           ;Config register CONFIG4L @ 0x300006
  4727                           ;	Stack Full/Underflow Reset Enable bit
  4728                           ;	STVREN = ON, Stack full/underflow will cause Reset
  4729                           ;	Single-Supply ICSP Enable bit
  4730                           ;	LVP = OFF, Single-Supply ICSP disabled
  4731                           ;	Extended Instruction Set Enable bit
  4732                           ;	XINST = OFF, Instruction set extension and Indexed Addressing mode disabled (Legacy mo
      +                          de)
  4733                           ;	Background Debugger Enable bit
  4734                           ;	DEBUG = 0x1, unprogrammed default
  4735   300006                     	org	3145734
  4736   300006  81                 	db	129
  4737                           
  4738                           ; Padding undefined space
  4739   300007                     	org	3145735
  4740   300007  FF                 	db	255
  4741                           
  4742                           ;Config register CONFIG5L @ 0x300008
  4743                           ;	Code Protection bit
  4744                           ;	CP0 = OFF, Block 0 (000800-003FFFh) not code-protected
  4745                           ;	Code Protection bit
  4746                           ;	CP1 = OFF, Block 1 (004000-007FFFh) not code-protected
  4747                           ;	Code Protection bit
  4748                           ;	CP2 = OFF, Block 2 (008000-00BFFFh) not code-protected
  4749                           ;	Code Protection bit
  4750                           ;	CP3 = OFF, Block 3 (00C000-00FFFFh) not code-protected
  4751   300008                     	org	3145736
  4752   300008  0F                 	db	15
  4753                           
  4754                           ;Config register CONFIG5H @ 0x300009
  4755                           ;	Boot Block Code Protection bit
  4756                           ;	CPB = OFF, Boot block (000000-0007FFh) not code-protected
  4757                           ;	Data EEPROM Code Protection bit
  4758                           ;	CPD = OFF, Data EEPROM not code-protected
  4759   300009                     	org	3145737
  4760   300009  C0                 	db	192
  4761                           
  4762                           ;Config register CONFIG6L @ 0x30000A
  4763                           ;	Write Protection bit
  4764                           ;	WRT0 = OFF, Block 0 (000800-003FFFh) not write-protected
  4765                           ;	Write Protection bit
  4766                           ;	WRT1 = OFF, Block 1 (004000-007FFFh) not write-protected
  4767                           ;	Write Protection bit
  4768                           ;	WRT2 = OFF, Block 2 (008000-00BFFFh) not write-protected
  4769                           ;	Write Protection bit
  4770                           ;	WRT3 = OFF, Block 3 (00C000-00FFFFh) not write-protected
  4771   30000A                     	org	3145738
  4772   30000A  0F                 	db	15
  4773                           
  4774                           ;Config register CONFIG6H @ 0x30000B
  4775                           ;	Configuration Register Write Protection bit
  4776                           ;	WRTC = OFF, Configuration registers (300000-3000FFh) not write-protected
  4777                           ;	Boot Block Write Protection bit
  4778                           ;	WRTB = OFF, Boot Block (000000-0007FFh) not write-protected
  4779                           ;	Data EEPROM Write Protection bit
  4780                           ;	WRTD = OFF, Data EEPROM not write-protected
  4781   30000B                     	org	3145739
  4782   30000B  E0                 	db	224
  4783                           
  4784                           ;Config register CONFIG7L @ 0x30000C
  4785                           ;	Table Read Protection bit
  4786                           ;	EBTR0 = OFF, Block 0 (000800-003FFFh) not protected from table reads executed in other
      +                           blocks
  4787                           ;	Table Read Protection bit
  4788                           ;	EBTR1 = OFF, Block 1 (004000-007FFFh) not protected from table reads executed in other
      +                           blocks
  4789                           ;	Table Read Protection bit
  4790                           ;	EBTR2 = OFF, Block 2 (008000-00BFFFh) not protected from table reads executed in other
      +                           blocks
  4791                           ;	Table Read Protection bit
  4792                           ;	EBTR3 = OFF, Block 3 (00C000-00FFFFh) not protected from table reads executed in other
      +                           blocks
  4793   30000C                     	org	3145740
  4794   30000C  0F                 	db	15
  4795                           
  4796                           ;Config register CONFIG7H @ 0x30000D
  4797                           ;	Boot Block Table Read Protection bit
  4798                           ;	EBTRB = OFF, Boot Block (000000-0007FFh) not protected from table reads executed in ot
      +                          her blocks
  4799   30000D                     	org	3145741
  4800   30000D  40                 	db	64
  4801                           tosu	equ	0xFFF
  4802                           tosh	equ	0xFFE
  4803                           tosl	equ	0xFFD
  4804                           stkptr	equ	0xFFC
  4805                           pclatu	equ	0xFFB
  4806                           pclath	equ	0xFFA
  4807                           pcl	equ	0xFF9
  4808                           tblptru	equ	0xFF8
  4809                           tblptrh	equ	0xFF7
  4810                           tblptrl	equ	0xFF6
  4811                           tablat	equ	0xFF5
  4812                           prodh	equ	0xFF4
  4813                           prodl	equ	0xFF3
  4814                           indf0	equ	0xFEF
  4815                           postinc0	equ	0xFEE
  4816                           postdec0	equ	0xFED
  4817                           preinc0	equ	0xFEC
  4818                           plusw0	equ	0xFEB
  4819                           fsr0h	equ	0xFEA
  4820                           fsr0l	equ	0xFE9
  4821                           wreg	equ	0xFE8
  4822                           indf1	equ	0xFE7
  4823                           postinc1	equ	0xFE6
  4824                           postdec1	equ	0xFE5
  4825                           preinc1	equ	0xFE4
  4826                           plusw1	equ	0xFE3
  4827                           fsr1h	equ	0xFE2
  4828                           fsr1l	equ	0xFE1
  4829                           bsr	equ	0xFE0
  4830                           indf2	equ	0xFDF
  4831                           postinc2	equ	0xFDE
  4832                           postdec2	equ	0xFDD
  4833                           preinc2	equ	0xFDC
  4834                           plusw2	equ	0xFDB
  4835                           fsr2h	equ	0xFDA
  4836                           fsr2l	equ	0xFD9
  4837                           status	equ	0xFD8

Data Sizes:
    Strings     3
    Constant    0
    Data        50
    BSS         89
    Persistent  0
    Stack       0

Auto Spaces:
    Space          Size  Autos    Used
    COMRAM          126     73     125
    BANK0           128      0      87
    BANK1           256      0       0
    BANK2           256      0       0
    BANK3           256      0       0
    BANK4           256      0       0
    BANK5           256      0       0
    BANK6           256      0       0
    BANK7           256      0       0
    BANK8           256      0       0
    BANK9           256      0       0
    BANK10          256      0       0
    BANK11          256      0       0
    BANK12          256      0       0
    BANK13          256      0       0
    BANK14          256      0       0
    BANK15          128      0       0

Pointer List with Targets:

    ADC_GetConversionResult@_adc$ADC_InterruptHandler	PTR FTN()void  size(2) Largest target is 0

    ADC_Init@_adc$ADC_InterruptHandler	PTR FTN()void  size(2) Largest target is 0

    ADC_InterruptHandler	PTR FTN()void  size(2) Largest target is 1
		 -> NULL(), 

    CCP1_InterruptHandler	PTR FTN()void  size(2) Largest target is 1
		 -> NULL(), 

    CCP2_InterruptHandler	PTR FTN()void  size(2) Largest target is 1
		 -> NULL(), 

    CCP_Capture_Mode_Config@_ccp_obj$CCP1_InterruptHandler	PTR FTN()void  size(2) Largest target is 0

    CCP_Capture_Mode_Config@_ccp_obj$CCP2_InterruptHandler	PTR FTN()void  size(2) Largest target is 0

    CCP_Capture_Start@_ccp_obj$CCP1_InterruptHandler	PTR FTN()void  size(2) Largest target is 0

    CCP_Capture_Start@_ccp_obj$CCP2_InterruptHandler	PTR FTN()void  size(2) Largest target is 0

    CCP_Compare_Mode_Config@_ccp_obj$CCP1_InterruptHandler	PTR FTN()void  size(2) Largest target is 0

    CCP_Compare_Mode_Config@_ccp_obj$CCP2_InterruptHandler	PTR FTN()void  size(2) Largest target is 0

    CCP_DeInit@_ccp_obj$CCP1_InterruptHandler	PTR FTN()void  size(2) Largest target is 0

    CCP_DeInit@_ccp_obj$CCP2_InterruptHandler	PTR FTN()void  size(2) Largest target is 0

    CCP_Init@_ccp_obj$CCP1_InterruptHandler	PTR FTN()void  size(2) Largest target is 0

    CCP_Init@_ccp_obj$CCP2_InterruptHandler	PTR FTN()void  size(2) Largest target is 0

    CCP_Interrupt_Config@_ccp_obj$CCP1_InterruptHandler	PTR FTN()void  size(2) Largest target is 0

    CCP_Interrupt_Config@_ccp_obj$CCP2_InterruptHandler	PTR FTN()void  size(2) Largest target is 0

    CCP_Mode_Timer_Select@_ccp_obj$CCP1_InterruptHandler	PTR FTN()void  size(2) Largest target is 0

    CCP_Mode_Timer_Select@_ccp_obj$CCP2_InterruptHandler	PTR FTN()void  size(2) Largest target is 0

    configure_voltage_reference@_adc$ADC_InterruptHandler	PTR FTN()void  size(2) Largest target is 0

    EUSART_ASYNC_RX_Init@_eusart$EUSART_FramingErrorHandler	PTR FTN()void  size(2) Largest target is 0

    EUSART_ASYNC_RX_Init@_eusart$EUSART_OverrunErrorHandler	PTR FTN()void  size(2) Largest target is 0

    EUSART_ASYNC_RX_Init@_eusart$EUSART_RxDefaultInterruptHandler	PTR FTN()void  size(2) Largest target is 0

    EUSART_ASYNC_RX_Init@_eusart$EUSART_TxDefaultInterruptHandler	PTR FTN()void  size(2) Largest target is 0

    EUSART_ASYNC_TX_Init@_eusart$EUSART_FramingErrorHandler	PTR FTN()void  size(2) Largest target is 0

    EUSART_ASYNC_TX_Init@_eusart$EUSART_OverrunErrorHandler	PTR FTN()void  size(2) Largest target is 0

    EUSART_ASYNC_TX_Init@_eusart$EUSART_RxDefaultInterruptHandler	PTR FTN()void  size(2) Largest target is 0

    EUSART_ASYNC_TX_Init@_eusart$EUSART_TxDefaultInterruptHandler	PTR FTN()void  size(2) Largest target is 0

    EUSART_Baud_Rate_Calculation@_eusart$EUSART_FramingErrorHandler	PTR FTN()void  size(2) Largest target is 0

    EUSART_Baud_Rate_Calculation@_eusart$EUSART_OverrunErrorHandler	PTR FTN()void  size(2) Largest target is 0

    EUSART_Baud_Rate_Calculation@_eusart$EUSART_RxDefaultInterruptHandler	PTR FTN()void  size(2) Largest target is 0

    EUSART_Baud_Rate_Calculation@_eusart$EUSART_TxDefaultInterruptHandler	PTR FTN()void  size(2) Largest target is 0

    EUSART_FramingErrorHandler	PTR FTN()void  size(2) Largest target is 1
		 -> NULL(), 

    EUSART_OverrunErrorHandler	PTR FTN()void  size(2) Largest target is 1
		 -> NULL(), 

    EUSART_RxInterruptHandler	PTR FTN()void  size(2) Largest target is 1
		 -> NULL(), 

    EUSART_SYNC_MASTER_Tx_Init@_eusart$EUSART_SYNC_MASTER_TRANSMIT_InterruptHandler	PTR FTN()void  size(2) Largest target is 0

    EUSART_TxInterruptHandler	PTR FTN()void  size(2) Largest target is 1
		 -> NULL(), 

    f$.$buffer	PTR unsigned char  size(2) Largest target is 0

    f$.$source	PTR const unsigned char  size(2) Largest target is 0

    I2C_DefaultInterruptHandle	PTR FTN()void  size(2) Largest target is 2
		 -> i2c_obj$I2C_DefaultInterruptHandler(BANK0[2]), NULL(), 

    I2C_Master_Mode_Clock_Configurations@i2c_obj	PTR const struct . size(1) Largest target is 13
		 -> i2c_obj(BANK0[13]), 

    I2C_Master_Mode_Clock_Configurations@i2c_obj$I2C_DefaultInterruptHandler	PTR FTN()void  size(2) Largest target is 0

    I2C_Master_Mode_Clock_Configurations@i2c_obj$I2C_Report_Receive_Overflow	PTR FTN()void  size(2) Largest target is 0

    I2C_Master_Mode_Clock_Configurations@i2c_obj$I2C_Report_Write_Collision	PTR FTN()void  size(2) Largest target is 0

    i2c_obj$I2C_DefaultInterruptHandler	PTR FTN()void  size(2) Largest target is 0

    i2c_obj$I2C_Report_Receive_Overflow	PTR FTN()void  size(2) Largest target is 0

    i2c_obj$I2C_Report_Write_Collision	PTR FTN()void  size(2) Largest target is 0

    I2C_Report_Receive_Overflow_InterruptHandle	PTR FTN()void  size(2) Largest target is 2
		 -> i2c_obj$I2C_Report_Receive_Overflow(BANK0[2]), NULL(), 

    I2C_Report_Write_Collision_InterruptHandler	PTR FTN()void  size(2) Largest target is 2
		 -> i2c_obj$I2C_Report_Write_Collision(BANK0[2]), NULL(), 

    I2C_Slave_Mode_Configurations@i2c_obj	PTR const struct . size(1) Largest target is 13
		 -> i2c_obj(BANK0[13]), 

    I2C_Slave_Mode_Configurations@i2c_obj$I2C_DefaultInterruptHandler	PTR FTN()void  size(2) Largest target is 0

    I2C_Slave_Mode_Configurations@i2c_obj$I2C_Report_Receive_Overflow	PTR FTN()void  size(2) Largest target is 0

    I2C_Slave_Mode_Configurations@i2c_obj$I2C_Report_Write_Collision	PTR FTN()void  size(2) Largest target is 0

    INT0_InterruptHandler	PTR FTN()void  size(2) Largest target is 1
		 -> NULL(), 

    INT1_InterruptHandler	PTR FTN()void  size(2) Largest target is 1
		 -> NULL(), 

    INT2_InterruptHandler	PTR FTN()void  size(2) Largest target is 1
		 -> NULL(), 

    Interrupt_INTx_Clear_Flag@int_obj$EXT_InterruptHandler	PTR FTN()void  size(2) Largest target is 0

    Interrupt_INTx_Disable@int_obj$EXT_InterruptHandler	PTR FTN()void  size(2) Largest target is 0

    Interrupt_INTx_Edge_Init@int_obj$EXT_InterruptHandler	PTR FTN()void  size(2) Largest target is 0

    Interrupt_INTx_Enable@int_obj$EXT_InterruptHandler	PTR FTN()void  size(2) Largest target is 0

    Interrupt_INTx_Pin_Init@int_obj$EXT_InterruptHandler	PTR FTN()void  size(2) Largest target is 0

    Interrupt_INTx_SetInterruptHandler@int_obj$EXT_InterruptHandler	PTR FTN()void  size(2) Largest target is 0

    Interrupt_RBx_Init@int_obj$EXT_InterruptHandler_HIGH	PTR FTN()void  size(2) Largest target is 0

    Interrupt_RBx_Init@int_obj$EXT_InterruptHandler_LOW	PTR FTN()void  size(2) Largest target is 0

    lat_registers	PTR volatile unsigned char [5] size(2) Largest target is 1
		 -> LATA(BITBIGSFRllllll[1]), LATB(BITBIGSFRlllllh[1]), LATC(BITBIGSFRlllllh[1]), LATD(BITBIGSFRlllllh[1]), 
		 -> LATE(BITBIGSFRlllllh[1]), 

    MSSP_I2C_Init@i2c_obj	PTR const struct . size(1) Largest target is 13
		 -> i2c_obj(BANK0[13]), 

    MSSP_I2C_Init@i2c_obj$I2C_DefaultInterruptHandler	PTR FTN()void  size(2) Largest target is 0

    MSSP_I2C_Init@i2c_obj$I2C_Report_Receive_Overflow	PTR FTN()void  size(2) Largest target is 0

    MSSP_I2C_Init@i2c_obj$I2C_Report_Write_Collision	PTR FTN()void  size(2) Largest target is 0

    MSSP_I2C_Interrupt_Configurations@i2c_obj	PTR const struct . size(1) Largest target is 13
		 -> i2c_obj(BANK0[13]), 

    MSSP_I2C_Interrupt_Configurations@i2c_obj$I2C_DefaultInterruptHandler	PTR FTN()void  size(2) Largest target is 0

    MSSP_I2C_Interrupt_Configurations@i2c_obj$I2C_Report_Receive_Overflow	PTR FTN()void  size(2) Largest target is 0

    MSSP_I2C_Interrupt_Configurations@i2c_obj$I2C_Report_Write_Collision	PTR FTN()void  size(2) Largest target is 0

    MSSP_I2C_Master_Send_Start@i2c_obj	PTR const struct . size(1) Largest target is 13
		 -> i2c_obj(BANK0[13]), 

    MSSP_I2C_Master_Send_Stop@i2c_obj	PTR const struct . size(1) Largest target is 13
		 -> i2c_obj(BANK0[13]), 

    MSSP_I2C_Master_Write_Blocking@_ack	PTR unsigned char  size(1) Largest target is 1
		 -> slave_ack(COMRAM[1]), 

    MSSP_I2C_Master_Write_Blocking@i2c_obj	PTR const struct . size(1) Largest target is 13
		 -> i2c_obj(BANK0[13]), 

    port_registers	PTR volatile unsigned char [5] size(2) Largest target is 1
		 -> PORTA(BITBIGSFRllllll[1]), PORTB(BITBIGSFRllllll[1]), PORTC(BITBIGSFRllllll[1]), PORTD(BITBIGSFRllllll[1]), 
		 -> PORTE(BITBIGSFRllllll[1]), 

    RB4_InterruptHandler_HIGH	PTR FTN()void  size(2) Largest target is 1
		 -> NULL(), 

    RB4_InterruptHandler_LOW	PTR FTN()void  size(2) Largest target is 1
		 -> NULL(), 

    RB5_InterruptHandler_HIGH	PTR FTN()void  size(2) Largest target is 1
		 -> NULL(), 

    RB5_InterruptHandler_LOW	PTR FTN()void  size(2) Largest target is 1
		 -> NULL(), 

    RB6_InterruptHandler_HIGH	PTR FTN()void  size(2) Largest target is 1
		 -> NULL(), 

    RB6_InterruptHandler_LOW	PTR FTN()void  size(2) Largest target is 1
		 -> NULL(), 

    RB7_InterruptHandler_HIGH	PTR FTN()void  size(2) Largest target is 1
		 -> NULL(), 

    RB7_InterruptHandler_LOW	PTR FTN()void  size(2) Largest target is 1
		 -> NULL(), 

    S1163$CCP1_InterruptHandler	PTR FTN()void  size(2) Largest target is 0

    S1163$CCP2_InterruptHandler	PTR FTN()void  size(2) Largest target is 0

    S2065$EXT_InterruptHandler	PTR FTN()void  size(2) Largest target is 0

    S2163$EXT_InterruptHandler_HIGH	PTR FTN()void  size(2) Largest target is 0

    S2163$EXT_InterruptHandler_LOW	PTR FTN()void  size(2) Largest target is 0

    S2390$I2C_DefaultInterruptHandler	PTR FTN()void  size(2) Largest target is 0

    S2390$I2C_Report_Receive_Overflow	PTR FTN()void  size(2) Largest target is 0

    S2390$I2C_Report_Write_Collision	PTR FTN()void  size(2) Largest target is 0

    S2888$SPI_InterruptHandler	PTR FTN()void  size(2) Largest target is 0

    S3135$TMR0_InterruptHandler	PTR FTN()void  size(2) Largest target is 0

    S3300$TMR1_InterruptHandler	PTR FTN()void  size(2) Largest target is 0

    S3490$TMR2_InterruptHandler	PTR FTN()void  size(2) Largest target is 0

    S3621$TMR3_InterruptHandler	PTR FTN()void  size(2) Largest target is 0

    S3815$EUSART_FramingErrorHandler	PTR FTN()void  size(2) Largest target is 0

    S3815$EUSART_OverrunErrorHandler	PTR FTN()void  size(2) Largest target is 0

    S3815$EUSART_RxDefaultInterruptHandler	PTR FTN()void  size(2) Largest target is 0

    S3815$EUSART_TxDefaultInterruptHandler	PTR FTN()void  size(2) Largest target is 0

    S4005$EUSART_SYNC_MASTER_TRANSMIT_InterruptHandler	PTR FTN()void  size(2) Largest target is 0

    S4751$buffer	PTR unsigned char  size(2) Largest target is 0

    S4751$source	PTR const unsigned char  size(2) Largest target is 0

    S775$ADC_InterruptHandler	PTR FTN()void  size(2) Largest target is 0

    select_result_format@_adc$ADC_InterruptHandler	PTR FTN()void  size(2) Largest target is 0

    sp__memset	PTR void  size(2) Largest target is 0

    SPI_initialize@_spi$SPI_InterruptHandler	PTR FTN()void  size(2) Largest target is 0

    SPI_InterruptHandler_Callbak	PTR FTN()void  size(2) Largest target is 1
		 -> NULL(), 

    SPI_Write_Byte@_spi$SPI_InterruptHandler	PTR FTN()void  size(2) Largest target is 0

    Timer0_Init@_timer$TMR0_InterruptHandler	PTR FTN()void  size(2) Largest target is 0

    Timer0_Mode_Select@_timer$TMR0_InterruptHandler	PTR FTN()void  size(2) Largest target is 0

    Timer0_Prescaler_Config@_timer$TMR0_InterruptHandler	PTR FTN()void  size(2) Largest target is 0

    Timer0_Register_Size_Config@_timer$TMR0_InterruptHandler	PTR FTN()void  size(2) Largest target is 0

    Timer1_Init@_timer$TMR1_InterruptHandler	PTR FTN()void  size(2) Largest target is 0

    Timer1_Mode_Select@_timer$TMR1_InterruptHandler	PTR FTN()void  size(2) Largest target is 0

    Timer2_Init@_timer$TMR2_InterruptHandler	PTR FTN()void  size(2) Largest target is 0

    Timer3_Init@_timer$TMR3_InterruptHandler	PTR FTN()void  size(2) Largest target is 0

    Timer3_Mode_Select@_timer$TMR3_InterruptHandler	PTR FTN()void  size(2) Largest target is 0

    TMR0_InterruptHandler	PTR FTN()void  size(2) Largest target is 1
		 -> NULL(), 

    TMR1_InterruptHandler	PTR FTN()volatile void  size(2) Largest target is 1
		 -> NULL(), 

    TMR2_InterruptHandler	PTR FTN()void  size(2) Largest target is 1
		 -> NULL(), 

    TMR3_InterruptHandler	PTR FTN()void  size(2) Largest target is 1
		 -> NULL(), 

    tris_registers	PTR volatile unsigned char [5] size(2) Largest target is 1
		 -> TRISA(BITBIGSFRllllll[1]), TRISB(ABS[1]), TRISC(ABS[1]), TRISD(ABS[1]), 
		 -> TRISE(ABS[1]), 

    vfprintf$0	PTR struct _IO_FILE size(1) Largest target is 12
		 -> sprintf@f(COMRAM[12]), 

    vfprintf$1	PTR const unsigned char  size(1) Largest target is 3
		 -> STR_1(CODE[3]), STR_2(CODE[3]), STR_3(CODE[3]), 

    vfprintf$2	PTR PTR void  size(1) Largest target is 1
		 -> sprintf@ap(COMRAM[1]), 


Critical Paths under _main in COMRAM

    _main->_MSSP_I2C_Init
    _MSSP_I2C_Send_1_Byte->_MSSP_I2C_Master_Write_Blocking
    _MSSP_I2C_Init->_I2C_Master_Mode_Clock_Configurations
    _I2C_Master_Mode_Clock_Configurations->___fltol
    ___fltol->___fladd
    ___fldiv->___xxtofl
    ___fladd->___fldiv

Critical Paths under _InterruptManager in COMRAM

    _InterruptManager->_RB4_ISR
    _InterruptManager->_RB5_ISR
    _InterruptManager->_RB6_ISR
    _InterruptManager->_RB7_ISR

Critical Paths under _main in BANK0

    None.

Critical Paths under _InterruptManager in BANK0

    None.

Critical Paths under _main in BANK1

    None.

Critical Paths under _InterruptManager in BANK1

    None.

Critical Paths under _main in BANK2

    None.

Critical Paths under _InterruptManager in BANK2

    None.

Critical Paths under _main in BANK3

    None.

Critical Paths under _InterruptManager in BANK3

    None.

Critical Paths under _main in BANK4

    None.

Critical Paths under _InterruptManager in BANK4

    None.

Critical Paths under _main in BANK5

    None.

Critical Paths under _InterruptManager in BANK5

    None.

Critical Paths under _main in BANK6

    None.

Critical Paths under _InterruptManager in BANK6

    None.

Critical Paths under _main in BANK7

    None.

Critical Paths under _InterruptManager in BANK7

    None.

Critical Paths under _main in BANK8

    None.

Critical Paths under _InterruptManager in BANK8

    None.

Critical Paths under _main in BANK9

    None.

Critical Paths under _InterruptManager in BANK9

    None.

Critical Paths under _main in BANK10

    None.

Critical Paths under _InterruptManager in BANK10

    None.

Critical Paths under _main in BANK11

    None.

Critical Paths under _InterruptManager in BANK11

    None.

Critical Paths under _main in BANK12

    None.

Critical Paths under _InterruptManager in BANK12

    None.

Critical Paths under _main in BANK13

    None.

Critical Paths under _InterruptManager in BANK13

    None.

Critical Paths under _main in BANK14

    None.

Critical Paths under _InterruptManager in BANK14

    None.

Critical Paths under _main in BANK15

    None.

Critical Paths under _InterruptManager in BANK15

    None.

Call Graph Tables:

 ---------------------------------------------------------------------------------
 (Depth) Function   	        Calls       Base Space   Used Autos Params    Refs
 ---------------------------------------------------------------------------------
 (0) _main                                                 3     3      0    9743
                                             71 COMRAM     2     2      0
                      _MSSP_I2C_Init
               _MSSP_I2C_Send_1_Byte
              _application_intialize
 ---------------------------------------------------------------------------------
 (1) _application_intialize                                1     1      0       1
 ---------------------------------------------------------------------------------
 (1) _MSSP_I2C_Send_1_Byte                                 3     2      1    1321
                                              5 COMRAM     1     0      1
         _MSSP_I2C_Master_Send_Start
          _MSSP_I2C_Master_Send_Stop
     _MSSP_I2C_Master_Write_Blocking
 ---------------------------------------------------------------------------------
 (2) _MSSP_I2C_Master_Write_Blocking                       4     1      3     591
                                              1 COMRAM     4     1      3
 ---------------------------------------------------------------------------------
 (2) _MSSP_I2C_Master_Send_Stop                            2     1      1     200
                                              1 COMRAM     2     1      1
 ---------------------------------------------------------------------------------
 (2) _MSSP_I2C_Master_Send_Start                           2     1      1     200
                                              1 COMRAM     2     1      1
 ---------------------------------------------------------------------------------
 (1) _MSSP_I2C_Init                                        2     1      1    8419
                                             69 COMRAM     2     1      1
_I2C_Master_Mode_Clock_Configuration
      _I2C_Slave_Mode_Configurations
  _MSSP_I2C_Interrupt_Configurations
             _MSSP_I2C_Mode_GPIO_CFG
 ---------------------------------------------------------------------------------
 (2) _MSSP_I2C_Mode_GPIO_CFG                               0     0      0       0
 ---------------------------------------------------------------------------------
 (2) _MSSP_I2C_Interrupt_Configurations                    1     0      1     142
                                              1 COMRAM     1     0      1
 ---------------------------------------------------------------------------------
 (2) _I2C_Slave_Mode_Configurations                        2     1      1      98
                                              1 COMRAM     2     1      1
 ---------------------------------------------------------------------------------
 (2) _I2C_Master_Mode_Clock_Configurations                 3     2      1    7792
                                             66 COMRAM     3     2      1
                            ___fladd
                            ___fldiv
                            ___fltol
                           ___xxtofl
 ---------------------------------------------------------------------------------
 (3) ___xxtofl                                            14    10      4     827
                                              1 COMRAM    14    10      4
 ---------------------------------------------------------------------------------
 (3) ___fltol                                             10     6      4     430
                                             56 COMRAM    10     6      4
                            ___fladd (ARG)
                            ___fldiv (ARG)
                           ___xxtofl (ARG)
 ---------------------------------------------------------------------------------
 (3) ___fldiv                                             25    17      8    3169
                                             15 COMRAM    25    17      8
                           ___xxtofl (ARG)
 ---------------------------------------------------------------------------------
 (3) ___fladd                                             16     8      8    3246
                                             40 COMRAM    16     8      8
                            ___fldiv (ARG)
                           ___xxtofl (ARG)
 ---------------------------------------------------------------------------------
 Estimated maximum stack depth 3
 ---------------------------------------------------------------------------------
 (Depth) Function   	        Calls       Base Space   Used Autos Params    Refs
 ---------------------------------------------------------------------------------
 (4) _InterruptManager                                     0     0      0     120
                            _ADC_ISR
                           _CCP1_ISR
                           _CCP2_ISR
                      _EUSART_RX_ISR
                      _EUSART_TX_ISR
                           _INT0_ISR
                           _INT1_ISR
                           _INT2_ISR
                    _MSSP_I2C_BC_ISR
                            _RB4_ISR
                            _RB5_ISR
                            _RB6_ISR
                            _RB7_ISR
                            _SPI_ISR
                           _TMR0_ISR
                           _TMR1_ISR
                           _TMR2_ISR
                           _TMR3_ISR
 ---------------------------------------------------------------------------------
 (5) _TMR3_ISR                                             0     0      0       0
 ---------------------------------------------------------------------------------
 (5) _TMR2_ISR                                             0     0      0       0
 ---------------------------------------------------------------------------------
 (5) _TMR1_ISR                                             0     0      0       0
 ---------------------------------------------------------------------------------
 (5) _TMR0_ISR                                             0     0      0       0
 ---------------------------------------------------------------------------------
 (5) _SPI_ISR                                              0     0      0       0
 ---------------------------------------------------------------------------------
 (5) _RB7_ISR                                              1     1      0      30
                                              0 COMRAM     1     1      0
 ---------------------------------------------------------------------------------
 (5) _RB6_ISR                                              1     1      0      30
                                              0 COMRAM     1     1      0
 ---------------------------------------------------------------------------------
 (5) _RB5_ISR                                              1     1      0      30
                                              0 COMRAM     1     1      0
 ---------------------------------------------------------------------------------
 (5) _RB4_ISR                                              1     1      0      30
                                              0 COMRAM     1     1      0
 ---------------------------------------------------------------------------------
 (5) _MSSP_I2C_BC_ISR                                      0     0      0       0
 ---------------------------------------------------------------------------------
 (5) _INT2_ISR                                             0     0      0       0
 ---------------------------------------------------------------------------------
 (5) _INT1_ISR                                             0     0      0       0
 ---------------------------------------------------------------------------------
 (5) _INT0_ISR                                             0     0      0       0
 ---------------------------------------------------------------------------------
 (5) _EUSART_TX_ISR                                        0     0      0       0
 ---------------------------------------------------------------------------------
 (5) _EUSART_RX_ISR                                        0     0      0       0
 ---------------------------------------------------------------------------------
 (5) _CCP2_ISR                                             0     0      0       0
 ---------------------------------------------------------------------------------
 (5) _CCP1_ISR                                             0     0      0       0
 ---------------------------------------------------------------------------------
 (5) _ADC_ISR                                              0     0      0       0
 ---------------------------------------------------------------------------------
 Estimated maximum stack depth 5
 ---------------------------------------------------------------------------------

 Call Graph Graphs:

 _main (ROOT)
   _MSSP_I2C_Init
     _I2C_Master_Mode_Clock_Configurations
       ___fladd
         ___fldiv (ARG)
           ___xxtofl (ARG)
         ___xxtofl (ARG)
       ___fldiv
       ___fltol
         ___fladd (ARG)
         ___fldiv (ARG)
         ___xxtofl (ARG)
       ___xxtofl
     _I2C_Slave_Mode_Configurations
     _MSSP_I2C_Interrupt_Configurations
     _MSSP_I2C_Mode_GPIO_CFG
   _MSSP_I2C_Send_1_Byte
     _MSSP_I2C_Master_Send_Start
     _MSSP_I2C_Master_Send_Stop
     _MSSP_I2C_Master_Write_Blocking
   _application_intialize

 _InterruptManager (ROOT)
   _ADC_ISR
   _CCP1_ISR
   _CCP2_ISR
   _EUSART_RX_ISR
   _EUSART_TX_ISR
   _INT0_ISR
   _INT1_ISR
   _INT2_ISR
   _MSSP_I2C_BC_ISR
   _RB4_ISR
   _RB5_ISR
   _RB6_ISR
   _RB7_ISR
   _SPI_ISR
   _TMR0_ISR
   _TMR1_ISR
   _TMR2_ISR
   _TMR3_ISR

 Address spaces:
Name               Size   Autos  Total    Cost      Usage
BIGRAM             F7F      0       0      49        0.0%
EEDATA             400      0       0       0        0.0%
BITBANK14          100      0       0      33        0.0%
BANK14             100      0       0      34        0.0%
BITBANK13          100      0       0      31        0.0%
BANK13             100      0       0      32        0.0%
BITBANK12          100      0       0      29        0.0%
BANK12             100      0       0      30        0.0%
BITBANK11          100      0       0      27        0.0%
BANK11             100      0       0      28        0.0%
BITBANK10          100      0       0      25        0.0%
BANK10             100      0       0      26        0.0%
BITBANK9           100      0       0      23        0.0%
BANK9              100      0       0      24        0.0%
BITBANK8           100      0       0      21        0.0%
BANK8              100      0       0      22        0.0%
BITBANK7           100      0       0      19        0.0%
BANK7              100      0       0      20        0.0%
BITBANK6           100      0       0      17        0.0%
BANK6              100      0       0      18        0.0%
BITBANK5           100      0       0      15        0.0%
BANK5              100      0       0      16        0.0%
BITBANK4           100      0       0      13        0.0%
BANK4              100      0       0      14        0.0%
BITBANK3           100      0       0      10        0.0%
BANK3              100      0       0      11        0.0%
BITBANK2           100      0       0       8        0.0%
BANK2              100      0       0       9        0.0%
BITBANK1           100      0       0       6        0.0%
BANK1              100      0       0       7        0.0%
BITBANK15           80      0       0      35        0.0%
BANK15              80      0       0      36        0.0%
BITBANK0            80      0       0       4        0.0%
BANK0               80      0      57       5       68.0%
BITCOMRAM           7E      0       0       0        0.0%
COMRAM              7E     49      7D       1       99.2%
BITBIGSFRlhhhlh     18      0       0      38        0.0%
BITBIGSFRh           D      0       0      37        0.0%
BITBIGSFRllllhh      6      0       0      46        0.0%
BITBIGSFRlhhhlh      5      0       0      39        0.0%
BITBIGSFRlhllll      4      0       0      43        0.0%
BITBIGSFRlllllh      4      0       0      47        0.0%
BITBIGSFRlllhh       4      0       0      44        0.0%
BITBIGSFRllllll      4      0       0      48        0.0%
BITBIGSFRlhlllh      2      0       0      41        0.0%
BITBIGSFRlhllll      1      0       0      42        0.0%
BITBIGSFRlhhhlh      1      0       0      40        0.0%
BITBIGSFRlllhl       1      0       0      45        0.0%
BIGSFR               0      0       0     200        0.0%
BITSFR               0      0       0     200        0.0%
SFR                  0      0       0     200        0.0%
STACK                0      0       0       2        0.0%
NULL                 0      0       0       0        0.0%
ABS                  0      0      D4      12        0.0%
DATA                 0      0      D4       3        0.0%
CODE                 0      0       0       0        0.0%


Microchip Technology PIC18 Macro Assembler V2.45 build 20230818022343 
Symbol Table                                                                                   Tue Sep 17 10:06:36 2024

                          ??_InterruptManager 0002                                  ___fldiv@aexp 0028  
                                ___fldiv@bexp 0027                                  ___fldiv@sign 0020  
                                 _SSPSTATbits 0FC7                     _RB5_InterruptHandler_HIGH 005C  
                             __end_of_ADC_ISR 242C                           led_initialize@F3059 0078  
                       relay_initialize@F3053 0074                                           wreg 0FE8  
                    ??_MSSP_I2C_Mode_GPIO_CFG 0002                               __end_of_RB4_ISR 23D2  
                             __end_of_RB5_ISR 23B8                               __end_of_RB6_ISR 239E  
                             __end_of_RB7_ISR 2384                                  ___fltol@exp1 0042  
                                        l1110 1F28                                          l1200 2402  
                                        l1120 22DA                                          l1122 22E8  
                                        l1203 2170                                          l1140 22A8  
                                        l1125 22FE                                          l1206 2368  
                                        l1118 22D8                                          l1150 219E  
                                        l1119 22FC                                          l1143 22BE  
                                        l1136 2298                                          l1152 21AC  
                                        l2201 130E                                          l1209 227E  
                                        l1137 22BC                                          l2210 13DE  
                                        l1138 229A                                          l1146 219A  
                                        l2211 13CC                                          l1155 21D8  
                                        l1092 1E12                                          l2311 1C9C  
                                        l2240 1AA4                                          l2314 1DF8  
                                        l1098 1E88                                          l2251 1B62  
                                        l2243 1A68                                          l2252 1B50  
                                        l2325 1D90                                          l2238 1C44  
                                        l2318 1D34                                          l2184 11F4  
                                        l2193 14C4                                          l2185 11E2  
                                        l2249 1AEA                                          l2186 11A8  
                                        l1653 242C                 MSSP_I2C_Send_1_Byte@slave_add 0001  
                                        l1639 234E                                          l1953 202E  
                                        l5500 11B6                                          l5420 1032  
                                        l5412 1006                                          l5510 11E0  
                                        l5502 11C2                                          l5430 106C  
                                        l5422 1042                                          l5414 1012  
                                        l6222 232E                                          l6230 242C  
                                        l5600 1496                                          l5520 1236  
                                        l5512 1202                                          l5504 11C6  
                                        l5440 109A                                          l5432 1072  
                                        l5424 1052                                          l5416 1020  
                                        l6160 1E38                                          l6152 1DFA  
                                        l6224 232E                                          l5610 14B4  
                                        l5602 149C                                          l5530 1270  
                                        l5522 1244                                          l5514 1212  
                                        l5506 11D4                                          l5450 10CE  
                                        l5442 109C                                          l5434 1084  
                                        l5426 1054                                          l5418 1022  
                                        l6170 1E8E                                          l6162 1E50  
                                        l6154 1E0A                                          l6226 2336  
                                        l5604 149E                                          l5540 12DC  
                                        l5532 1272                                          l5524 1252  
                                        l5508 11D6                                          l5460 110A  
                                        l5444 10AC                                          l5452 10D6  
                                        l5436 1086                                          l5428 105C  
                                        l5700 1ACA                                          l5620 18C8  
                                        l6180 1EC6                                          l6172 1E9C  
                                        l6164 1E68                                          l6156 1E14  
                                        l6228 2346                                          l5606 14A4  
                                        l5550 1334                                          l5542 12DE  
                                        l5534 127C                                          l5526 125E  
                                        l5518 1226                                          l5470 111E  
                                        l5462 110E                                          l5454 10E6  
                                        l5446 10BC                                          l5438 108C  
                                        l5710 1B08                                          l5702 1AD0  
                                        l5622 18D8                                          l5630 1902  
                                        l5614 18AC                                          l6190 1F16  
                                        l6182 1EDE                                          l6166 1E6E  
                                        l6174 1EA4                                          l6158 1E2C  
                                        l5608 14B2                                          l5560 1362  
                                        l5544 12EE                                          l5528 1262  
                                        l5536 1282                                          l5480 1132  
                                        l5472 1122                                          l5464 1112  
                                        l5456 10F8                                          l5448 10CC  
                                        l5720 1B72                                          l5712 1B0C  
                                        l5704 1ADA                                          l5640 192E  
                                        l5632 1912                                          l5624 18E8  
                                        l5616 18B8                                          l5800 1C66  
                                        l6192 1F18                                          l6184 1EE0  
                                        l6176 1EA8                                          l6168 1E86  
                                        l5562 1370                                          l5554 1348  
                                        l5570 138E                                          l5538 12A8  
                                        l5546 12FE                                          l5482 1136  
                                        l5474 1126                                          l5466 1116  
                                        l5458 1106                                          l5490 1146  
                                        l5730 1BD4                                          l5722 1B7E  
                                        l5714 1B1A                                          l5706 1AE8  
                                        l5642 193E                                          l5650 1968  
                                        l5634 1918                                          l5626 18F8  
                                        l5618 18C6                                          l5810 1CDE  
                                        l5802 1CAC                                          l6194 1F20  
                                        l6186 1EF8                                          l6178 1EC0  
                                        l5564 1378                                          l5556 1352  
                                        l5548 1324                                          l5572 139C  
                                        l5492 114A                                          l5484 113A  
                                        l5476 112A                                          l5468 111A  
                                        l5740 1C32                                          l5732 1BEA  
                                        l5724 1B8C                                          l5716 1B48  
                                        l5708 1AFA                                          l5660 19AA  
                                        l5652 1978                                          l5644 194E  
                                        l5636 191E                                          l5628 18FA  
                                        l5820 1D66                                          l5812 1CEA  
                                        l5804 1CC2                                          l6196 1F22  
                                        l6188 1EFE                                          l5582 13EE  
                                        l5590 1444                                          l5574 13A0  
                                        l5566 137C                                          l5558 1360  
                                        l5494 1174                                          l5486 113E  
                                        l5478 112E                                          l5742 1C38  
                                        l5734 1C04                                          l5726 1BB6  
                                        l5654 198E                                          l5646 195E  
                                        l5638 192C                                          l5830 1DA4  
                                        l5822 1D72                                          l5814 1D1C  
                                        l6198 1F26                                          l5592 1454  
                                        l5584 13FA                                          l5576 13AE  
                                        l5568 138C                                          l5496 1190  
                                        l5488 1142                                          l5744 1C3A  
                                        l5736 1C20                                          l5728 1BBA  
                                        l5680 1A2C                                          l5672 19E2  
                                        l5656 199E                                          l5664 19BE  
                                        l5648 1960                                          l5760 1F7E  
                                        l5752 1F2A                                          l5832 1DC8  
                                        l5824 1D80                                          l5816 1D1E  
                                        l5808 1CD6                                          l7520 2042  
                                        l5594 1464                                          l5586 1408  
                                        l5578 13C4                                          l5498 11A0  
                                        l5738 1C24                                          l5690 1A72  
                                        l5682 1A34                                          l5674 19FC  
                                        l5666 19CE                                          l5658 19A6  
                                        l5762 1F80                                          l5754 1F40  
                                        l5834 1DD8                                          l5826 1D9E  
                                        l5818 1D2A                                          l7530 2070  
                                        l7522 2044                                          l7514 2030  
                                        l5596 1484                                          l5588 1442  
                                        l5692 1A90                                          l5684 1A44  
                                        l5676 1A0C                                          l5668 19CE  
                                        l5764 1F90                                          l5836 1DE6  
                                        l5828 1DA0                                          l5940 20F0  
                                        l7540 20BA                                          l7532 207A  
                                        l7524 204C                                          l7516 203A  
                                        l5598 1488                                          l5694 1A92  
                                        l5686 1A58                                          l5678 1A1C  
                                        l5790 200E                                          l5774 1FBA  
                                        l5766 1F94                                          l5758 1F54  
                                        l5838 1DE8                                          l5942 2350  
                                        l5950 227A                                          l7534 2090  
                                        l7526 2050                                          l7518 2040  
                                        l5696 1AA2                                          l5688 1A66  
                                        l5792 201E                                          l5784 1FE2  
                                        l5776 1FC4                                          l5768 1FA2  
                                        l5952 227C                                          l5944 23FE  
                                        l7536 209A                                          l7528 205A  
                                        l5698 1AB4                                          l5786 1FEE  
                                        l5778 1FCE                                          l5938 20D8  
                                        l5946 223C                                          l5954 22C0  
                                        l7538 20B0                                          l5788 1FFE  
                                        l5796 1C48                                          l5948 2244  
                                        l5956 22D0                                          l5964 2280  
                                        l5980 21BC                                          l5798 1C58  
                                        l5958 22F8                                          l5966 2290  
                                        l5982 21C8                                          l5974 2172  
                                        l5968 22B8                                          l5984 21D2  
                                        l5976 2182                                          l5986 21D6  
                                        l5978 2192                                          STR_1 1001  
                                        _LATA 0F89                                          _LATB 0F8A  
                                        _LATC 0F8B                                          _LATD 0F8C  
                                        _LATE 0F8D                                          u4100 1106  
                                        u4020 1020                                          u4101 1102  
                                        u4021 101C                                          u4110 1174  
                                        u4030 1032                                          u4111 1170  
                                        u4031 102E                                          u4200 1252  
                                        u4120 118C                                          u4040 1042  
                                        u5000 21BC                                          u4201 124E  
                                        u4121 1186                                          u4041 103E  
                                        u5001 21B8                                          u4210 1270  
                                        u4130 118E                                          u4050 1084  
                                        u4211 126C                                          u4051 1080  
                                        u4300 13AE                                          u4220 12A8  
                                        u4140 11B6                                          u4060 109A  
                                        u4301 13AA                                          u4221 12A4  
                                        u4141 11B2                                          u4061 1096  
                                        u4310 13C4                                          u4230 12EE  
                                        u4150 11D4                                          u4070 10AC  
                                        u4311 13C0                                          u4231 12EA  
                                        u4151 11D0                                          u4071 10A8  
                                        u4400 14B2                                          u4320 13DA  
                                        u4240 1324                                          u4160 11F4  
                                        u4080 10BC                                          u5200 1EC0  
                                        u4401 14AE                                          u4321 13D6  
                                        u4241 1320                                          u4161 11F0  
                                        u4081 10B8                                          u5201 1EBC  
                                        u4330 13EE                                          u4250 1334  
                                        u4170 1202                                          u4090 10F8  
                                        u4410 18C6                                          u5210 1EDE  
                                        u4331 13EA                                          u4251 1330  
                                        u4171 11FE                                          u4091 10F4  
                                        u4411 18C2                                          u5211 1EDA  
                                        u4340 1408                                          u4260 1360  
                                        u4180 1212                                          u4500 1A66  
                                        u4420 18D8                                          u5220 1EF8  
                                        u4341 1404                                          u4261 135C  
                                        u4181 120E                                          u4501 1A62  
                                        u4421 18D4                                          u5221 1EF4  
                                        u4350 1442                                          u4270 1370  
                                        u4190 1244                                          u4510 1A90  
                                        u4430 18E8                                          u5230 1F16  
                                        u5150 1E0A                                          u4351 143E  
                                        u4271 136C                                          u4191 1240  
                                        u4511 1A8C                                          u4431 18E4  
                                        u5231 1F12                                          u5151 1E06  
                                        u4360 1454                                          u4280 138C  
                                        u4600 1B8C                                          u4520 1AB4  
                                        u4440 192C                                          u5160 1E2C  
                                        u4361 1450                                          u4281 1388  
                                        u4601 1B88                                          u4521 1AB0  
                                        u4441 1928                                          u5161 1E28  
                                        u4370 1464                                          u4290 139C  
                                        u4610 1BD4                                          u4530 1ACA  
                                        u4450 193E                                          u5170 1E50  
                                        u4371 1460                                          u4291 1398  
                                        u4611 1BD0                                          u4531 1AC6  
                                        u4451 193A                                          u5171 1E4C  
                                        u4380 1484                                          u4620 1C04  
                                        u4540 1AE8                                          u4460 194E  
                                        u4700 200E                                          u5180 1E68  
                                        u4381 1480                                          u4621 1C00  
                                        u4541 1AE4                                          u4461 194A  
                                        u4701 200A                                          u5181 1E64  
                                        u4390 1496                                          u4630 1C32  
                                        u4550 1B08                                          u4470 198E  
                                        u4710 1C58                                          u5190 1E86  
                                        u4391 1492                                          u4631 1C2E  
                                        u4551 1B04                                          u4471 198A  
                                        u4711 1C54                                          u5191 1E82  
                                        u4560 1B1A                                          u4480 19CE  
                                        u4640 1F40                                          u4800 1DE6  
                                        u4720 1C66                                          u4561 1B16  
                                        u4481 19CA                                          u4641 1F3C  
                                        u4801 1DE2                                          u4721 1C62  
                                        u4570 1B48                                          u4490 1A44  
                                        u4650 1F74                                          u4730 1CC2  
                                        u4571 1B44                                          u4491 1A40  
                                        u4731 1CBE                                          u4580 1B5E  
                                        u4660 1FA2                                          u4740 1D18  
                                        u4581 1B5A                                          u4661 1F9E  
                                        u4741 1D14                                          u4590 1B72  
                                        u4670 1FB6                                          u4750 1D62  
                                        u4910 22D0                                          u4591 1B6E  
                                        u4671 1FB2                                          u4655 1F6A  
                                        u4751 1D5E                                          u4911 22CC  
                                        u4680 1FDE                                          u4760 1D80  
                                        u4920 22E8                                          u4681 1FDA  
                                        u4761 1D7C                                          u4921 22E4  
                                        u4690 1FFE                                          u4770 1D90  
                                        u4930 22F8                                          u4691 1FFA  
                                        u4771 1D8C                                          u4931 22F4  
                                        u4780 1D9E                                          u4940 2290  
                                        u4781 1D9A                                          u4941 228C  
                                        u7157 2064                                          u4790 1DD8  
                                        u4950 22A8                                          u4791 1DD4  
                                        u4951 22A4                                          u7167 2084  
                                        u4960 22B8                                          u4961 22B4  
                                        u7177 20A4                                          u4970 2182  
                                        u4971 217E                                          u7187 20C4  
                                        u4980 2192                                          u4981 218E  
                                        u4990 21AC                                          u4991 21A8  
                                        _TMR2 0FCC                       ??_application_intialize 0002  
                    _RB4_InterruptHandler_LOW 005E                                          _main 2030  
                            __end_of_CCP1_ISR 2428                              __end_of_CCP2_ISR 2424  
                             __end_of_SPI_ISR 240C                      _RB7_InterruptHandler_LOW 0052  
                                        fsr2h 0FDA                                          indf2 0FDF  
                                        fsr1l 0FE1                                          fsr2l 0FD9  
                                        btemp 007E                                          start 000E  
                             ___fldiv@new_exp 0021                                  ___param_bank 0000  
                            __end_of_INT0_ISR 241C                              __end_of_INT1_ISR 2418  
                            __end_of_INT2_ISR 2414                                 _EUSART_RX_ISR 242E  
                               ___fltol@sign1 0041                                 _EUSART_TX_ISR 241C  
                             __end_of___fladd 14C6                                         ?_main 0001  
                             __end_of___fldiv 1C46                                         _EEADR 0FA9  
                             __end_of___fltol 2030                   ??_MSSP_I2C_Master_Send_Stop 0003  
                                       i2l553 2426                                         i2l801 156C  
                                       i2l467 242A                                         i2l811 16C0  
                                       i2l803 15B0                                         i2l900 2412  
                                       i2l821 17A8                                         i2l813 1704  
                                       i2l805 15F4                                         i2l558 2422  
                                       i2l911 23D0                                         i2l831 1848  
                                       i2l823 17C8                                         i2l815 1748  
                                       i2l807 1638                                         i2l833 1868  
                                       i2l825 17E8                                         i2l817 1768  
                                       i2l809 167C                                         i2l922 23B6  
                                       i2l835 1888                                         i2l827 1808  
                                       i2l819 1788                                         i2l933 239C  
                                       i2l829 1828                                         i2l838 18A8  
                                       i2l944 2382                                         i2l890 241A  
                                       i2l795 14E8                                         i2l797 1508  
                                       i2l895 2416                                         i2l799 1528  
                                       _RCREG 0FAE                           relay_turn_off@F3065 0072  
                                       _TMR0H 0FD7                                         _TMR1H 0FCF  
                                       _TMR0L 0FD6                                         _TMR1L 0FCE  
                                       _TMR3H 0FB3                                         _TMR3L 0FB2  
                                       _SPBRG 0FAF                                         _PORTA 0F80  
                                       _PORTB 0F81                                         _PORTC 0F82  
                                       _PORTD 0F83                                         _PORTE 0F84  
                                       _TRISA 0F92                                         _TRISB 0F93  
                                       _TRISC 0F94                                         _TRISD 0F95  
                                       _TRISE 0F96                                         _TXREG 0FAD  
                            __end_of_TMR0_ISR 23F6                              __end_of_TMR1_ISR 23EA  
                            __end_of_TMR2_ISR 23FE                              __end_of_TMR3_ISR 23DE  
                                       tablat 0FF5                                         ttemp5 007F  
                                       ttemp6 0082                                         ttemp7 0086  
                                       status 0FD8                          _MSSP_I2C_Send_1_Byte 232E  
                                       wtemp8 007F                               __initialization 21DA  
      MSSP_I2C_Master_Write_Blocking@i2c_data 0003                                  __end_of_main 20D8  
                                   ??_ADC_ISR 0001                                ?_EUSART_RX_ISR 0001  
                              ?_EUSART_TX_ISR 0001                                 _lat_registers 009A  
                                      ??_main 0048                                 __activetblptr 0003  
                       _TMR3_InterruptHandler 00BC                              led_turn_on@F3065 0077  
                                   ??_RB4_ISR 0001                                     ??_RB5_ISR 0001  
                                   ??_RB6_ISR 0001                                     ??_RB7_ISR 0001  
                  _EUSART_OverrunErrorHandler 00B4                                     ??_SPI_ISR 0001  
                                      _ADRESH 0FC4                                        _EEADRH 0FAA  
                                      _ADRESL 0FC3                                        _EEDATA 0FA8  
                                      _CCPR1H 0FBF                                        _CCPR1L 0FBE  
                                      _EECON2 0FA7                  ??_MSSP_I2C_Master_Send_Start 0003  
                                      i2l1300 23F4                                        i2l1420 23FC  
                                      i2l3102 2420                                        i2l3120 2418  
                                      i2l1258 240A                                        i2l3132 2410  
                                      i2l3140 23BC                                        i2l1197 240E  
                                      i2l3126 2414                                        i2l1607 241E  
                                      i2l1616 242E                                        i2l3160 23B6  
                                      i2l3152 23A0                                        i2l3240 2408  
                                      i2l1464 23DC                                        i2l1369 23E8  
                                      i2l3242 240C                                        i2l3146 23D0  
                                      i2l3138 23BA                                        i2l3154 23A2  
                                      i2l3092 2428                                        i2l3180 236C  
                                      i2l3174 239C                                        i2l3166 2386  
                                      i2l3182 236E                                        i2l3096 2424  
                                      i2l3168 2388                                        i2l3188 2382  
                                      i2l6110 23F0                                        i2l7000 1698  
                                      i2l6106 23EA                                        i2l6114 23DE  
                                      i2l6122 23F6                                        i2l6130 23D8  
                                      i2l7010 16DC                                        i2l7002 16A6  
                                      i2l6140 242E                                        i2l6108 23EC  
                                      i2l6116 23E0                                        i2l7020 1720  
                                      i2l7012 16EA                                        i2l7004 16B6  
                                      i2l6134 241C                                        i2l6118 23E4  
                                      i2l6126 23D2                                        i2l7030 1764  
                                      i2l7022 172E                                        i2l7014 16FA  
                                      i2l7006 16BA                                        i2l6128 23D4  
                                      i2l7040 17B6                                        i2l7032 1776  
                                      i2l7024 173E                                        i2l7016 16FE  
                                      i2l7008 16CE                                        i2l7050 1804  
                                      i2l7042 17C4                                        i2l7034 1784  
                                      i2l7026 1742                                        i2l7018 1712  
                                      i2l7060 1856                                        i2l7052 1816  
                                      i2l7044 17D6                                        i2l7036 1796  
                                      i2l7028 1756                                        i2l7070 18A4  
                                      i2l7062 1864                                        i2l7054 1824  
                                      i2l7046 17E4                                        i2l7038 17A4  
                                      i2l7064 1876                                        i2l7056 1836  
                                      i2l7048 17F6                                        i2l7066 1884  
                                      i2l7058 1844                                        i2l7068 1896  
                                      i2l6940 14F6                                        i2l6950 1544  
                                      i2l6942 1504                                        i2l6934 14C8  
                                      i2l6960 1588                                        i2l6952 1552  
                                      i2l6944 1516                                        i2l6936 14D6  
                                      i2l6970 15CC                                        i2l6962 1596  
                                      i2l6954 1562                                        i2l6946 1524  
                                      i2l6938 14E4                                        i2l6980 1610  
                                      i2l6972 15DA                                        i2l6964 15A6  
                                      i2l6956 1566                                        i2l6948 1536  
                                      i2l6990 1654                                        i2l6982 161E  
                                      i2l6974 15EA                                        i2l6966 15AA  
                                      i2l6958 157A                                        i2l6992 1662  
                                      i2l6984 162E                                        i2l6976 15EE  
                                      i2l6968 15BE                                        i2l6994 1672  
                                      i2l6986 1632                                        i2l6978 1602  
                                      i2l6996 1676                                        i2l6988 1646  
                                      i2l6998 168A                         ?_MSSP_I2C_Send_1_Byte 0006  
                                      _SPBRGH 0FB0                     _MSSP_I2C_Master_Send_Stop 2280  
                                      _SSPADD 0FC8                                        _SSPBUF 0FC9  
                            __end_of___xxtofl 1DFA                         __end_of_MSSP_I2C_Init 1F2A  
__end_of_I2C_Master_Mode_Clock_Configurations 2172        ??_I2C_Master_Mode_Clock_Configurations 0044  
       ?_I2C_Master_Mode_Clock_Configurations 0043          _I2C_Master_Mode_Clock_Configurations 20D8  
                                   ??___fladd 0031                                     ??___fldiv 0018  
                                   ??___fltol 003D                                        clear_0 2220  
                                      clear_1 222C                                        isa$std 0001  
 _I2C_Report_Receive_Overflow_InterruptHandle 00C6                                     ?_CCP1_ISR 0001  
                                __pdataCOMRAM 007A                                     ?_CCP2_ISR 0001  
                                __mediumconst 0000                                        tblptrh 0FF7  
                                      tblptrl 0FF6                                        tblptru 0FF8  
                                ___xxtofl@arg 000C                                  ___xxtofl@exp 000B  
                                ___xxtofl@val 0002                                    __accesstop 0080  
                     __end_of__initialization 2232                                     ?_INT0_ISR 0001  
                                   ?_INT1_ISR 0001                                     ?_INT2_ISR 0001  
                               ___rparam_used 0001                                    ___fltol@f1 0039  
            ??_MSSP_I2C_Master_Write_Blocking 0005               ?_MSSP_I2C_Master_Write_Blocking 0002  
                           RB5_ISR@RB5_Source 0001                                __pcstackCOMRAM 0001  
                      _MSSP_I2C_Mode_GPIO_CFG 23FE            MSSP_I2C_Master_Write_Blocking@_ack 0004  
                  _I2C_DefaultInterruptHandle 00C8                                  __pidataBANK0 2300  
                                   ?_TMR0_ISR 0001                               ??_EUSART_RX_ISR 0001  
       MSSP_I2C_Master_Write_Blocking@i2c_obj 0002                                     ?_TMR1_ISR 0001  
                                   ?_TMR2_ISR 0001                                     ?_TMR3_ISR 0001  
                             ??_EUSART_TX_ISR 0001                 MSSP_I2C_Master_Send_Start@ret 0003  
                                  ??_CCP1_ISR 0001                                    ??_CCP2_ISR 0001  
                      ??_MSSP_I2C_Send_1_Byte 0007                                    __pbssBANK0 00AE  
                       _INT0_InterruptHandler 0066                                    ??_INT0_ISR 0001  
                                  ??_INT1_ISR 0001                                    ??_INT2_ISR 0001  
               __end_of_application_intialize 242E                                    ??_TMR0_ISR 0001  
                                  ??_TMR1_ISR 0001                                    ??_TMR2_ISR 0001  
                                  ??_TMR3_ISR 0001             MSSP_I2C_Master_Write_Blocking@ret 0005  
                           led_turn_off@F3071 0076                                       _ADC_ISR 2428  
                           RB7_ISR@RB7_Source 0001                                       _RB4_ISR 23B8  
                                     _RB5_ISR 239E                               _master_rec_data 0070  
                                     _RB6_ISR 2384                                       _RB7_ISR 236A  
                                   ?___xxtofl 0002                     _RB6_InterruptHandler_HIGH 0058  
                        led_turn_toggle@F3077 0075            __end_of_MSSP_I2C_Master_Send_Start 2300  
                  _MSSP_I2C_Master_Send_Start 22C0                                       _SPI_ISR 2408  
                              _tris_registers 00A4               ??_I2C_Slave_Mode_Configurations 0003  
                    _RB6_InterruptHandler_LOW 0056                                       _i2c_obj 00CA  
                           ??_MSSP_I2C_BC_ISR 0001                          _ADC_InterruptHandler 006E  
                                     __Hparam 0000                                       __Lparam 0000  
                                     ___fladd 1006                                       ___fldiv 18AC  
                                     ___fltol 1F2A                                  __psmallconst 1000  
                                     __pcinit 21DA                                       __ramtop 1000  
                                     __ptext0 2030                                       __ptext1 242C  
                                     __ptext2 232E                                       __ptext3 2172  
                                     __ptext4 2280                                       __ptext5 22C0  
                                     __ptext6 1DFA                                       __ptext7 23FE  
                                     __ptext8 223C                                       __ptext9 2350  
                                   _T0CONbits 0FD5                                     _T1CONbits 0FCD  
                                   _T2CONbits 0FCA                                    ??___xxtofl 0006  
                                   _T3CONbits 0FB1              MSSP_I2C_Master_Send_Stop@i2c_obj 0002  
                              __pintcode_body 14C6                          end_of_initialization 2232  
                                     int_func 14C6                                     _RCSTAbits 0FAB  
                                     postdec1 0FE5                                       postdec2 0FDD  
                                     postinc0 0FEE                                       postinc2 0FDE  
                       _INT1_InterruptHandler 0064                                     _PORTBbits 0F81  
                            _InterruptManager 0008                                   ___fladd@grs 0038  
                               ___xxtofl@sign 000A                                     _TRISCbits 0F94  
                                 ___fldiv@grs 0023                                   ___fldiv@rem 001C  
                   MSSP_I2C_Send_1_Byte@_data 0006                  _SPI_InterruptHandler_Callbak 00C4  
                                 _CCP1CONbits 0FBD                                   _CCP2CONbits 0FBA  
                                   _TXSTAbits 0FAC                       ?_MSSP_I2C_Mode_GPIO_CFG 0001  
                          relay_turn_on@F3059 0073         __end_of_I2C_Slave_Mode_Configurations 236A  
               _I2C_Slave_Mode_Configurations 2350                 convert_uint16_to_string@F3208 00AE  
                                 _BAUDCONbits 0FB8                                 __pidataCOMRAM 2404  
                              _timer0_preload 004E                                _timer1_preload 004C  
                              _timer2_preload 0071                           start_initialization 21DA  
                              _timer3_preload 004A                __end_of_MSSP_I2C_Mode_GPIO_CFG 2404  
                   _EUSART_RxInterruptHandler 00B8             CCP1_Capture_Mode_Read_Value@F3119 0068  
                  _EUSART_FramingErrorHandler 00B6                                   __pdataBANK0 0080  
                                    ?_ADC_ISR 0001                         __end_of_EUSART_RX_ISR 2430  
                       __end_of_EUSART_TX_ISR 2420                                     ___fladd@a 002D  
                                   ___fladd@b 0029                          MSSP_I2C_Init@i2c_obj 0046  
                                   ___fldiv@a 0014                                     ___fldiv@b 0010  
                                    ?_RB4_ISR 0001                                      ?_RB5_ISR 0001  
                                    ?_RB6_ISR 0001                                      ?_RB7_ISR 0001  
                                 __pbssCOMRAM 004A   _I2C_Report_Write_Collision_InterruptHandler 0050  
                             _MSSP_I2C_BC_ISR 240C                   ?_MSSP_I2C_Master_Send_Start 0002  
                                    ?_SPI_ISR 0001                                _button_matrics 0080  
                       _INT2_InterruptHandler 0062                         _TMR0_InterruptHandler 00C2  
                               _MSSP_I2C_Init 1DFA                         _application_intialize 242C  
                                   __pintcode 0008                                      ?___fladd 0029  
                                    ?___fldiv 0010                                      ?___fltol 0039  
              ?_I2C_Slave_Mode_Configurations 0002                                   __smallconst 1000  
                   _RB4_InterruptHandler_HIGH 0060                                      _CCP1_ISR 2424  
                                    _CCP2_ISR 2420                     _RB7_InterruptHandler_HIGH 0054  
                    _RB5_InterruptHandler_LOW 005A                                      _INT0_ISR 2418  
                                    _INT1_ISR 2414                                      _INT2_ISR 2410  
                                    _RB4_Flag 007D                                      _RB5_Flag 007C  
                                    _RB6_Flag 007B                                      _RB7_Flag 007A  
                           RB4_ISR@RB4_Source 0001                      __end_of_InterruptManager 18AC  
                                    _PIE1bits 0F9D                                      _PIE2bits 0FA0  
                              ?_MSSP_I2C_Init 0046      MSSP_I2C_Interrupt_Configurations@i2c_obj 0002  
                                    i2u124_40 23CC                                      i2u124_41 23C8  
                                    i2u125_40 23B2                                      i2u125_41 23AE  
                                    i2u126_40 2398                                      i2u126_41 2394  
                                    i2u127_40 237E                                      i2u127_41 237A  
                                    _PIR1bits 0F9E                                      _PIR2bits 0FA1  
                                    i2u620_40 1552                                      i2u612_40 14D6  
                                    i2u620_41 154E                                      i2u612_41 14D2  
                                    i2u621_40 1562                                      i2u613_40 14E4  
                                    i2u621_41 155E                                      i2u613_41 14E0  
                                    i2u630_40 1602                                      i2u622_40 157A  
                                    i2u614_40 14F6                                      i2u630_41 15FE  
                                    i2u622_41 1576                                      i2u614_41 14F2  
                                    i2u631_40 1610                                      i2u623_40 1588  
                                    i2u615_40 1504                                      i2u631_41 160C  
                                    i2u623_41 1584                                      i2u615_41 1500  
                                    i2u640_40 16A6                                      i2u632_40 161E  
                                    i2u624_40 1596                                      i2u616_40 1516  
                                    i2u640_41 16A2                                      i2u632_41 161A  
                                    i2u624_41 1592                                      i2u616_41 1512  
                                    i2u641_40 16B6                                      i2u633_40 162E  
                                    i2u625_40 15A6                                      i2u617_40 1524  
                                    i2u641_41 16B2                                      i2u633_41 162A  
                                    i2u625_41 15A2                                      i2u617_41 1520  
                                    i2u650_40 1756                                      i2u642_40 16CE  
                                    i2u634_40 1646                                      i2u626_40 15BE  
                                    i2u618_40 1536                                      i2u650_41 1752  
                                    i2u642_41 16CA                                      i2u634_41 1642  
                                    i2u626_41 15BA                                      i2u618_41 1532  
                                    i2u651_40 1764                                      i2u643_40 16DC  
                                    i2u635_40 1654                                      i2u627_40 15CC  
                                    i2u619_40 1544                                      i2u651_41 1760  
                                    i2u643_41 16D8                                      i2u635_41 1650  
                                    i2u627_41 15C8                                      i2u619_41 1540  
                                    i2u660_40 17F6                                      i2u652_40 1776  
                                    i2u644_40 16EA                                      i2u636_40 1662  
                                    i2u628_40 15DA                                      i2u660_41 17F2  
                                    i2u652_41 1772                                      i2u644_41 16E6  
                                    i2u636_41 165E                                      i2u628_41 15D6  
                                    i2u661_40 1804                                      i2u653_40 1784  
                                    i2u645_40 16FA                                      i2u637_40 1672  
                                    i2u629_40 15EA                                      i2u661_41 1800  
                                    i2u653_41 1780                                      i2u645_41 16F6  
                                    i2u637_41 166E                                      i2u629_41 15E6  
                                    i2u670_40 1896                                      i2u662_40 1816  
                                    i2u654_40 1796                                      i2u646_40 1712  
                                    i2u638_40 168A                                      i2u670_41 1892  
                                    i2u662_41 1812                                      i2u654_41 1792  
                                    i2u646_41 170E                                      i2u638_41 1686  
                                    i2u671_40 18A4                                      i2u663_40 1824  
                                    i2u655_40 17A4                                      i2u647_40 1720  
                                    i2u639_40 1698                                      i2u671_41 18A0  
                                    i2u663_41 1820                                      i2u655_41 17A0  
                                    i2u647_41 171C                                      i2u639_41 1694  
                                    i2u664_40 1836                                      i2u656_40 17B6  
                                    i2u648_40 172E                                      i2u664_41 1832  
                                    i2u656_41 17B2                                      i2u648_41 172A  
                                    i2u665_40 1844                                      i2u657_40 17C4  
                                    i2u649_40 173E                                      i2u665_41 1840  
                                    i2u657_41 17C0                                      i2u649_41 173A  
                                    i2u666_40 1856                                      i2u658_40 17D6  
                                    i2u666_41 1852                                      i2u658_41 17D2  
                                    i2u667_40 1864                                      i2u659_40 17E4  
                                    i2u667_41 1860                                      i2u659_41 17E0  
                                    i2u668_40 1876                                      i2u668_41 1872  
                                    i2u669_40 1884                                      i2u669_41 1880  
                                   _slave_ack 0079                                      _TMR0_ISR 23EA  
                                    _TMR1_ISR 23DE                                      _TMR2_ISR 23F6  
                                    _TMR3_ISR 23D2          I2C_Slave_Mode_Configurations@i2c_obj 0002  
                                  _ADCON0bits 0FC2                                    _ADCON1bits 0FC1  
                                  _ADCON2bits 0FC0                       __end_of_MSSP_I2C_BC_ISR 2410  
                                 _INTCON2bits 0FF1                                   _INTCON3bits 0FF0  
                                   copy_data0 21EE                                     copy_data1 220E  
                                  _EECON1bits 0FA6                              MSSP_I2C_Init@ret 0047  
                      ?_application_intialize 0001                                      __Hrparam 0000  
                                    __Lrparam 0000                             RB6_ISR@RB6_Source 0001  
                       _CCP1_InterruptHandler 006C                    ?_MSSP_I2C_Master_Send_Stop 0002  
                       _TMR1_InterruptHandler 00C0             MSSP_I2C_Master_Send_Start@i2c_obj 0002  
                                    ___xxtofl 1C46                                      __ptext10 20D8  
                                    __ptext11 1C46                                      __ptext20 2408  
                                    __ptext12 1F2A                                      __ptext21 236A  
                                    __ptext13 18AC                                      __ptext30 242E  
                                    __ptext22 2384                                      __ptext14 1006  
                                    __ptext31 2420                                      __ptext23 239E  
                                    __ptext32 2424                                      __ptext24 23B8  
                                    __ptext16 23D2                                      __ptext33 2428  
                                    __ptext25 240C                                      __ptext17 23F6  
                                    __ptext26 2410                                      __ptext18 23DE  
                                    __ptext27 2414                                      __ptext19 23EA  
                                    __ptext28 2418                                      __ptext29 241C  
 I2C_Master_Mode_Clock_Configurations@i2c_obj 0043                  MSSP_I2C_Master_Send_Stop@ret 0003  
                             ??_MSSP_I2C_Init 0047                                      isa$xinst 0000  
                                    int$flags 007E                              ?_MSSP_I2C_BC_ISR 0001  
           __end_of_MSSP_I2C_Master_Send_Stop 22C0                                    _INTCONbits 0FF2  
                                    intlevel2 0000                     _EUSART_TxInterruptHandler 00BA  
                __end_of_MSSP_I2C_Send_1_Byte 2350     __end_of_MSSP_I2C_Interrupt_Configurations 2280  
         ??_MSSP_I2C_Interrupt_Configurations 0003            ?_MSSP_I2C_Interrupt_Configurations 0002  
           _MSSP_I2C_Interrupt_Configurations 223C                                _port_registers 0090  
      __end_of_MSSP_I2C_Master_Write_Blocking 21DA                _MSSP_I2C_Master_Write_Blocking 2172  
                                 _SSPCON1bits 0FC6                                   _SSPCON2bits 0FC5  
                               ___fladd@signs 0035                         _CCP2_InterruptHandler 006A  
                                ___fladd@aexp 0036                                  ___fladd@bexp 0037  
                       _TMR2_InterruptHandler 00BE                             ?_InterruptManager 0001  
